ID,RRI_A,RRI_C,RRI_D,RRI_E,RRI_F,RRI_G,RRI_H,RRI_I,RRI_K,RRI_L,RRI_M,RRI_N,RRI_P,RRI_Q,RRI_R,RRI_S,RRI_T,RRI_V,RRI_W,RRI_Y
seq0,1.00,0.00,1.00,1.50,1.00,0.00,0.00,1.00,1.00,1.33,1.00,1.00,0.00,1.40,1.00,1.00,1.00,1.00,1.00,1.00, 
seq1,1.00,0.00,1.00,1.50,1.00,1.00,0.00,1.00,1.00,1.33,1.00,1.00,0.00,1.40,0.00,1.00,1.00,1.00,1.00,1.00, 
seq2,1.00,0.00,1.00,1.40,1.00,0.00,0.00,1.00,1.00,1.40,1.00,1.00,0.00,1.33,1.00,0.00,1.00,1.00,1.00,1.00, 
seq3,0.00,1.29,0.00,1.00,0.00,1.00,1.00,1.00,1.25,1.00,0.00,1.00,1.00,1.00,1.00,0.00,1.00,1.00,0.00,1.00, 
seq4,1.00,1.00,1.00,1.00,1.00,0.00,1.00,0.00,1.00,1.00,1.00,0.00,1.00,0.00,1.40,1.00,1.50,1.40,0.00,0.00, 
seq5,1.00,1.00,1.00,1.00,0.00,1.00,0.00,1.00,1.00,1.00,0.00,1.00,1.67,1.00,1.00,0.00,1.00,1.40,0.00,1.00, 
seq6,1.00,0.00,1.00,1.00,1.00,1.00,1.00,0.00,1.67,1.33,0.00,1.00,1.00,0.00,1.67,1.00,1.00,1.00,0.00,1.00, 
seq7,0.00,0.00,0.00,1.62,1.00,0.00,0.00,0.00,1.67,1.00,1.00,1.00,0.00,1.00,1.00,1.00,1.00,2.00,1.00,0.00, 
seq8,1.00,0.00,1.00,1.00,1.00,1.00,0.00,0.00,1.00,1.00,1.00,1.00,1.00,1.57,1.00,1.00,1.00,2.00,1.00,0.00, 
seq9,0.00,0.00,1.00,1.00,1.00,1.00,0.00,1.40,1.40,1.00,1.00,1.50,0.00,1.40,0.00,0.00,1.00,1.00,1.00,1.00, 
seq10,0.00,0.00,1.00,1.00,1.00,1.00,0.00,1.33,1.40,1.00,1.00,1.50,0.00,1.33,0.00,0.00,1.00,1.00,1.00,1.00, 
seq11,0.00,0.00,1.00,1.00,1.00,1.00,1.00,1.40,1.00,1.00,1.00,1.33,0.00,1.40,0.00,0.00,1.00,1.00,1.00,1.00, 
seq12,0.00,0.00,1.00,1.00,1.00,1.00,0.00,1.40,1.33,1.00,1.00,1.67,0.00,1.44,0.00,0.00,1.00,1.00,1.00,1.00, 
seq13,1.00,0.00,0.00,0.00,0.00,1.00,1.00,1.00,0.00,1.00,1.00,0.00,0.00,1.00,0.00,0.00,1.00,1.00,0.00,1.00, 
seq14,1.00,1.00,0.00,0.00,0.00,1.00,0.00,0.00,1.00,0.00,1.00,1.00,1.00,0.00,1.00,2.67,1.00,0.00,0.00,1.00, 
seq15,1.00,0.00,0.00,1.00,1.00,1.50,0.00,1.00,1.67,1.00,0.00,1.00,0.00,0.00,1.00,0.00,1.00,0.00,1.00,0.00, 
seq16,1.00,0.00,0.00,1.00,1.00,1.00,0.00,1.00,1.67,1.00,0.00,1.00,1.00,0.00,1.00,0.00,1.00,0.00,1.00,0.00, 
seq17,1.00,0.00,0.00,1.00,1.00,1.50,0.00,1.00,1.67,1.00,0.00,1.00,1.00,0.00,1.00,0.00,1.00,0.00,1.00,0.00, 
seq18,1.00,0.00,0.00,1.00,1.00,1.50,0.00,1.00,1.67,1.00,0.00,0.00,1.00,0.00,1.00,0.00,1.00,0.00,1.00,0.00, 
seq19,1.00,0.00,0.00,1.00,1.00,1.00,0.00,1.00,1.67,1.00,0.00,1.00,1.00,0.00,0.00,0.00,1.00,0.00,1.00,0.00, 
seq20,1.00,0.00,0.00,1.00,1.00,1.00,0.00,0.00,1.67,1.00,0.00,1.00,1.00,0.00,1.00,0.00,1.00,0.00,1.00,0.00, 
seq21,1.00,0.00,0.00,1.00,1.00,1.00,0.00,1.00,1.67,1.00,0.00,1.00,1.00,0.00,1.00,0.00,1.00,0.00,1.00,0.00, 
seq22,1.00,0.00,0.00,1.00,1.00,1.00,0.00,1.00,1.67,1.00,0.00,1.00,1.00,0.00,1.00,0.00,1.00,0.00,1.00,0.00, 
seq23,1.00,0.00,0.00,1.00,1.00,1.00,0.00,1.00,1.00,1.00,0.00,1.00,1.00,0.00,1.00,0.00,1.00,0.00,1.00,0.00, 
seq24,1.00,0.00,0.00,1.00,1.00,1.00,0.00,1.00,1.67,1.00,0.00,1.00,1.00,0.00,1.00,0.00,1.00,0.00,1.00,0.00, 
seq25,1.00,0.00,0.00,1.00,0.00,1.00,0.00,1.00,1.67,1.00,0.00,1.00,1.00,0.00,1.00,0.00,1.00,0.00,1.00,0.00, 
seq26,1.00,0.00,0.00,1.00,1.00,1.00,0.00,1.00,1.67,1.00,0.00,1.00,1.00,0.00,1.00,0.00,1.00,0.00,1.00,0.00, 
seq27,1.00,0.00,0.00,1.00,1.00,1.00,0.00,1.00,1.67,1.00,0.00,1.00,1.00,0.00,1.00,0.00,1.00,0.00,1.00,0.00, 
seq28,1.00,0.00,0.00,1.00,1.00,1.00,0.00,1.00,1.67,1.00,0.00,1.00,1.00,0.00,1.00,0.00,1.00,0.00,1.00,0.00, 
seq29,1.00,1.00,0.00,1.00,1.00,1.00,0.00,1.00,1.67,1.00,0.00,0.00,0.00,1.00,1.40,0.00,1.00,0.00,1.00,0.00, 
seq30,1.00,0.00,0.00,1.00,1.00,1.50,0.00,1.00,1.67,1.00,0.00,1.00,1.00,0.00,1.00,0.00,1.00,0.00,1.00,0.00, 
seq31,1.00,0.00,0.00,0.00,0.00,1.00,1.00,1.00,0.00,1.00,1.00,0.00,0.00,0.00,0.00,1.00,1.00,1.00,0.00,0.00, 
seq32,1.00,0.00,0.00,1.00,1.00,1.00,0.00,1.00,1.00,1.00,1.00,0.00,0.00,1.00,0.00,0.00,1.00,1.00,0.00,1.00, 
seq33,0.00,0.00,0.00,0.00,0.00,1.29,0.00,1.00,1.00,1.33,0.00,1.00,1.00,1.00,0.00,0.00,0.00,0.00,0.00,1.00, 
seq34,0.00,1.00,0.00,0.00,0.00,1.33,0.00,1.00,0.00,1.77,0.00,0.00,1.00,0.00,0.00,0.00,0.00,1.00,0.00,0.00, 
seq35,0.00,0.00,1.00,1.00,0.00,1.00,0.00,1.00,1.00,1.00,0.00,1.00,0.00,1.40,1.00,0.00,1.00,1.00,1.00,0.00, 
seq36,1.67,0.00,1.00,1.50,0.00,0.00,0.00,1.00,1.00,1.67,1.00,0.00,1.00,0.00,1.50,0.00,0.00,1.00,0.00,1.00, 
seq37,1.00,0.00,0.00,1.00,1.00,1.00,0.00,1.00,0.00,1.00,0.00,1.00,1.00,1.00,1.50,1.00,0.00,0.00,1.00,1.00, 
seq38,1.00,1.00,0.00,0.00,0.00,1.00,0.00,1.00,1.00,1.00,1.00,1.00,1.00,0.00,1.00,1.00,1.00,0.00,1.00,1.00, 
seq39,1.00,0.00,0.00,1.00,0.00,1.00,1.00,1.00,1.00,1.00,0.00,1.67,0.00,1.00,1.00,0.00,1.00,1.00,0.00,0.00, 
seq40,0.00,1.00,0.00,1.00,0.00,1.00,0.00,1.00,1.00,0.00,0.00,1.00,1.00,1.00,1.33,0.00,1.00,0.00,1.00,0.00, 
seq41,1.40,0.00,0.00,0.00,0.00,0.00,1.00,1.00,1.00,1.00,1.00,0.00,1.00,0.00,1.50,1.00,1.00,1.00,0.00,1.00, 
seq42,1.00,0.00,0.00,0.00,0.00,0.00,1.00,0.00,1.00,1.00,1.00,1.00,1.67,0.00,0.00,0.00,1.00,0.00,1.00,0.00, 
seq43,1.00,1.67,0.00,1.00,1.00,0.00,1.00,0.00,1.00,1.00,0.00,0.00,1.00,0.00,1.67,1.00,0.00,1.00,0.00,1.00, 
seq44,1.00,0.00,0.00,1.00,1.00,0.00,0.00,1.00,1.00,2.11,0.00,0.00,0.00,0.00,0.00,1.00,0.00,1.00,1.00,1.00, 
seq45,0.00,1.00,1.00,1.00,1.00,0.00,0.00,1.00,1.00,1.40,0.00,0.00,0.00,0.00,1.00,1.00,0.00,0.00,1.00,0.00, 
seq46,0.00,1.00,1.00,1.00,1.00,0.00,0.00,1.00,1.00,1.40,0.00,0.00,0.00,0.00,1.00,1.00,0.00,0.00,1.00,0.00, 
seq47,0.00,1.00,1.00,1.00,1.00,0.00,0.00,0.00,1.00,1.00,0.00,0.00,0.00,0.00,1.00,1.00,0.00,1.00,1.00,0.00, 
seq48,0.00,1.00,1.00,1.00,1.00,1.00,0.00,1.00,1.00,1.00,0.00,0.00,0.00,0.00,1.00,1.00,0.00,1.00,1.00,0.00, 
seq49,0.00,1.00,1.00,1.00,1.00,0.00,0.00,1.00,1.00,1.00,0.00,0.00,0.00,0.00,1.00,1.00,1.00,1.00,1.00,0.00, 
seq50,0.00,1.00,1.00,1.00,1.00,0.00,0.00,1.00,1.00,1.00,0.00,0.00,0.00,0.00,1.00,1.00,0.00,1.00,1.00,0.00, 
seq51,0.00,1.00,1.00,1.00,1.00,0.00,0.00,1.00,1.00,1.00,0.00,0.00,0.00,0.00,1.00,1.00,0.00,1.00,1.00,0.00, 
seq52,0.00,1.00,1.50,1.00,1.00,0.00,0.00,1.00,1.00,1.00,0.00,0.00,0.00,0.00,1.00,1.00,0.00,1.00,1.00,0.00, 
seq53,0.00,1.00,1.00,1.00,1.00,0.00,0.00,1.00,1.00,1.00,0.00,0.00,0.00,0.00,1.00,1.00,0.00,1.00,1.00,0.00, 
seq54,0.00,1.00,1.00,0.00,1.00,0.00,0.00,1.00,1.00,1.00,0.00,0.00,0.00,0.00,1.00,1.00,1.00,1.00,1.00,0.00, 
seq55,0.00,1.00,1.00,0.00,1.00,0.00,0.00,1.00,1.00,1.00,0.00,0.00,0.00,0.00,1.00,1.00,1.00,1.00,1.00,0.00, 
seq56,0.00,1.00,1.00,0.00,1.00,0.00,0.00,1.67,1.00,1.00,0.00,0.00,0.00,0.00,1.00,1.00,0.00,1.50,1.00,0.00, 
seq57,0.00,0.00,1.00,1.00,1.00,0.00,1.00,0.00,1.00,1.00,0.00,0.00,0.00,0.00,0.00,1.00,0.00,1.00,1.00,0.00, 
seq58,0.00,1.00,1.00,0.00,1.00,0.00,0.00,0.00,1.00,1.00,0.00,0.00,0.00,0.00,1.00,1.00,1.00,1.00,1.00,0.00, 
seq59,0.00,1.00,1.40,1.00,1.00,0.00,0.00,1.00,0.00,1.00,0.00,0.00,0.00,0.00,0.00,1.00,0.00,1.00,1.00,0.00, 
seq60,0.00,1.00,1.00,1.00,1.00,0.00,0.00,1.00,1.00,1.00,0.00,0.00,0.00,0.00,1.00,1.00,0.00,1.00,1.00,0.00, 
seq61,0.00,1.00,1.00,0.00,1.00,0.00,0.00,1.00,1.00,1.00,0.00,0.00,0.00,0.00,1.00,1.00,0.00,1.00,1.00,0.00, 
seq62,1.00,0.00,1.00,1.40,0.00,0.00,0.00,1.00,1.00,1.00,0.00,1.00,1.00,1.00,1.67,1.00,0.00,1.00,1.00,0.00, 
seq63,1.00,0.00,0.00,0.00,1.00,0.00,1.00,1.00,1.00,0.00,0.00,1.67,1.00,0.00,1.00,0.00,1.00,0.00,1.00,0.00, 
seq64,1.00,1.00,0.00,1.00,1.00,1.00,0.00,1.00,1.00,1.00,1.00,1.00,0.00,0.00,0.00,1.00,1.00,1.00,0.00,1.00, 
seq65,1.00,1.00,0.00,1.00,1.00,1.00,0.00,1.00,1.00,0.00,0.00,1.00,1.00,0.00,1.00,1.00,1.00,1.00,0.00,1.00, 
seq66,0.00,1.00,0.00,0.00,1.00,1.00,1.67,0.00,0.00,1.00,0.00,0.00,1.00,1.00,1.00,1.00,1.00,1.00,0.00,0.00, 
seq67,1.00,1.00,1.00,0.00,1.00,1.00,0.00,1.00,0.00,1.00,0.00,1.00,0.00,0.00,0.00,1.00,0.00,1.00,1.00,1.00, 
seq68,1.00,1.00,1.00,0.00,1.00,1.00,0.00,0.00,0.00,0.00,0.00,1.00,1.00,1.00,0.00,0.00,0.00,1.00,1.00,0.00, 
seq69,1.00,0.00,1.00,1.25,0.00,0.00,1.00,1.00,1.00,1.33,0.00,1.40,0.00,1.40,1.00,1.00,1.00,0.00,1.00,1.00, 
seq70,1.00,0.00,0.00,1.67,1.00,0.00,0.00,0.00,1.67,1.00,0.00,1.00,0.00,0.00,0.00,1.00,0.00,0.00,1.00,0.00, 
seq71,1.00,1.00,1.00,1.00,1.00,1.00,1.00,0.00,1.00,0.00,1.00,0.00,0.00,1.00,0.00,1.00,0.00,0.00,0.00,0.00, 
seq72,1.67,1.00,1.40,1.00,1.00,1.00,0.00,1.00,1.00,1.00,0.00,1.00,1.00,0.00,1.00,1.00,1.00,1.00,0.00,1.00, 
seq73,0.00,1.00,0.00,0.00,1.00,1.00,0.00,1.00,0.00,0.00,0.00,0.00,0.00,0.00,1.00,0.00,1.00,0.00,0.00,0.00, 
seq74,0.00,1.00,0.00,0.00,1.00,1.00,0.00,1.00,0.00,1.00,0.00,0.00,0.00,0.00,1.33,0.00,1.00,1.00,0.00,0.00, 
seq75,1.40,0.00,0.00,1.00,0.00,1.33,1.00,1.00,1.00,1.00,0.00,0.00,0.00,0.00,0.00,1.00,1.00,0.00,0.00,1.00, 
seq76,1.00,0.00,0.00,1.00,0.00,1.33,0.00,1.00,1.00,1.00,0.00,1.00,0.00,0.00,0.00,1.00,1.00,1.00,0.00,1.00, 
seq77,0.00,0.00,1.00,1.00,1.00,1.00,0.00,1.00,1.00,1.00,0.00,1.00,0.00,1.00,1.00,0.00,0.00,1.00,0.00,0.00, 
seq78,0.00,0.00,1.00,1.00,1.00,1.00,0.00,1.00,1.00,1.00,0.00,1.00,0.00,1.00,1.00,0.00,0.00,1.00,0.00,0.00, 
seq79,1.00,0.00,0.00,0.00,1.00,1.00,0.00,1.00,1.00,1.00,1.00,1.00,0.00,0.00,0.00,1.00,0.00,1.40,1.00,1.00, 
seq80,1.00,1.00,1.00,1.00,0.00,1.00,0.00,1.00,1.00,1.00,0.00,1.00,1.00,0.00,0.00,1.00,1.00,1.00,1.00,1.00, 
seq81,1.00,1.00,0.00,1.00,1.00,1.00,0.00,1.00,1.00,1.00,0.00,1.00,1.00,0.00,1.00,1.00,1.67,1.00,0.00,1.00, 
seq82,0.00,1.00,0.00,1.00,0.00,1.33,0.00,1.00,0.00,1.00,0.00,1.00,1.00,0.00,1.00,1.00,1.00,1.00,1.00,0.00, 
seq83,1.00,1.00,1.00,0.00,1.00,1.00,0.00,1.00,0.00,0.00,0.00,0.00,1.00,1.00,0.00,0.00,1.00,1.00,1.00,0.00, 
seq84,0.00,0.00,0.00,0.00,1.00,1.00,0.00,1.00,1.60,1.00,0.00,0.00,0.00,0.00,1.00,1.00,0.00,0.00,0.00,0.00, 
seq85,1.00,1.00,0.00,1.00,1.00,1.00,0.00,0.00,1.00,1.00,0.00,1.00,1.00,1.00,0.00,1.50,1.00,1.00,0.00,1.00, 
seq86,1.00,1.00,0.00,1.40,0.00,1.00,0.00,1.00,1.00,1.00,0.00,0.00,1.00,0.00,0.00,0.00,1.00,1.00,0.00,0.00, 
seq87,1.00,1.00,0.00,1.00,0.00,1.00,0.00,1.00,1.00,1.00,0.00,0.00,1.00,0.00,0.00,0.00,1.00,0.00,1.00,0.00, 
seq88,0.00,1.00,0.00,0.00,0.00,1.00,0.00,1.00,0.00,0.00,0.00,0.00,0.00,0.00,1.00,0.00,0.00,1.00,0.00,0.00, 
seq89,1.67,1.00,0.00,1.00,1.00,1.00,0.00,1.00,1.00,0.00,0.00,1.00,1.00,0.00,1.00,1.00,0.00,1.00,0.00,1.00, 
seq90,0.00,1.00,0.00,1.00,1.00,1.00,0.00,1.00,0.00,1.00,0.00,1.00,1.00,0.00,0.00,1.40,1.00,1.00,0.00,1.00, 
seq91,0.00,0.00,1.00,1.29,0.00,0.00,1.00,1.00,1.00,1.00,1.00,1.50,0.00,1.50,1.00,1.00,1.00,0.00,1.00,1.00, 
seq92,1.00,0.00,0.00,1.00,1.00,1.00,0.00,1.00,1.00,1.00,1.00,0.00,1.00,1.00,1.00,1.00,0.00,0.00,0.00,1.00, 
seq93,0.00,1.00,1.00,1.00,1.00,1.00,1.00,1.00,1.00,1.00,0.00,1.00,1.00,0.00,0.00,1.00,1.00,1.00,1.00,1.00, 
seq94,0.00,1.00,0.00,0.00,1.67,0.00,0.00,0.00,1.00,1.00,0.00,0.00,1.00,0.00,1.00,1.00,0.00,1.00,0.00,1.00, 
seq95,1.00,1.00,1.00,0.00,1.00,1.00,0.00,0.00,0.00,1.00,0.00,1.00,1.00,1.00,0.00,0.00,0.00,1.00,1.00,0.00, 
seq96,1.00,1.00,1.00,1.00,1.00,0.00,0.00,1.00,1.00,1.00,0.00,1.00,1.50,0.00,0.00,1.00,0.00,1.00,0.00,0.00, 
seq97,1.00,1.00,0.00,1.00,1.00,0.00,0.00,1.00,1.00,1.00,0.00,0.00,1.40,0.00,0.00,1.00,0.00,1.00,0.00,0.00, 
seq98,1.00,1.00,0.00,1.00,1.40,1.00,0.00,1.00,1.00,1.00,0.00,0.00,1.40,0.00,0.00,1.00,0.00,1.00,0.00,0.00, 
seq99,1.00,1.00,0.00,1.00,1.00,0.00,0.00,1.00,1.00,1.00,0.00,1.00,1.40,0.00,0.00,1.00,0.00,1.00,0.00,0.00, 
seq100,1.00,1.00,0.00,1.00,1.00,1.00,0.00,1.00,1.00,1.00,0.00,0.00,1.40,0.00,0.00,1.00,0.00,1.00,0.00,0.00, 
seq101,1.00,0.00,0.00,1.00,1.40,1.00,0.00,1.00,1.00,1.00,0.00,0.00,1.40,0.00,0.00,1.00,0.00,1.00,0.00,0.00, 
seq102,1.00,1.00,0.00,1.00,1.40,0.00,0.00,1.00,1.00,1.00,1.00,1.00,1.40,0.00,0.00,0.00,0.00,1.00,0.00,0.00, 
seq103,1.00,1.00,0.00,1.00,1.00,1.00,0.00,1.00,1.00,1.00,1.00,0.00,1.40,0.00,0.00,0.00,0.00,1.00,0.00,0.00, 
seq104,1.00,0.00,0.00,1.00,1.00,1.00,0.00,1.00,1.00,1.00,1.00,0.00,1.40,0.00,0.00,0.00,0.00,1.00,0.00,0.00, 
seq105,1.00,1.00,0.00,1.00,1.00,1.00,0.00,1.00,1.00,1.00,1.00,0.00,1.40,0.00,0.00,1.00,0.00,1.00,0.00,0.00, 
seq106,1.00,0.00,1.00,1.00,1.00,0.00,0.00,1.00,1.00,1.00,1.00,1.00,1.50,0.00,0.00,1.00,0.00,1.00,0.00,0.00, 
seq107,1.00,0.00,0.00,1.00,1.00,0.00,0.00,1.00,1.00,1.00,1.00,1.00,1.40,0.00,0.00,1.00,0.00,1.00,0.00,0.00, 
seq108,1.00,0.00,0.00,1.00,1.00,0.00,0.00,1.00,1.00,1.00,1.00,0.00,1.40,0.00,0.00,1.00,0.00,1.00,0.00,0.00, 
seq109,1.00,0.00,0.00,1.00,1.00,0.00,0.00,1.00,1.00,1.00,1.00,1.00,1.40,0.00,0.00,1.00,0.00,1.00,0.00,0.00, 
seq110,1.00,0.00,1.00,1.29,1.00,0.00,1.00,1.00,1.00,1.29,0.00,1.00,0.00,1.40,0.00,1.00,1.00,0.00,1.00,0.00, 
seq111,0.00,0.00,1.00,1.00,1.00,1.00,0.00,1.00,1.00,1.50,0.00,1.00,1.00,1.00,1.00,1.00,1.00,1.00,0.00,0.00, 
seq112,1.00,0.00,1.00,0.00,0.00,1.00,1.00,1.00,0.00,1.67,1.00,0.00,1.00,1.00,1.00,0.00,0.00,0.00,1.00,0.00, 
seq113,1.00,0.00,0.00,0.00,1.00,0.00,1.00,0.00,0.00,1.00,0.00,0.00,1.00,0.00,1.00,1.00,1.67,0.00,0.00,0.00, 
seq114,1.40,0.00,1.50,1.00,1.00,1.00,1.00,0.00,1.29,0.00,0.00,1.36,1.00,1.67,2.00,0.00,0.00,1.50,0.00,1.40, 
seq115,0.00,1.00,0.00,1.00,1.00,1.00,0.00,1.00,1.00,1.67,0.00,1.00,1.00,0.00,1.00,1.00,1.00,1.00,0.00,1.00, 
seq116,1.00,0.00,1.00,1.29,0.00,0.00,1.00,1.00,1.00,1.29,0.00,1.33,0.00,1.40,0.00,1.00,1.00,0.00,1.00,1.00, 
seq117,1.00,1.00,1.00,0.00,1.00,1.00,0.00,0.00,0.00,0.00,0.00,1.00,1.00,1.00,0.00,0.00,0.00,1.00,1.00,0.00, 
seq118,1.00,0.00,0.00,0.00,1.00,0.00,0.00,1.00,1.67,1.00,0.00,1.00,1.50,1.00,2.00,1.00,1.00,1.00,0.00,0.00, 
seq119,0.00,1.00,1.00,1.00,0.00,1.00,0.00,0.00,0.00,1.67,0.00,1.00,1.67,0.00,1.00,0.00,1.00,1.00,1.00,0.00, 
seq120,1.00,0.00,1.00,1.00,0.00,1.00,0.00,1.00,1.00,1.29,1.00,1.00,0.00,1.33,1.00,0.00,1.00,1.40,1.00,1.00, 
seq121,1.00,0.00,0.00,1.00,1.00,1.00,1.00,1.00,1.00,1.33,1.00,1.00,1.00,1.00,1.50,0.00,0.00,1.00,0.00,1.00, 
seq122,0.00,1.00,0.00,0.00,1.00,1.50,0.00,0.00,0.00,1.00,0.00,0.00,0.00,0.00,1.89,0.00,0.00,1.00,0.00,1.00, 
seq123,1.00,1.00,1.00,0.00,0.00,1.00,0.00,0.00,0.00,1.67,0.00,1.00,1.00,0.00,1.00,0.00,1.00,1.00,1.00,0.00, 
seq124,0.00,1.00,1.00,1.00,0.00,1.00,0.00,1.00,0.00,1.67,0.00,1.00,1.00,0.00,1.00,0.00,1.00,1.00,1.00,0.00, 
seq125,1.00,1.24,1.00,1.00,1.00,1.00,0.00,1.00,1.33,1.00,1.00,1.00,1.27,1.00,1.33,1.00,1.00,1.00,1.00,1.00, 
seq126,0.00,0.00,0.00,0.00,0.00,1.67,0.00,0.00,0.00,1.00,0.00,1.00,1.00,1.00,1.00,1.00,0.00,1.00,0.00,0.00, 
seq127,0.00,1.00,1.00,0.00,0.00,1.00,1.00,1.00,0.00,1.00,0.00,1.00,1.00,0.00,0.00,1.67,1.00,1.00,0.00,1.00, 
seq128,0.00,1.00,0.00,1.00,1.67,0.00,0.00,0.00,0.00,0.00,0.00,0.00,1.00,0.00,1.00,1.00,0.00,0.00,0.00,1.00, 
seq129,0.00,0.00,0.00,1.00,1.00,1.00,1.00,0.00,1.00,0.00,1.00,0.00,1.00,0.00,1.00,1.00,0.00,1.00,1.00,1.00, 
seq130,1.00,1.00,1.00,0.00,1.00,1.00,0.00,0.00,0.00,1.67,0.00,1.00,1.00,1.00,0.00,0.00,1.00,1.00,1.00,0.00, 
seq131,1.67,1.00,0.00,1.00,0.00,1.00,0.00,1.00,1.00,1.00,0.00,1.00,1.00,0.00,1.00,1.00,0.00,1.00,1.00,1.00, 
seq132,0.00,1.00,1.00,0.00,0.00,1.00,0.00,0.00,0.00,1.67,0.00,1.00,1.00,0.00,1.00,0.00,1.00,1.00,1.50,0.00, 
seq133,1.38,0.00,1.00,1.00,1.00,0.00,0.00,1.00,1.00,1.00,1.00,1.00,0.00,0.00,1.00,1.00,0.00,0.00,1.00,0.00, 
seq134,1.60,0.00,1.00,1.55,1.00,0.00,0.00,1.00,1.67,1.00,1.00,1.00,0.00,0.00,1.00,1.00,0.00,0.00,1.00,0.00, 
seq135,1.00,1.00,1.00,0.00,1.00,1.00,1.00,1.00,0.00,0.00,0.00,0.00,1.00,1.00,0.00,0.00,1.00,1.00,1.00,0.00, 
seq136,1.00,0.00,0.00,0.00,0.00,1.00,1.00,1.00,0.00,0.00,2.14,1.00,1.00,0.00,1.00,0.00,1.00,0.00,1.00,2.00, 
seq137,1.00,0.00,0.00,0.00,0.00,0.00,0.00,1.00,1.00,1.00,1.00,1.00,0.00,1.00,1.00,0.00,0.00,0.00,0.00,1.00, 
seq138,1.00,0.00,0.00,0.00,0.00,0.00,0.00,1.00,1.00,1.67,0.00,1.00,0.00,1.00,1.00,0.00,0.00,0.00,0.00,1.00, 
seq139,1.00,0.00,0.00,0.00,0.00,0.00,0.00,1.00,1.00,1.67,1.00,1.00,0.00,1.00,1.00,0.00,0.00,0.00,0.00,1.00, 
seq140,1.00,0.00,0.00,0.00,0.00,0.00,0.00,1.00,1.00,1.67,1.00,1.00,0.00,1.00,1.00,0.00,0.00,0.00,0.00,1.00, 
seq141,1.00,0.00,0.00,0.00,0.00,0.00,0.00,1.00,0.00,1.67,1.00,1.00,0.00,1.00,1.00,0.00,0.00,0.00,0.00,1.00, 
seq142,1.00,0.00,0.00,0.00,0.00,0.00,0.00,1.00,1.00,1.67,1.00,0.00,0.00,1.00,1.00,0.00,0.00,0.00,0.00,1.00, 
seq143,1.00,0.00,0.00,0.00,0.00,0.00,0.00,1.00,1.00,1.67,1.00,1.00,0.00,1.00,1.00,0.00,0.00,0.00,0.00,1.00, 
seq144,1.00,0.00,1.00,1.40,1.00,0.00,1.00,1.00,1.00,1.29,0.00,1.00,0.00,1.50,0.00,1.00,1.00,0.00,1.00,1.00, 
seq145,1.00,0.00,1.00,1.33,1.00,0.00,0.00,1.00,1.00,1.29,0.00,1.00,0.00,1.50,0.00,1.00,1.00,0.00,1.00,1.00, 
seq146,1.83,0.00,1.00,0.00,0.00,1.00,1.00,1.00,1.40,1.00,1.00,0.00,0.00,1.00,0.00,1.00,1.00,0.00,1.00,0.00, 
seq147,1.33,0.00,0.00,1.00,1.00,1.67,1.00,1.00,1.00,1.00,0.00,0.00,1.00,0.00,0.00,0.00,0.00,1.40,0.00,0.00, 
seq148,1.00,0.00,0.00,1.00,0.00,1.00,1.00,1.00,1.00,1.33,0.00,0.00,1.00,0.00,0.00,1.00,0.00,1.29,0.00,0.00, 
seq149,1.00,1.00,0.00,0.00,0.00,1.00,1.00,0.00,0.00,2.33,0.00,1.00,0.00,1.00,2.00,0.00,0.00,0.00,0.00,0.00, 
seq150,0.00,0.00,0.00,1.00,0.00,0.00,0.00,0.00,1.67,0.00,0.00,0.00,0.00,1.00,1.00,1.00,1.00,1.00,1.00,1.00, 
seq151,0.00,0.00,0.00,0.00,1.50,1.00,0.00,1.00,1.00,1.00,0.00,0.00,0.00,0.00,1.00,0.00,0.00,1.00,0.00,0.00, 
seq152,0.00,0.00,0.00,0.00,1.50,1.00,1.40,1.00,1.00,1.00,0.00,0.00,0.00,0.00,1.00,0.00,1.00,1.00,0.00,0.00, 
seq153,1.50,0.00,1.00,0.00,1.00,1.67,0.00,0.00,1.00,1.40,0.00,0.00,0.00,0.00,0.00,0.00,1.00,1.00,0.00,0.00, 
seq154,1.00,0.00,1.00,1.00,1.00,1.00,0.00,1.50,1.00,1.00,0.00,0.00,0.00,0.00,0.00,1.00,0.00,0.00,1.00,0.00, 
seq155,1.00,0.00,0.00,0.00,1.00,1.00,1.00,1.00,1.40,1.00,1.00,0.00,1.00,0.00,0.00,1.00,0.00,1.00,0.00,0.00, 
seq156,0.00,0.00,1.00,1.00,1.00,1.00,0.00,1.00,0.00,1.00,0.00,1.00,0.00,1.00,0.00,0.00,0.00,1.00,0.00,0.00, 
seq157,1.00,0.00,0.00,0.00,0.00,1.00,0.00,1.00,1.00,1.00,0.00,0.00,1.00,1.67,1.00,1.00,1.67,1.00,1.00,0.00, 
seq158,1.00,0.00,1.00,1.00,1.00,1.00,0.00,1.50,1.67,1.00,0.00,0.00,0.00,0.00,0.00,1.00,0.00,0.00,1.00,0.00, 
seq159,1.00,0.00,1.00,0.00,1.00,1.00,0.00,1.00,1.00,1.00,1.00,1.00,0.00,1.00,0.00,1.00,1.00,1.00,1.00,0.00, 
seq160,1.00,0.00,1.00,1.00,1.00,2.00,0.00,1.50,1.67,1.00,0.00,0.00,0.00,0.00,0.00,1.00,0.00,0.00,1.00,0.00, 
seq161,1.00,0.00,0.00,0.00,1.00,1.40,1.00,1.00,0.00,1.67,0.00,0.00,1.00,0.00,0.00,1.00,0.00,1.57,0.00,0.00, 
seq162,0.00,0.00,0.00,0.00,0.00,1.00,0.00,0.00,0.00,1.86,0.00,0.00,0.00,0.00,1.44,0.00,0.00,0.00,0.00,0.00, 
seq163,0.00,0.00,0.00,1.00,1.00,1.00,0.00,1.00,1.40,1.40,1.00,1.00,0.00,1.00,1.00,1.00,0.00,1.00,1.00,0.00, 
seq164,0.00,0.00,0.00,1.00,1.00,1.00,0.00,1.00,1.00,1.40,1.00,1.00,0.00,1.00,1.00,1.00,0.00,1.00,1.00,0.00, 
seq165,1.00,0.00,1.00,1.00,1.00,1.00,0.00,1.50,1.67,1.00,0.00,0.00,0.00,0.00,0.00,1.00,0.00,0.00,1.00,0.00, 
seq166,1.00,0.00,1.00,0.00,1.00,2.00,1.00,1.00,1.00,0.00,0.00,0.00,0.00,0.00,1.00,0.00,0.00,1.67,1.00,0.00, 
seq167,0.00,0.00,0.00,0.00,0.00,1.00,0.00,1.00,0.00,1.00,0.00,0.00,1.00,0.00,1.50,1.00,1.00,1.00,0.00,0.00, 
seq168,1.00,0.00,0.00,1.00,0.00,1.00,0.00,1.00,1.00,1.50,0.00,0.00,0.00,0.00,0.00,0.00,1.00,1.00,1.00,0.00, 
seq169,1.46,0.00,1.00,1.00,0.00,0.00,0.00,1.00,1.00,1.00,2.00,1.00,0.00,1.50,1.00,0.00,1.00,0.00,1.00,1.00, 
seq170,1.46,0.00,1.00,1.00,0.00,0.00,1.00,1.00,1.00,1.33,1.67,1.00,0.00,1.50,1.00,0.00,1.00,0.00,1.00,1.00, 
seq171,0.00,0.00,1.00,1.22,0.00,0.00,1.00,1.00,1.00,1.33,1.67,1.40,0.00,1.40,1.00,1.00,1.00,0.00,1.00,1.00, 
seq172,1.00,0.00,0.00,0.00,1.00,0.00,0.00,1.00,1.00,1.00,0.00,0.00,0.00,0.00,1.40,1.00,0.00,1.00,0.00,1.00, 
seq173,1.22,0.00,1.00,1.00,0.00,0.00,0.00,1.00,1.00,1.00,0.00,0.00,0.00,1.00,1.00,0.00,1.67,0.00,1.00,1.00, 
seq174,0.00,0.00,1.00,1.17,0.00,0.00,0.00,1.00,1.00,1.00,0.00,1.00,0.00,1.40,1.00,1.00,1.50,0.00,1.00,1.00, 
seq175,0.00,0.00,0.00,0.00,1.00,1.00,1.40,1.67,0.00,1.00,0.00,1.00,0.00,1.00,1.00,1.00,0.00,1.00,0.00,0.00, 
seq176,1.00,0.00,1.00,1.00,1.00,0.00,0.00,1.00,1.00,1.33,0.00,1.00,0.00,1.25,0.00,1.00,1.00,0.00,1.00,1.00, 
seq177,1.00,0.00,1.00,1.00,1.00,1.00,1.40,1.00,1.00,1.00,0.00,0.00,1.00,0.00,1.00,1.40,0.00,1.00,1.00,1.00, 
seq178,1.29,0.00,0.00,1.00,1.00,1.00,0.00,1.00,0.00,1.00,1.00,0.00,0.00,1.00,1.00,1.00,1.00,1.00,0.00,0.00, 
seq179,1.00,0.00,1.00,1.00,0.00,1.00,0.00,1.00,1.00,1.00,0.00,1.00,0.00,1.00,1.00,1.40,1.00,1.00,0.00,1.00, 
seq180,1.00,0.00,1.00,1.00,0.00,1.00,0.00,1.00,1.00,1.00,0.00,1.00,0.00,1.00,1.00,1.40,1.00,1.00,0.00,0.00, 
seq181,1.00,0.00,1.00,1.00,0.00,0.00,0.00,1.00,1.00,1.00,0.00,1.00,0.00,1.00,1.00,1.40,1.00,1.00,0.00,0.00, 
seq182,1.00,0.00,1.00,1.40,0.00,1.00,1.00,1.00,1.00,1.00,0.00,1.00,0.00,1.00,1.67,1.00,0.00,0.00,1.00,0.00, 
seq183,1.00,0.00,1.00,1.00,0.00,1.00,0.00,1.00,1.00,1.00,0.00,1.00,0.00,1.00,1.00,1.40,1.00,1.00,0.00,1.00, 
seq184,1.00,0.00,1.00,1.40,0.00,0.00,0.00,1.00,1.00,1.00,0.00,1.40,1.00,1.00,1.67,1.00,0.00,1.00,1.00,0.00, 
seq185,1.00,0.00,1.00,1.00,0.00,1.00,0.00,1.00,1.00,1.00,0.00,1.00,0.00,1.00,1.00,1.33,1.00,1.00,0.00,0.00, 
seq186,1.22,0.00,1.00,1.00,0.00,0.00,0.00,1.00,1.00,1.00,0.00,1.00,0.00,1.00,1.00,1.00,1.00,1.00,0.00,0.00, 
seq187,1.00,1.00,0.00,0.00,1.00,1.00,0.00,1.00,1.00,1.00,1.00,0.00,1.00,1.00,1.33,1.00,1.00,1.00,1.00,0.00, 
seq188,1.20,0.00,1.00,1.00,1.00,1.50,1.00,1.00,0.00,1.00,0.00,0.00,1.00,1.00,1.00,1.00,1.67,1.33,0.00,1.00, 
seq189,1.40,1.00,0.00,0.00,1.00,1.00,0.00,1.00,1.40,1.00,0.00,0.00,1.00,0.00,0.00,0.00,1.00,1.50,0.00,0.00, 
seq190,0.00,0.00,0.00,0.00,1.00,2.25,1.00,0.00,0.00,0.00,0.00,0.00,0.00,0.00,1.67,0.00,1.00,1.00,0.00,1.00, 
seq191,1.00,0.00,0.00,1.00,1.00,1.00,1.00,1.00,1.00,1.00,1.00,0.00,0.00,0.00,0.00,1.00,0.00,1.00,0.00,0.00, 
seq192,1.00,0.00,0.00,0.00,1.00,2.00,1.00,1.00,0.00,1.00,0.00,1.00,0.00,0.00,1.00,1.00,1.00,0.00,1.00,1.00, 
seq193,0.00,0.00,0.00,1.00,1.00,0.00,1.00,1.00,1.00,1.00,0.00,0.00,1.00,0.00,1.00,0.00,1.00,1.00,0.00,1.00, 
seq194,0.00,0.00,0.00,0.00,0.00,0.00,1.00,0.00,1.00,0.00,0.00,0.00,0.00,0.00,1.00,0.00,0.00,0.00,1.00,0.00, 
seq195,0.00,0.00,0.00,0.00,0.00,0.00,0.00,0.00,1.29,0.00,0.00,0.00,0.00,0.00,1.00,0.00,0.00,0.00,1.00,0.00, 
seq196,1.00,0.00,0.00,1.00,1.00,0.00,0.00,1.00,1.00,1.00,0.00,0.00,0.00,1.00,1.00,1.67,1.50,0.00,0.00,1.00, 
seq197,0.00,0.00,0.00,0.00,0.00,0.00,0.00,0.00,1.00,1.40,0.00,0.00,0.00,0.00,1.00,0.00,0.00,0.00,0.00,0.00, 
seq198,0.00,0.00,0.00,0.00,0.00,1.00,0.00,0.00,1.00,1.67,0.00,0.00,0.00,0.00,1.00,0.00,1.00,0.00,0.00,0.00, 
seq199,0.00,0.00,0.00,0.00,0.00,0.00,0.00,0.00,1.00,1.67,0.00,0.00,0.00,0.00,1.00,0.00,0.00,0.00,1.00,0.00, 
seq200,1.62,1.00,1.00,0.00,1.00,0.00,1.00,1.00,1.00,1.25,0.00,1.00,0.00,1.00,1.33,1.00,1.00,1.00,1.00,0.00, 
seq201,0.00,1.29,0.00,0.00,1.00,1.00,0.00,1.00,0.00,1.00,0.00,1.00,1.00,1.00,1.44,0.00,1.33,1.00,0.00,1.00, 
seq202,0.00,0.00,0.00,0.00,0.00,0.00,0.00,0.00,1.00,0.00,0.00,0.00,0.00,0.00,1.33,0.00,0.00,0.00,1.00,0.00, 
seq203,0.00,0.00,0.00,0.00,0.00,1.00,0.00,0.00,1.00,0.00,0.00,0.00,0.00,0.00,1.00,0.00,1.00,0.00,1.00,0.00, 
seq204,0.00,0.00,0.00,0.00,0.00,1.00,0.00,0.00,1.00,0.00,0.00,0.00,0.00,0.00,1.00,0.00,0.00,0.00,1.00,0.00, 
seq205,0.00,0.00,0.00,0.00,0.00,0.00,0.00,0.00,1.00,0.00,0.00,0.00,0.00,0.00,1.00,0.00,0.00,0.00,1.00,0.00, 
seq206,0.00,0.00,0.00,0.00,0.00,0.00,0.00,0.00,1.00,0.00,0.00,0.00,0.00,0.00,1.00,0.00,0.00,0.00,1.00,0.00, 
seq207,1.00,0.00,0.00,1.00,1.00,1.00,1.00,1.00,0.00,1.00,0.00,0.00,0.00,1.00,1.00,1.00,1.00,1.00,0.00,1.00, 
seq208,1.00,0.00,1.00,0.00,1.00,0.00,0.00,0.00,1.00,0.00,0.00,0.00,1.00,0.00,1.00,0.00,1.50,1.00,1.00,0.00, 
seq209,0.00,0.00,0.00,0.00,1.00,1.00,0.00,1.67,1.33,1.00,0.00,1.00,0.00,1.00,0.00,1.00,0.00,1.00,0.00,0.00, 
seq210,1.00,1.29,0.00,1.00,1.00,1.00,1.00,1.00,0.00,1.00,0.00,0.00,1.00,0.00,1.50,0.00,0.00,1.67,0.00,0.00, 
seq211,1.33,1.00,1.00,1.00,1.00,0.00,1.00,1.00,1.00,1.40,1.00,1.00,0.00,1.00,1.00,1.00,1.00,1.00,1.00,1.00, 
seq212,0.00,0.00,0.00,0.00,0.00,0.00,0.00,1.00,1.00,1.00,0.00,0.00,1.00,0.00,1.67,0.00,0.00,0.00,1.33,0.00, 
seq213,1.00,0.00,0.00,0.00,0.00,1.00,0.00,1.00,1.00,1.00,1.00,0.00,0.00,0.00,0.00,1.00,0.00,1.00,0.00,0.00, 
seq214,1.00,0.00,0.00,0.00,1.00,1.00,0.00,1.00,1.50,1.00,0.00,0.00,0.00,0.00,0.00,0.00,1.67,1.00,0.00,0.00, 
seq215,1.00,0.00,0.00,0.00,0.00,0.00,0.00,0.00,1.00,1.00,0.00,0.00,0.00,0.00,0.00,1.00,0.00,0.00,0.00,0.00, 
seq216,0.00,0.00,0.00,0.00,0.00,0.00,0.00,0.00,1.67,1.50,0.00,0.00,0.00,0.00,0.00,0.00,0.00,0.00,0.00,0.00, 
seq217,1.00,1.00,1.00,1.00,0.00,0.00,1.00,1.00,0.00,0.00,1.00,0.00,0.00,1.00,1.00,1.00,1.00,1.00,0.00,0.00, 
seq218,1.00,1.00,1.00,0.00,0.00,0.00,1.00,1.00,0.00,0.00,1.00,0.00,0.00,1.00,1.00,1.00,1.00,1.00,0.00,0.00, 
seq219,1.00,2.14,1.00,0.00,0.00,0.00,0.00,0.00,1.00,1.00,1.00,0.00,1.80,1.00,1.00,1.00,1.00,0.00,1.00,0.00, 
seq220,1.29,0.00,0.00,0.00,0.00,0.00,0.00,0.00,1.67,1.67,0.00,0.00,1.00,0.00,1.67,0.00,0.00,1.00,0.00,0.00, 
seq221,1.00,0.00,0.00,0.00,0.00,0.00,0.00,0.00,1.67,1.67,0.00,0.00,1.00,0.00,1.67,0.00,0.00,1.00,0.00,0.00, 
seq222,1.00,0.00,0.00,0.00,0.00,0.00,0.00,0.00,1.67,1.57,0.00,0.00,1.00,0.00,1.67,0.00,0.00,1.00,0.00,0.00, 
seq223,1.00,0.00,0.00,0.00,0.00,0.00,0.00,0.00,1.67,1.67,0.00,0.00,1.00,0.00,1.67,0.00,0.00,1.00,0.00,0.00, 
seq224,1.00,0.00,0.00,0.00,0.00,0.00,0.00,0.00,1.67,1.67,0.00,0.00,1.00,0.00,1.67,0.00,0.00,1.00,0.00,0.00, 
seq225,1.00,0.00,0.00,0.00,0.00,0.00,0.00,0.00,1.67,1.67,0.00,0.00,0.00,0.00,1.67,0.00,0.00,1.00,0.00,0.00, 
seq226,0.00,0.00,0.00,1.00,1.67,1.33,0.00,1.00,1.22,1.40,0.00,1.00,1.00,1.00,1.00,0.00,0.00,1.00,0.00,0.00, 
seq227,1.00,0.00,0.00,0.00,0.00,0.00,0.00,0.00,1.67,1.57,0.00,0.00,0.00,0.00,1.00,0.00,0.00,1.00,0.00,0.00, 
seq228,6.33,0.00,0.00,0.00,0.00,0.00,0.00,0.00,1.67,0.00,0.00,0.00,0.00,0.00,1.67,0.00,0.00,0.00,0.00,0.00, 
seq229,0.00,0.00,0.00,0.00,0.00,1.00,1.40,0.00,0.00,0.00,0.00,0.00,0.00,1.00,0.00,1.00,0.00,1.00,0.00,0.00, 
seq230,1.00,0.00,0.00,1.00,1.00,1.00,0.00,1.00,1.25,1.00,1.00,1.00,1.00,0.00,1.00,0.00,0.00,1.00,1.00,0.00, 
seq231,1.00,0.00,1.00,1.00,0.00,1.00,0.00,1.00,1.00,1.25,0.00,1.00,1.67,0.00,1.00,1.50,1.00,1.00,0.00,0.00, 
seq232,1.00,0.00,1.00,1.00,0.00,1.00,0.00,1.00,1.00,1.44,1.00,1.00,0.00,1.00,1.00,1.50,1.00,1.00,0.00,0.00, 
seq233,1.00,0.00,1.00,1.00,0.00,1.00,1.00,1.00,1.00,1.22,0.00,1.00,1.67,0.00,1.00,1.00,1.00,1.00,0.00,0.00, 
seq234,1.00,0.00,0.00,0.00,1.00,0.00,0.00,1.00,1.00,1.40,0.00,0.00,0.00,0.00,1.00,1.00,0.00,1.00,0.00,0.00, 
seq235,0.00,1.00,0.00,1.00,1.00,1.00,0.00,0.00,1.00,1.00,1.00,0.00,1.00,1.00,1.00,0.00,1.00,1.00,1.00,1.50, 
seq236,0.00,1.55,0.00,0.00,1.00,1.40,0.00,1.00,1.00,0.00,0.00,0.00,1.00,0.00,1.00,0.00,1.00,1.00,0.00,0.00, 
seq237,1.00,0.00,0.00,0.00,1.00,1.00,1.00,1.40,1.00,1.00,1.00,0.00,0.00,0.00,0.00,0.00,0.00,1.00,0.00,0.00, 
seq238,0.00,1.00,1.00,1.00,0.00,0.00,0.00,1.00,0.00,1.44,0.00,0.00,0.00,0.00,1.00,1.00,0.00,1.00,1.00,1.00, 
seq239,0.00,1.00,0.00,0.00,1.00,1.67,0.00,1.00,0.00,1.50,1.00,1.00,0.00,1.67,1.50,0.00,1.00,1.00,0.00,1.00, 
seq240,1.00,1.00,1.00,0.00,0.00,0.00,1.00,1.00,0.00,1.00,1.00,0.00,1.67,0.00,1.00,1.00,1.00,1.00,1.00,0.00, 
seq241,1.00,0.00,1.00,1.00,1.00,1.00,1.00,1.00,1.00,1.50,0.00,1.00,0.00,1.00,1.00,1.00,1.67,1.00,0.00,0.00, 
seq242,1.00,0.00,0.00,0.00,1.00,1.00,0.00,0.00,1.50,1.50,0.00,0.00,0.00,0.00,1.50,1.00,0.00,1.00,0.00,0.00, 
seq243,1.00,1.00,0.00,0.00,0.00,1.00,0.00,1.00,1.00,1.00,0.00,0.00,0.00,0.00,0.00,1.40,1.00,1.00,0.00,1.00, 
seq244,1.00,1.00,1.00,1.00,1.00,1.00,0.00,1.00,1.00,1.00,1.00,1.00,1.00,0.00,0.00,0.00,1.40,1.00,0.00,1.00, 
seq245,1.50,1.00,0.00,1.00,1.00,1.00,0.00,1.00,0.00,1.00,0.00,1.00,0.00,1.00,1.00,1.00,1.00,0.00,0.00,1.00, 
seq246,1.00,1.00,1.00,0.00,0.00,0.00,1.00,1.00,0.00,1.00,0.00,1.00,1.00,1.00,0.00,1.00,1.00,1.00,0.00,1.00, 
seq247,0.00,0.00,0.00,0.00,1.33,1.00,0.00,1.00,0.00,0.00,0.00,1.00,0.00,1.00,1.00,1.00,1.00,1.00,1.00,0.00, 
seq248,0.00,0.00,1.67,1.00,1.00,1.00,0.00,0.00,1.00,0.00,0.00,0.00,0.00,1.00,0.00,1.67,1.00,1.00,1.00,2.14, 
seq249,1.67,0.00,0.00,0.00,1.00,1.00,1.00,0.00,0.00,1.00,1.00,0.00,1.00,1.00,0.00,1.00,1.00,1.50,1.00,1.00, 
seq250,1.00,0.00,0.00,1.00,1.00,1.00,0.00,1.00,1.00,1.00,0.00,1.00,0.00,1.00,0.00,1.00,2.00,1.00,0.00,1.00, 
seq251,1.00,1.00,0.00,1.00,0.00,1.00,0.00,1.00,1.00,1.00,1.00,1.00,1.67,0.00,0.00,0.00,1.00,1.00,0.00,1.50, 
seq252,1.67,0.00,0.00,1.00,0.00,0.00,0.00,1.67,2.11,1.50,0.00,0.00,0.00,0.00,0.00,1.00,0.00,0.00,0.00,1.00, 
seq253,1.67,1.00,1.00,0.00,0.00,1.00,0.00,0.00,1.00,1.00,0.00,1.00,0.00,1.00,1.00,0.00,0.00,0.00,0.00,1.00, 
seq254,1.67,0.00,0.00,0.00,1.00,1.00,1.00,1.00,1.44,1.00,0.00,0.00,0.00,0.00,0.00,0.00,0.00,0.00,1.00,0.00, 
seq255,1.44,0.00,0.00,0.00,0.00,0.00,0.00,0.00,1.50,1.57,0.00,0.00,1.00,0.00,1.67,0.00,0.00,1.00,0.00,0.00, 
seq256,1.44,0.00,0.00,0.00,0.00,0.00,0.00,0.00,1.50,1.57,0.00,0.00,1.00,0.00,1.67,0.00,0.00,1.00,0.00,0.00, 
seq257,1.00,0.00,0.00,0.00,0.00,0.00,0.00,0.00,1.67,1.67,0.00,0.00,1.00,0.00,1.67,0.00,0.00,1.00,0.00,0.00, 
seq258,1.00,0.00,0.00,0.00,0.00,0.00,0.00,0.00,1.67,1.67,0.00,0.00,1.00,0.00,1.67,0.00,0.00,1.00,0.00,0.00, 
seq259,1.00,1.00,1.00,1.00,1.00,1.00,1.00,1.00,1.00,1.36,1.00,1.25,1.00,1.00,1.00,1.00,1.00,1.67,0.00,1.33, 
seq260,1.00,1.29,0.00,1.00,1.00,1.00,1.50,1.00,0.00,1.00,0.00,0.00,1.00,1.00,1.50,0.00,0.00,1.00,0.00,1.00, 
seq261,1.00,1.00,1.00,0.00,0.00,0.00,1.00,1.00,0.00,1.50,0.00,1.00,0.00,0.00,0.00,0.00,1.00,1.00,0.00,0.00, 
seq262,1.00,1.00,1.00,1.00,1.00,0.00,1.00,1.00,0.00,1.50,0.00,1.00,1.00,0.00,1.00,1.00,1.50,1.00,1.00,1.00, 
seq263,1.00,1.00,1.00,0.00,0.00,0.00,1.00,1.00,0.00,1.50,0.00,1.00,0.00,0.00,1.00,0.00,1.00,1.00,0.00,0.00, 
seq264,1.00,1.00,0.00,0.00,0.00,1.00,1.00,0.00,1.00,1.00,0.00,0.00,0.00,0.00,1.25,1.00,0.00,1.00,0.00,1.40, 
seq265,1.00,1.29,0.00,1.00,1.00,1.00,0.00,1.00,0.00,1.00,0.00,0.00,1.00,1.00,1.40,0.00,1.00,0.00,1.00,1.00, 
seq266,1.77,0.00,0.00,0.00,0.00,1.00,0.00,0.00,1.33,1.29,0.00,1.00,0.00,0.00,0.00,0.00,1.00,1.00,1.00,0.00, 
seq267,1.00,1.29,0.00,1.00,0.00,1.00,0.00,1.00,0.00,1.00,0.00,0.00,0.00,0.00,1.00,1.00,1.00,1.00,0.00,1.00, 
seq268,0.00,0.00,0.00,0.00,0.00,0.00,0.00,1.00,1.00,1.00,0.00,0.00,1.40,1.00,0.00,1.00,0.00,1.00,0.00,0.00, 
seq269,1.00,1.00,1.00,1.00,0.00,1.00,0.00,1.00,1.00,1.00,0.00,1.00,0.00,1.00,0.00,1.00,1.00,1.00,0.00,1.00, 
seq270,1.00,0.00,0.00,1.00,1.00,1.00,0.00,1.00,1.00,1.00,0.00,1.00,1.00,0.00,1.00,0.00,1.00,0.00,1.00,0.00, 
seq271,1.00,1.00,1.00,0.00,1.00,0.00,0.00,1.00,1.00,1.00,0.00,0.00,0.00,0.00,1.00,0.00,1.00,1.00,1.00,0.00, 
seq272,1.00,0.00,1.00,1.00,0.00,0.00,0.00,1.00,1.00,1.00,1.00,1.00,1.50,1.33,0.00,1.44,1.00,1.00,0.00,1.00, 
seq273,1.18,0.00,1.00,0.00,1.00,1.00,1.00,1.00,1.00,1.00,1.00,1.00,1.00,1.00,1.00,1.67,1.00,1.00,0.00,0.00, 
seq274,1.00,1.00,1.00,1.00,0.00,1.50,1.00,1.00,1.00,1.40,0.00,1.67,0.00,1.29,1.00,0.00,1.00,1.00,1.00,1.00, 
seq275,0.00,1.00,1.00,1.00,1.00,1.22,0.00,1.00,0.00,1.00,0.00,1.00,1.00,0.00,0.00,1.00,1.00,0.00,0.00,1.00, 
seq276,0.00,1.00,0.00,0.00,0.00,1.00,0.00,1.00,0.00,1.00,0.00,0.00,0.00,0.00,1.50,0.00,0.00,1.00,0.00,0.00, 
seq277,1.00,0.00,1.00,1.55,1.00,0.00,0.00,1.00,1.67,1.00,1.00,1.00,0.00,0.00,1.00,1.00,0.00,0.00,1.00,0.00, 
seq278,1.00,0.00,0.00,0.00,0.00,0.00,0.00,1.00,1.00,1.67,1.00,1.00,0.00,0.00,1.00,0.00,0.00,0.00,0.00,1.00, 
seq279,1.00,0.00,0.00,0.00,0.00,0.00,0.00,1.00,1.00,1.67,1.00,1.00,0.00,1.00,1.00,0.00,0.00,0.00,0.00,1.00, 
seq280,1.00,0.00,0.00,0.00,0.00,0.00,0.00,1.00,1.00,1.67,1.00,1.00,0.00,1.00,0.00,0.00,0.00,0.00,0.00,1.00, 
seq281,1.00,0.00,0.00,1.00,1.00,1.00,1.00,1.00,1.00,1.00,0.00,0.00,1.00,0.00,0.00,1.00,0.00,1.33,0.00,0.00, 
seq282,0.00,0.00,1.00,1.00,0.00,1.00,1.00,1.00,1.67,1.00,0.00,0.00,0.00,1.00,1.00,1.00,0.00,1.00,1.00,0.00, 
seq283,0.00,0.00,0.00,0.00,1.00,0.00,0.00,1.00,1.00,1.00,0.00,0.00,1.00,0.00,0.00,1.00,1.00,1.00,0.00,0.00, 
seq284,1.00,0.00,1.00,1.00,1.00,1.00,0.00,1.50,1.67,1.00,0.00,0.00,0.00,0.00,0.00,1.00,0.00,0.00,1.00,0.00, 
seq285,1.00,0.00,1.00,1.00,1.00,2.00,0.00,1.50,1.67,1.00,0.00,0.00,0.00,0.00,0.00,1.00,0.00,0.00,1.00,0.00, 
seq286,1.00,0.00,1.00,0.00,0.00,0.00,1.00,1.00,1.40,1.91,1.00,0.00,0.00,1.00,1.00,0.00,1.00,1.00,0.00,0.00, 
seq287,1.00,0.00,1.00,1.40,0.00,1.00,1.00,1.00,1.00,1.00,0.00,1.00,0.00,1.00,1.67,1.29,1.67,0.00,1.00,0.00, 
seq288,1.00,0.00,0.00,0.00,0.00,1.33,0.00,1.00,1.00,0.00,0.00,0.00,0.00,0.00,1.00,0.00,0.00,0.00,0.00,0.00, 
seq289,0.00,1.00,0.00,1.00,1.00,2.00,1.00,1.00,0.00,1.00,1.00,0.00,0.00,0.00,1.00,0.00,0.00,1.40,0.00,0.00, 
seq290,0.00,1.40,0.00,1.00,0.00,1.00,0.00,0.00,1.00,1.40,1.00,0.00,1.00,0.00,1.00,1.00,1.00,1.50,0.00,0.00, 
seq291,1.00,0.00,0.00,0.00,0.00,0.00,1.00,0.00,0.00,0.00,0.00,1.00,1.00,0.00,0.00,1.00,1.00,1.67,0.00,1.00, 
seq292,0.00,1.00,0.00,0.00,0.00,0.00,0.00,0.00,1.00,1.40,0.00,0.00,0.00,0.00,1.00,0.00,0.00,0.00,0.00,0.00, 
seq293,0.00,1.00,1.00,0.00,0.00,0.00,1.00,0.00,1.00,1.00,0.00,0.00,1.00,0.00,1.00,1.50,0.00,1.00,0.00,0.00, 
seq294,1.00,0.00,0.00,0.00,0.00,1.00,1.00,0.00,1.00,1.67,1.00,0.00,0.00,0.00,1.00,1.00,0.00,0.00,0.00,0.00, 
seq295,0.00,0.00,0.00,0.00,0.00,1.00,0.00,1.00,3.00,0.00,0.00,1.00,1.00,0.00,1.50,0.00,0.00,0.00,0.00,1.00, 
seq296,1.00,0.00,0.00,0.00,0.00,0.00,1.00,1.00,0.00,1.00,1.50,0.00,0.00,0.00,1.00,0.00,1.00,0.00,0.00,0.00, 
seq297,1.00,0.00,0.00,0.00,0.00,0.00,1.00,1.00,0.00,1.00,1.50,0.00,0.00,1.00,1.00,0.00,1.00,0.00,0.00,0.00, 
seq298,1.00,0.00,0.00,0.00,0.00,0.00,1.00,1.00,0.00,0.00,1.50,0.00,0.00,1.00,1.00,0.00,1.00,0.00,0.00,0.00, 
seq299,1.00,0.00,0.00,0.00,0.00,0.00,0.00,1.00,0.00,1.00,1.50,0.00,0.00,1.00,1.00,0.00,1.00,0.00,0.00,0.00, 
seq300,1.00,0.00,0.00,0.00,0.00,0.00,1.00,1.00,0.00,1.00,1.00,0.00,0.00,1.00,1.00,0.00,1.00,0.00,0.00,0.00, 
seq301,1.00,0.00,0.00,0.00,0.00,0.00,1.00,1.00,0.00,1.00,1.50,0.00,0.00,1.00,1.00,0.00,1.00,0.00,0.00,0.00, 
seq302,1.00,0.00,0.00,0.00,0.00,0.00,1.00,1.00,0.00,1.00,1.50,0.00,0.00,1.00,1.00,0.00,0.00,0.00,0.00,0.00, 
seq303,1.00,0.00,0.00,0.00,0.00,0.00,1.00,1.00,0.00,1.00,1.00,0.00,0.00,1.00,1.00,0.00,1.00,0.00,0.00,0.00, 
seq304,1.00,0.00,0.00,0.00,0.00,0.00,1.00,1.00,0.00,1.00,1.50,0.00,0.00,1.00,1.00,0.00,1.00,0.00,0.00,0.00, 
seq305,1.00,0.00,0.00,0.00,1.50,0.00,0.00,1.00,0.00,1.00,0.00,0.00,0.00,0.00,1.00,0.00,0.00,1.00,1.00,1.00, 
seq306,1.00,0.00,0.00,0.00,1.00,0.00,1.00,0.00,0.00,0.00,0.00,0.00,3.00,0.00,1.00,0.00,2.33,1.00,0.00,0.00, 
seq307,1.00,0.00,0.00,0.00,1.00,1.00,0.00,0.00,1.00,0.00,0.00,0.00,1.00,0.00,0.00,1.00,1.00,1.67,1.00,0.00, 
seq308,0.00,0.00,0.00,0.00,1.00,0.00,0.00,1.00,1.00,1.00,0.00,0.00,1.50,0.00,0.00,1.50,1.00,0.00,1.00,0.00, 
seq309,1.00,1.00,1.00,0.00,0.00,0.00,1.00,1.00,0.00,0.00,0.00,1.00,0.00,0.00,1.00,0.00,1.00,0.00,1.00,0.00, 
seq310,1.00,1.00,0.00,0.00,1.00,1.50,0.00,0.00,1.00,0.00,0.00,1.00,1.00,0.00,0.00,0.00,1.00,0.00,1.00,0.00, 
seq311,1.00,1.00,0.00,1.00,1.00,1.50,0.00,0.00,1.00,0.00,0.00,0.00,1.00,0.00,0.00,0.00,0.00,0.00,1.00,1.00, 
seq312,1.00,1.00,0.00,0.00,1.00,1.50,0.00,0.00,1.00,0.00,0.00,1.00,1.00,1.00,0.00,0.00,0.00,0.00,1.00,0.00, 
seq313,1.00,0.00,0.00,0.00,1.00,1.00,0.00,1.00,1.00,1.00,0.00,0.00,0.00,0.00,0.00,1.00,0.00,0.00,1.00,0.00, 
seq314,1.67,0.00,0.00,0.00,1.00,1.00,0.00,0.00,0.00,1.00,0.00,0.00,1.00,0.00,1.00,1.00,1.00,1.00,1.00,1.00, 
seq315,0.00,0.00,1.00,0.00,0.00,1.00,0.00,1.00,0.00,0.00,0.00,1.00,1.00,1.00,1.40,1.00,0.00,1.00,0.00,0.00, 
seq316,0.00,0.00,1.00,0.00,0.00,1.00,0.00,0.00,0.00,0.00,0.00,1.00,1.00,1.00,1.40,0.00,0.00,1.00,0.00,0.00, 
seq317,1.00,1.00,1.00,1.00,0.00,1.00,0.00,0.00,0.00,1.00,0.00,1.00,0.00,0.00,1.00,1.00,1.00,1.67,0.00,1.00, 
seq318,0.00,0.00,0.00,1.00,1.00,1.00,1.00,1.00,0.00,1.00,0.00,1.00,0.00,1.00,1.00,0.00,1.00,1.00,0.00,0.00, 
seq319,1.00,0.00,0.00,0.00,0.00,0.00,0.00,1.00,0.00,1.00,0.00,1.00,0.00,1.00,0.00,2.00,1.00,1.00,0.00,0.00, 
seq320,0.00,0.00,0.00,0.00,1.67,2.33,0.00,0.00,1.00,1.00,0.00,0.00,0.00,1.00,1.67,0.00,1.00,1.00,0.00,0.00, 
seq321,1.00,0.00,0.00,0.00,0.00,1.00,0.00,0.00,1.00,0.00,0.00,0.00,1.00,0.00,1.00,1.00,0.00,1.00,1.67,1.00, 
seq322,1.00,0.00,0.00,0.00,0.00,0.00,1.00,0.00,0.00,0.00,0.00,0.00,1.00,0.00,1.00,1.00,1.00,1.00,1.00,0.00, 
seq323,1.00,0.00,0.00,0.00,0.00,1.00,0.00,0.00,1.00,0.00,0.00,0.00,1.00,0.00,1.00,1.00,0.00,1.00,1.67,1.00, 
seq324,1.00,0.00,1.00,0.00,1.00,1.00,0.00,0.00,0.00,1.00,0.00,0.00,1.00,1.00,1.50,0.00,0.00,0.00,1.00,0.00, 
seq325,1.00,1.00,0.00,1.00,0.00,0.00,1.00,0.00,1.00,1.00,0.00,1.00,1.00,0.00,0.00,1.00,1.00,1.00,0.00,0.00, 
seq326,1.50,0.00,1.00,0.00,0.00,1.00,0.00,0.00,1.00,1.67,1.00,0.00,0.00,0.00,1.00,1.00,0.00,0.00,0.00,0.00, 
seq327,0.00,0.00,0.00,0.00,0.00,1.50,0.00,1.00,1.00,1.00,0.00,0.00,1.00,0.00,1.00,1.50,0.00,0.00,0.00,1.00, 
seq328,1.00,1.00,0.00,1.67,0.00,1.00,0.00,0.00,0.00,1.00,0.00,0.00,1.00,1.00,0.00,0.00,0.00,1.67,0.00,0.00, 
seq329,0.00,0.00,0.00,0.00,0.00,1.00,0.00,1.00,1.67,1.00,0.00,0.00,0.00,0.00,1.00,1.00,0.00,1.00,0.00,0.00, 
seq330,0.00,1.00,0.00,0.00,1.00,1.00,0.00,1.00,0.00,0.00,0.00,1.00,0.00,1.00,1.00,1.00,1.00,1.00,0.00,0.00, 
seq331,0.00,0.00,0.00,0.00,1.57,0.00,0.00,1.00,1.67,1.00,0.00,0.00,0.00,0.00,2.33,0.00,0.00,1.00,1.00,1.00, 
seq332,0.00,0.00,0.00,0.00,1.57,0.00,0.00,1.00,1.67,1.00,0.00,0.00,0.00,0.00,1.50,0.00,0.00,1.00,1.00,1.00, 
seq333,0.00,0.00,0.00,0.00,0.00,1.40,0.00,1.50,1.00,1.00,0.00,0.00,0.00,0.00,1.00,1.00,0.00,1.50,0.00,0.00, 
seq334,1.00,0.00,0.00,0.00,1.00,0.00,0.00,1.00,1.00,1.00,0.00,0.00,0.00,0.00,1.00,0.00,0.00,1.00,0.00,0.00, 
seq335,0.00,0.00,0.00,0.00,0.00,1.00,0.00,1.00,1.00,0.00,0.00,0.00,1.00,1.00,1.29,0.00,1.00,0.00,0.00,1.00, 
seq336,0.00,0.00,0.00,0.00,0.00,1.00,0.00,1.00,0.00,0.00,0.00,0.00,0.00,1.00,1.44,2.00,1.00,0.00,0.00,1.00, 
seq337,1.00,0.00,0.00,0.00,1.00,1.50,0.00,1.00,1.00,1.40,0.00,0.00,1.00,0.00,0.00,1.00,0.00,1.00,0.00,0.00, 
seq338,1.50,1.00,1.00,1.00,1.00,1.00,1.00,1.00,1.00,1.00,0.00,0.00,0.00,1.00,0.00,0.00,0.00,0.00,0.00,1.67, 
seq339,0.00,1.00,1.00,1.00,1.00,0.00,0.00,1.00,1.00,1.00,0.00,0.00,0.00,0.00,1.00,1.00,0.00,1.00,1.00,0.00, 
seq340,1.00,0.00,1.00,1.00,1.00,0.00,0.00,0.00,1.00,1.00,0.00,0.00,0.00,0.00,0.00,0.00,0.00,1.00,1.00,1.00, 
seq341,1.00,0.00,0.00,0.00,1.00,1.00,0.00,1.00,0.00,1.00,0.00,0.00,1.00,0.00,0.00,1.00,1.00,1.00,1.00,0.00, 
seq342,1.00,0.00,0.00,0.00,1.00,1.00,0.00,1.00,0.00,1.00,0.00,0.00,1.00,1.00,1.00,1.00,1.00,1.00,1.00,0.00, 
seq343,1.00,0.00,0.00,0.00,0.00,1.00,0.00,1.00,0.00,1.00,0.00,0.00,1.00,1.00,1.00,1.00,1.00,1.00,1.00,1.00, 
seq344,1.00,0.00,0.00,0.00,0.00,1.00,0.00,1.00,0.00,1.00,0.00,0.00,1.00,1.00,1.00,1.00,1.00,1.00,1.00,1.00, 
seq345,1.00,0.00,1.00,0.00,0.00,1.00,0.00,1.00,0.00,1.00,0.00,1.00,1.00,1.00,1.00,1.00,1.00,1.00,1.00,1.00, 
seq346,1.00,0.00,1.00,0.00,0.00,1.00,0.00,1.00,0.00,1.00,0.00,1.00,1.00,1.00,1.00,1.00,1.00,1.00,1.00,1.00, 
seq347,1.00,0.00,0.00,0.00,1.00,1.00,0.00,1.00,0.00,2.00,1.00,1.00,0.00,1.00,0.00,0.00,0.00,0.00,1.00,0.00, 
seq348,1.00,0.00,0.00,0.00,0.00,1.00,0.00,1.00,0.00,1.40,1.00,0.00,0.00,1.00,0.00,1.00,1.00,1.67,1.00,0.00, 
seq349,1.00,0.00,0.00,0.00,1.00,1.00,0.00,0.00,0.00,1.57,1.00,1.00,0.00,1.00,0.00,1.00,0.00,0.00,1.00,0.00, 
seq350,1.00,0.00,0.00,1.00,0.00,1.00,0.00,0.00,0.00,1.33,1.00,0.00,0.00,0.00,0.00,1.00,1.00,1.00,1.00,0.00, 
seq351,1.00,1.00,1.50,1.00,0.00,1.00,0.00,0.00,1.00,1.00,0.00,1.00,1.00,1.00,0.00,1.00,0.00,1.00,0.00,0.00, 
seq352,0.00,0.00,0.00,1.33,0.00,1.00,0.00,1.00,0.00,1.40,0.00,0.00,1.00,1.00,1.67,1.67,1.00,0.00,0.00,0.00, 
seq353,0.00,0.00,0.00,0.00,1.00,1.00,0.00,1.00,1.00,1.00,0.00,1.00,1.00,0.00,1.00,0.00,1.00,0.00,0.00,0.00, 
seq354,1.00,0.00,1.00,0.00,1.00,0.00,1.00,1.00,0.00,0.00,0.00,1.00,1.50,0.00,1.00,1.00,1.00,1.00,0.00,0.00, 
seq355,1.00,1.00,1.00,0.00,0.00,1.40,1.00,0.00,0.00,0.00,1.00,0.00,0.00,1.00,1.00,1.00,0.00,0.00,1.00,1.00, 
seq356,0.00,1.00,1.00,1.00,1.00,0.00,0.00,1.00,0.00,1.00,1.00,1.00,1.00,0.00,0.00,1.00,1.00,1.00,0.00,0.00, 
seq357,0.00,1.00,1.00,1.00,1.00,0.00,0.00,1.00,0.00,1.00,1.00,1.00,1.00,0.00,0.00,1.00,1.00,1.00,0.00,0.00, 
seq358,1.00,1.00,0.00,0.00,1.00,0.00,0.00,1.00,1.00,1.00,0.00,0.00,1.00,1.00,1.50,0.00,1.00,0.00,1.00,1.00, 
seq359,1.00,0.00,1.00,1.67,0.00,0.00,0.00,0.00,1.00,1.00,0.00,1.00,0.00,0.00,0.00,1.00,1.00,1.00,0.00,0.00, 
seq360,1.00,0.00,1.00,1.67,0.00,0.00,0.00,0.00,1.00,1.00,0.00,1.00,0.00,0.00,0.00,1.00,1.00,1.00,0.00,0.00, 
seq361,1.00,0.00,0.00,0.00,1.00,0.00,0.00,0.00,2.11,0.00,0.00,0.00,0.00,0.00,0.00,0.00,0.00,1.00,0.00,0.00, 
seq362,1.00,0.00,0.00,0.00,1.00,0.00,1.00,0.00,0.00,1.00,1.00,1.00,1.40,1.00,1.00,1.00,1.50,0.00,1.00,0.00, 
seq363,0.00,0.00,1.00,0.00,0.00,1.00,1.00,1.00,1.50,1.00,0.00,1.00,0.00,1.00,1.00,1.00,0.00,1.00,0.00,1.00, 
seq364,0.00,0.00,1.00,1.00,0.00,1.00,0.00,1.00,1.00,1.00,0.00,1.00,1.00,1.00,1.00,0.00,0.00,1.00,1.00,1.00, 
seq365,1.62,0.00,0.00,0.00,0.00,0.00,0.00,0.00,1.50,0.00,0.00,0.00,0.00,0.00,0.00,0.00,0.00,0.00,1.00,0.00, 
seq366,1.50,0.00,0.00,0.00,0.00,0.00,0.00,0.00,1.67,0.00,0.00,0.00,0.00,0.00,0.00,0.00,0.00,0.00,0.00,0.00, 
seq367,1.40,0.00,0.00,0.00,0.00,0.00,0.00,0.00,0.00,0.00,0.00,0.00,0.00,0.00,1.67,0.00,0.00,0.00,1.00,0.00, 
seq368,1.00,0.00,0.00,0.00,0.00,0.00,0.00,0.00,1.40,0.00,0.00,0.00,0.00,0.00,1.67,0.00,0.00,0.00,0.00,0.00, 
seq369,1.00,0.00,1.00,1.00,1.00,1.00,0.00,1.00,1.00,1.00,0.00,0.00,0.00,0.00,1.00,1.00,0.00,1.00,1.00,1.00, 
seq370,1.00,0.00,0.00,0.00,1.00,0.00,0.00,0.00,1.62,0.00,0.00,0.00,0.00,0.00,0.00,0.00,0.00,0.00,0.00,0.00, 
seq371,1.00,0.00,0.00,0.00,1.00,0.00,0.00,1.00,1.33,1.00,0.00,0.00,0.00,0.00,1.00,0.00,0.00,1.00,0.00,0.00, 
seq372,1.00,0.00,0.00,0.00,1.00,0.00,0.00,0.00,1.62,1.00,0.00,0.00,0.00,0.00,0.00,0.00,0.00,0.00,0.00,0.00, 
seq373,1.00,0.00,0.00,0.00,1.00,0.00,0.00,1.00,1.62,0.00,0.00,0.00,0.00,0.00,0.00,0.00,0.00,0.00,0.00,0.00, 
seq374,1.00,1.00,1.00,1.00,0.00,1.00,0.00,1.00,1.00,2.67,0.00,0.00,0.00,1.00,1.00,1.00,1.00,1.00,0.00,0.00, 
seq375,0.00,1.00,1.00,0.00,1.00,1.00,0.00,0.00,1.00,1.44,0.00,0.00,1.00,0.00,1.33,0.00,1.00,1.00,1.00,1.00, 
seq376,1.00,0.00,0.00,0.00,1.00,1.00,0.00,1.00,0.00,1.33,1.00,1.00,0.00,1.00,0.00,1.00,0.00,1.00,1.00,0.00, 
seq377,1.00,0.00,1.00,1.67,0.00,0.00,0.00,1.00,1.00,1.00,0.00,1.00,0.00,0.00,1.00,1.00,1.00,1.00,0.00,0.00, 
seq378,1.00,0.00,1.00,1.00,0.00,1.00,1.00,1.00,1.00,1.00,0.00,1.00,0.00,0.00,1.00,1.00,1.00,1.00,0.00,0.00, 
seq379,1.00,0.00,0.00,0.00,1.00,0.00,0.00,1.00,1.00,1.00,0.00,0.00,0.00,0.00,1.00,0.00,0.00,0.00,0.00,0.00, 
seq380,0.00,1.00,0.00,0.00,1.00,1.00,1.00,0.00,0.00,1.00,1.00,1.00,1.33,0.00,1.50,1.00,1.00,0.00,1.00,1.00, 
seq381,0.00,0.00,1.00,1.00,1.00,1.00,1.00,1.00,1.40,1.00,1.00,1.00,0.00,1.00,0.00,1.00,0.00,1.00,0.00,0.00, 
seq382,1.00,0.00,1.00,0.00,1.00,1.00,0.00,1.00,1.33,1.00,0.00,0.00,0.00,0.00,1.33,0.00,0.00,1.00,0.00,0.00, 
seq383,1.00,0.00,1.00,1.00,0.00,1.40,0.00,1.00,1.00,1.40,0.00,0.00,2.14,1.00,1.00,1.50,0.00,0.00,1.00,1.00, 
seq384,1.00,1.00,0.00,1.40,0.00,0.00,1.00,1.00,1.00,1.00,1.00,1.00,1.00,1.00,0.00,1.00,1.00,1.00,0.00,1.00, 
seq385,1.00,1.00,0.00,0.00,1.00,1.00,0.00,1.00,1.50,1.00,1.00,0.00,1.00,1.00,1.57,1.00,1.00,1.00,1.00,0.00, 
seq386,1.77,0.00,0.00,0.00,1.00,0.00,0.00,1.00,1.25,1.00,0.00,0.00,0.00,0.00,1.00,0.00,0.00,1.00,0.00,0.00, 
seq387,1.00,0.00,0.00,0.00,1.00,0.00,0.00,0.00,2.22,0.00,0.00,0.00,0.00,0.00,0.00,0.00,0.00,1.00,0.00,0.00, 
seq388,1.00,0.00,0.00,0.00,1.00,0.00,0.00,1.00,1.29,1.00,0.00,0.00,0.00,0.00,1.22,0.00,0.00,1.00,0.00,0.00, 
seq389,1.00,0.00,1.00,1.40,1.00,0.00,1.00,1.00,1.00,0.00,1.00,1.00,0.00,0.00,0.00,1.33,0.00,1.00,0.00,1.00, 
seq390,0.00,0.00,0.00,0.00,1.00,1.00,1.00,0.00,1.00,1.00,1.00,1.00,1.00,1.50,1.00,0.00,0.00,1.00,1.00,1.00, 
seq391,1.00,0.00,0.00,1.00,0.00,1.00,1.00,0.00,0.00,0.00,1.00,1.00,1.00,1.00,5.67,1.00,1.33,1.00,0.00,0.00, 
seq392,1.50,1.00,1.00,1.00,1.00,1.00,1.00,1.33,1.00,1.00,0.00,1.00,0.00,1.00,1.00,1.00,1.00,0.00,0.00,1.00, 
seq393,0.00,1.67,1.00,0.00,1.00,1.00,0.00,1.50,0.00,1.00,0.00,1.00,1.00,1.00,1.00,1.00,1.00,1.00,1.00,0.00, 
seq394,1.00,1.33,1.00,0.00,1.00,1.40,1.00,1.00,1.00,1.00,0.00,1.00,1.00,0.00,1.00,1.00,0.00,0.00,0.00,1.00, 
seq395,1.57,0.00,1.00,0.00,1.00,1.29,1.00,1.00,1.00,1.00,0.00,0.00,0.00,1.00,0.00,1.00,1.00,1.00,1.00,1.00, 
seq396,1.00,0.00,1.00,0.00,1.00,1.33,1.00,1.00,1.00,1.00,1.00,1.00,0.00,1.00,0.00,1.00,1.00,1.00,1.00,1.00, 
seq397,1.00,0.00,1.00,0.00,1.00,1.29,1.00,1.00,1.00,1.00,0.00,0.00,0.00,1.00,0.00,1.00,1.00,1.00,1.00,1.00, 
seq398,1.00,0.00,1.00,0.00,1.00,1.33,1.00,1.00,1.00,1.00,1.00,0.00,0.00,1.00,0.00,1.00,1.00,1.00,1.00,1.00, 
seq399,0.00,1.00,0.00,1.00,1.00,1.00,1.00,1.00,0.00,1.00,0.00,1.00,1.40,1.00,1.00,1.00,1.00,1.00,1.00,0.00, 
seq400,0.00,1.67,0.00,1.00,1.00,1.00,1.00,1.00,0.00,1.00,0.00,1.00,1.67,1.00,1.00,1.00,1.00,1.00,1.00,0.00, 
seq401,1.00,0.00,0.00,0.00,1.00,1.00,0.00,0.00,2.17,0.00,0.00,0.00,0.00,0.00,0.00,0.00,0.00,0.00,0.00,0.00, 
seq402,1.00,0.00,1.00,1.00,1.00,1.00,0.00,1.50,1.00,1.00,1.00,1.00,0.00,1.00,1.00,1.00,1.50,1.40,0.00,1.00, 
seq403,1.00,0.00,1.00,1.50,1.00,1.00,1.00,0.00,1.00,1.00,1.00,0.00,0.00,0.00,1.50,1.00,1.00,1.00,0.00,0.00, 
seq404,1.00,1.00,1.50,1.67,0.00,0.00,1.00,1.00,1.00,1.00,1.00,0.00,0.00,1.00,1.00,1.00,1.00,1.00,0.00,1.00, 
seq405,1.00,0.00,1.00,0.00,1.00,1.29,1.00,1.00,1.00,1.00,1.00,0.00,0.00,1.00,0.00,1.00,1.00,1.00,1.00,1.00, 
seq406,1.00,1.00,1.00,1.40,1.00,1.00,1.00,1.00,1.00,1.40,1.00,0.00,1.00,0.00,1.40,1.00,1.00,0.00,0.00,1.00, 
seq407,1.00,1.00,1.00,1.00,1.00,1.00,0.00,1.00,0.00,1.00,0.00,1.00,1.00,1.00,1.00,1.00,2.33,2.33,1.00,1.00, 
seq408,1.00,0.00,1.00,1.00,1.67,0.00,0.00,1.00,1.00,1.00,0.00,1.00,0.00,1.00,1.00,1.00,1.00,0.00,1.00,0.00, 
seq409,1.00,0.00,1.00,0.00,0.00,0.00,1.00,1.50,1.00,1.00,0.00,1.00,0.00,1.00,1.00,1.00,1.00,1.00,0.00,1.00, 
seq410,1.00,0.00,0.00,0.00,1.00,0.00,0.00,0.00,2.12,0.00,0.00,0.00,0.00,0.00,0.00,0.00,0.00,1.00,0.00,0.00, 
seq411,1.00,0.00,0.00,0.00,1.00,1.00,0.00,1.00,1.22,1.00,0.00,0.00,0.00,0.00,1.22,0.00,0.00,1.00,0.00,0.00, 
seq412,0.00,1.00,0.00,0.00,0.00,1.18,4.33,1.00,0.00,0.00,0.00,0.00,1.00,0.00,1.00,0.00,0.00,1.00,0.00,0.00, 
seq413,1.00,0.00,1.00,1.00,1.00,0.00,0.00,1.00,1.40,1.22,1.00,1.00,0.00,1.00,1.00,1.00,1.00,1.00,0.00,1.00, 
seq414,1.00,0.00,1.50,1.00,1.00,0.00,1.00,1.00,1.00,1.20,0.00,0.00,1.00,1.00,1.00,1.00,0.00,1.00,1.00,0.00, 
seq415,1.00,0.00,1.00,1.00,1.00,1.00,1.00,1.00,1.00,1.40,0.00,1.00,1.00,1.00,1.00,1.00,0.00,1.00,0.00,1.00, 
seq416,1.00,0.00,1.00,1.00,1.00,1.00,0.00,1.00,1.00,1.00,0.00,1.00,0.00,1.00,0.00,1.00,2.00,1.50,0.00,0.00, 
seq417,1.00,0.00,1.67,1.00,1.00,1.00,0.00,1.00,1.00,1.00,0.00,1.22,0.00,1.00,0.00,1.00,2.00,1.00,0.00,0.00, 
seq418,1.00,0.00,1.00,1.00,1.00,1.00,0.00,1.00,1.00,1.00,0.00,1.00,0.00,1.00,1.00,1.57,1.00,1.00,0.00,0.00, 
seq419,1.00,1.00,1.00,1.00,1.00,1.00,0.00,1.00,1.00,0.00,1.00,1.00,1.40,1.00,2.43,1.00,1.00,1.00,1.00,0.00, 
seq420,1.00,1.00,1.00,1.00,1.00,1.00,1.00,1.00,1.40,0.00,0.00,1.44,1.25,1.00,1.00,1.00,1.00,1.00,1.00,0.00, 
seq421,1.00,0.00,1.00,1.00,0.00,1.00,1.00,1.00,1.00,1.33,0.00,1.00,1.00,1.00,0.00,1.00,1.00,1.20,0.00,1.00, 
seq422,1.00,0.00,1.00,1.25,1.00,1.00,1.00,1.00,1.00,1.00,0.00,1.00,1.00,1.00,1.00,1.00,1.00,1.40,0.00,1.00, 
seq423,1.00,0.00,1.40,1.44,1.00,0.00,1.00,1.00,1.00,1.17,1.00,0.00,1.00,1.29,1.00,1.00,0.00,1.00,1.00,1.00, 
