ID,PAAC2_A,PAAC2_C,PAAC2_D,PAAC2_E,PAAC2_F,PAAC2_G,PAAC2_H,PAAC2_I,PAAC2_K,PAAC2_L,PAAC2_M,PAAC2_N,PAAC2_P,PAAC2_Q,PAAC2_R,PAAC2_S,PAAC2_T,PAAC2_V,PAAC2_W,PAAC2_Y,PAAC2_lam1,PAAC2_lam2
seq0,1.6796,0.0,0.8398,5.8785,0.8398,0.0,0.0,1.6796,2.5194,4.1989,0.8398,2.5194,0.0,3.3591,0.8398,0.8398,0.8398,0.8398,0.8398,0.8398,0.076,0.0843
seq1,1.6761,0.0,0.838,5.0282,1.6761,0.838,0.0,1.6761,1.6761,4.1902,0.838,3.3522,0.0,3.3522,0.0,0.838,0.838,0.838,0.838,0.838,0.078,0.084
seq2,1.651,0.0,0.8255,6.6042,0.8255,0.0,0.0,1.651,2.4766,3.3021,0.8255,1.651,0.0,4.1276,0.8255,0.0,0.8255,0.8255,1.651,0.8255,0.0798,0.0947
seq3,0.0,5.0337,0.0,0.8389,0.0,2.5168,0.8389,0.8389,5.8726,1.6779,0.0,0.8389,3.3558,0.8389,1.6779,0.0,1.6779,2.5168,0.0,1.6779,0.086,0.075
seq4,0.8334,0.8334,1.6669,0.8334,1.6669,0.0,0.8334,0.0,1.6669,0.8334,0.8334,0.0,2.5003,0.0,3.3338,0.8334,5.0007,3.3338,0.0,0.0,0.0826,0.084
seq5,3.3939,1.6969,2.5454,1.6969,0.0,0.8485,0.0,0.8485,1.6969,0.8485,0.0,1.6969,1.6969,0.8485,1.6969,0.0,1.6969,3.3939,0.0,0.8485,0.0847,0.0668
seq6,1.6774,0.0,0.8387,0.8387,1.6774,0.8387,0.8387,0.0,1.6774,4.1936,0.0,0.8387,1.6774,0.0,1.6774,3.3548,2.5161,1.6774,0.0,0.8387,0.0627,0.0986
seq7,0.0,0.0,0.0,7.0655,3.1402,0.0,0.0,0.0,7.8506,2.3552,0.7851,0.7851,0.0,0.7851,2.3552,0.7851,0.7851,0.7851,1.5701,0.0,0.0897,0.1253
seq8,0.7851,0.0,1.5702,1.5702,3.1405,1.5702,0.0,0.0,1.5702,2.3554,0.7851,1.5702,0.7851,3.9256,3.9256,1.5702,0.7851,0.7851,2.3554,0.0,0.10800000000000001,0.1069
seq9,0.0,0.0,1.6736,2.5104,0.8368,1.6736,0.0,3.3472,3.3472,1.6736,0.8368,2.5104,0.0,6.6945,0.0,0.0,0.8368,0.8368,0.8368,1.6736,0.0785,0.0847
seq10,0.0,0.0,1.6613,2.4919,0.8306,2.4919,0.0,4.1532,3.3225,1.6613,0.8306,2.4919,0.0,4.1532,0.0,0.0,1.6613,0.8306,0.8306,1.6613,0.0789,0.0905
seq11,0.0,0.0,1.6897,2.5345,0.8448,1.6897,0.8448,3.3794,1.6897,2.5345,0.8448,4.2242,0.0,3.3794,0.0,0.0,2.5345,0.8448,1.6897,1.6897,0.077,0.0781
seq12,0.0,0.0,2.4416,2.4416,0.8139,1.6277,0.0,3.2555,4.0693,1.6277,0.8139,1.6277,0.0,5.6971,0.0,0.0,0.8139,0.8139,1.6277,0.8139,0.0905,0.0956
seq13,3.7276,0.0,0.0,0.0,0.0,3.7276,0.9319,0.9319,0.0,0.9319,0.9319,0.0,0.0,1.8638,0.0,0.0,2.7957,1.8638,0.0,0.9319,0.0338,0.0342
seq14,0.8869,2.6608,0.0,0.0,0.0,1.7739,0.0,0.0,0.8869,0.0,0.8869,2.6608,0.8869,0.0,0.8869,5.3216,1.7739,0.0,0.0,0.8869,0.057,0.0561
seq15,2.2957,0.0,0.0,1.5305,0.7652,2.2957,0.0,0.7652,1.5305,1.5305,0.0,0.7652,0.0,0.0,0.7652,0.0,1.5305,0.0,1.5305,0.0,0.0998,0.135
seq16,2.3105,0.0,0.0,1.5403,0.7702,2.3105,0.0,0.7702,1.5403,1.5403,0.0,0.7702,0.7702,0.0,0.7702,0.0,0.7702,0.0,1.5403,0.0,0.1032,0.1266
seq17,2.3155,0.0,0.0,1.5437,0.7718,2.3155,0.0,0.7718,1.5437,0.7718,0.0,0.7718,0.7718,0.0,0.7718,0.0,1.5437,0.0,1.5437,0.0,0.0975,0.1307
seq18,2.3091,0.0,0.0,1.5394,0.7697,2.3091,0.0,0.7697,1.5394,1.5394,0.0,0.0,0.7697,0.0,0.7697,0.0,1.5394,0.0,1.5394,0.0,0.10300000000000001,0.1273
seq19,2.3729,0.0,0.0,1.5819,0.791,2.3729,0.0,0.791,1.5819,1.5819,0.0,0.791,0.791,0.0,0.0,0.0,1.5819,0.0,1.5819,0.0,0.0916,0.1174
seq20,2.2964,0.0,0.0,1.531,0.7655,2.2964,0.0,0.0,1.531,1.531,0.0,0.7655,0.7655,0.0,0.7655,0.0,1.531,0.0,1.531,0.0,0.1083,0.1262
seq21,2.2804,0.0,0.0,1.5203,0.7601,2.2804,0.0,0.7601,1.5203,1.5203,0.0,0.7601,0.7601,0.0,0.7601,0.0,0.7601,0.0,1.5203,0.0,0.0999,0.14
seq22,2.2996,0.0,0.0,1.5331,0.7665,2.2996,0.0,0.7665,1.5331,0.7665,0.0,0.7665,0.7665,0.0,0.7665,0.0,1.5331,0.0,1.5331,0.0,0.1066,0.1269
seq23,2.3171,0.0,0.0,1.5448,0.7724,2.3171,0.0,0.7724,0.7724,1.5448,0.0,0.7724,0.7724,0.0,0.7724,0.0,1.5448,0.0,1.5448,0.0,0.1009,0.1267
seq24,1.5387,0.0,0.0,1.5387,0.7693,2.308,0.0,0.7693,1.5387,1.5387,0.0,0.7693,0.7693,0.0,0.7693,0.0,1.5387,0.0,1.5387,0.0,0.1003,0.1303
seq25,2.3223,0.0,0.0,1.5482,0.0,2.3223,0.0,0.7741,1.5482,1.5482,0.0,0.7741,0.7741,0.0,0.7741,0.0,1.5482,0.0,1.5482,0.0,0.1,0.1258
seq26,1.5291,0.0,0.0,1.5291,0.7645,2.2936,0.0,0.7645,1.5291,1.5291,0.0,0.7645,0.7645,0.0,0.7645,0.0,1.5291,0.0,1.5291,0.0,0.1032,0.1322
seq27,2.298,0.0,0.0,0.766,0.766,2.298,0.0,0.766,1.532,1.532,0.0,0.766,0.766,0.0,0.766,0.0,1.532,0.0,1.532,0.0,0.10800000000000001,0.126
seq28,1.5318,0.0,0.0,1.5318,0.7659,2.2978,0.0,0.7659,1.5318,1.5318,0.0,0.7659,0.7659,0.0,0.7659,0.0,1.5318,0.0,1.5318,0.0,0.1035,0.1306
seq29,1.4798,0.7399,0.0,0.7399,0.7399,0.7399,0.0,1.4798,1.4798,0.7399,0.0,0.0,0.0,0.7399,2.9596,0.0,1.4798,0.0,1.4798,0.0,0.1209,0.1392
seq30,2.329,0.0,0.0,0.7763,0.7763,2.329,0.0,0.7763,1.5527,1.5527,0.0,0.7763,0.7763,0.0,0.7763,0.0,1.5527,0.0,1.5527,0.0,0.0942,0.1294
seq31,5.6801,0.0,0.0,0.0,0.0,2.84,0.9467,1.8934,0.0,2.84,0.9467,0.0,0.0,0.0,0.0,0.9467,2.84,1.8934,0.0,0.0,0.0307,0.0226
seq32,2.4987,0.0,0.0,2.4987,1.6658,0.8329,0.0,0.8329,1.6658,1.6658,1.6658,0.0,0.0,0.8329,0.0,0.0,0.8329,0.8329,0.0,0.8329,0.0893,0.0778
seq33,0.0,0.0,0.0,0.0,0.0,5.1575,0.0,3.4383,0.8596,4.2979,0.0,0.8596,0.8596,0.8596,0.0,0.0,0.0,0.0,0.0,0.8596,0.068,0.0724
seq34,0.0,0.9376,0.0,0.0,0.0,4.6878,0.0,2.8127,0.0,8.438,0.0,0.0,0.9376,0.0,0.0,0.0,0.0,0.9376,0.0,0.0,0.0346,0.0278
seq35,0.0,0.0,0.7714,0.7714,0.0,1.5429,0.0,0.7714,1.5429,0.7714,0.0,0.7714,0.0,3.0857,0.7714,0.0,0.7714,1.5429,2.3143,0.0,0.1218,0.1067
seq36,1.6677,0.0,0.8339,2.5016,0.0,0.0,0.0,0.8339,1.6677,1.6677,0.8339,0.0,2.5016,0.0,2.5016,0.0,0.0,1.6677,0.0,1.6677,0.0771,0.08900000000000001
seq37,0.7704,0.0,0.0,0.7704,0.7704,1.5408,0.0,0.7704,0.0,2.3113,0.0,1.5408,0.7704,1.5408,2.3113,0.7704,0.0,0.0,0.7704,0.7704,0.09699999999999999,0.1326
seq38,0.8037,0.8037,0.0,0.0,0.0,1.6075,0.0,0.8037,0.8037,0.8037,0.8037,2.4112,1.6075,0.0,1.6075,1.6075,0.8037,0.0,0.8037,0.8037,0.0799,0.1164
seq39,0.8483,0.0,0.0,0.8483,0.0,0.8483,0.8483,0.8483,0.8483,4.2415,0.0,1.6966,0.0,0.8483,0.8483,0.0,1.6966,2.5449,0.0,0.0,0.0852,0.0665
seq40,0.0,0.7405,0.0,0.7405,0.0,1.4809,0.0,1.4809,0.7405,0.0,0.0,0.7405,0.7405,0.7405,3.7023,0.0,2.2214,0.0,1.4809,0.0,0.125,0.1346
seq41,3.5064,0.0,0.0,0.0,0.0,0.0,0.8766,1.7532,1.7532,2.6298,0.8766,0.0,0.8766,0.0,2.6298,0.8766,0.8766,1.7532,0.0,0.8766,0.064,0.0594
seq42,0.8986,0.0,0.0,0.0,0.0,0.0,2.6959,0.0,0.8986,0.8986,0.8986,0.8986,1.7972,0.0,0.0,0.0,0.8986,0.0,0.8986,0.0,0.0435,0.0578
seq43,1.6444,1.6444,0.0,1.6444,0.8222,0.0,1.6444,0.0,0.8222,3.2888,0.0,0.0,2.4666,0.0,1.6444,0.8222,0.0,0.8222,0.0,0.8222,0.0857,0.0921
seq44,0.8613,0.0,0.0,0.8613,1.7227,0.0,0.0,0.8613,0.8613,4.3067,0.0,0.0,0.0,0.0,0.0,0.8613,0.0,0.8613,0.8613,0.8613,0.0943,0.0443
seq45,0.0,0.7494,2.2481,0.7494,0.7494,0.0,0.0,0.7494,0.7494,2.9975,0.0,0.0,0.0,0.0,0.7494,1.4987,0.0,0.0,2.2481,0.0,0.1257,0.1249
seq46,0.0,0.7505,2.2515,0.7505,0.7505,0.0,0.0,0.7505,0.7505,3.0021,0.0,0.0,0.0,0.0,0.7505,1.501,0.0,0.0,2.2515,0.0,0.1253,0.1242
seq47,0.0,0.7531,2.2593,0.7531,0.7531,0.0,0.0,0.0,0.7531,3.0124,0.0,0.0,0.0,0.0,0.7531,1.5062,0.0,0.7531,2.2593,0.0,0.1252,0.1216
seq48,0.0,0.7555,2.2666,0.7555,0.7555,0.7555,0.0,1.511,0.7555,1.511,0.0,0.0,0.0,0.0,0.7555,2.2666,0.0,0.7555,2.2666,0.0,0.1161,0.1284
seq49,0.0,0.746,2.238,0.746,0.746,0.0,0.0,1.492,0.746,1.492,0.0,0.0,0.0,0.0,0.746,1.492,0.746,0.746,2.984,0.0,0.1243,0.1297
seq50,0.0,0.7527,2.2582,0.7527,0.7527,0.0,0.0,1.5055,0.7527,1.5055,0.0,0.0,0.0,0.0,0.7527,1.5055,0.0,0.7527,2.2582,0.0,0.1465,0.1007
seq51,0.0,0.7477,2.2432,0.7477,0.7477,0.0,0.0,1.4955,0.7477,1.4955,0.0,0.0,0.0,0.0,0.7477,1.4955,0.0,0.7477,2.2432,0.0,0.1263,0.126
seq52,0.0,0.7514,2.2541,0.7514,0.7514,0.0,0.0,1.5027,0.7514,1.5027,0.0,0.0,0.0,0.0,0.7514,1.5027,0.0,0.7514,2.2541,0.0,0.1259,0.1228
seq53,0.0,0.7377,2.2132,0.7377,0.7377,0.0,0.0,1.4755,0.7377,1.4755,0.0,0.0,0.0,0.0,0.7377,1.4755,0.0,0.7377,2.2132,0.0,0.1169,0.1454
seq54,0.0,0.7708,2.3124,0.0,0.7708,0.0,0.0,0.7708,0.7708,1.5416,0.0,0.0,0.0,0.0,0.7708,0.7708,1.5416,1.5416,2.3124,0.0,0.1189,0.1103
seq55,0.0,0.7699,2.3096,0.0,0.7699,0.0,0.0,0.7699,0.7699,1.5397,0.0,0.0,0.0,0.0,0.7699,0.7699,1.5397,1.5397,2.3096,0.0,0.1208,0.1093
seq56,0.0,0.7688,2.3064,0.0,0.7688,0.0,0.0,1.5376,0.7688,0.7688,0.0,0.0,0.0,0.0,0.7688,1.5376,0.0,2.3064,2.3064,0.0,0.13,0.1012
seq57,0.0,0.0,1.5853,0.7927,0.7927,0.0,0.7927,0.0,0.7927,2.378,0.0,0.0,0.0,0.0,0.0,1.5853,0.0,2.378,3.1707,0.0,0.1264,0.081
seq58,0.0,0.7687,2.3062,0.0,0.7687,0.0,0.0,0.0,0.7687,1.5374,0.0,0.0,0.0,0.0,0.7687,1.5374,0.7687,2.3062,2.3062,0.0,0.1205,0.1108
seq59,0.0,0.7693,3.0774,1.5387,0.7693,0.0,0.0,1.5387,0.0,1.5387,0.0,0.0,0.0,0.0,0.0,1.5387,0.0,0.7693,2.308,0.0,0.1148,0.1159
seq60,0.0,0.7062,0.7062,0.7062,0.7062,0.0,0.0,1.4125,0.7062,1.4125,0.0,0.0,0.0,0.0,2.1187,1.4125,0.0,0.7062,2.1187,0.0,0.14,0.1537
seq61,0.0,0.7056,0.7056,0.0,0.7056,0.0,0.0,1.4111,1.4111,1.4111,0.0,0.0,0.0,0.0,2.1167,1.4111,0.0,0.7056,2.1167,0.0,0.1417,0.1527
seq62,1.6472,0.0,4.1181,3.2945,0.0,0.0,0.0,3.2945,3.2945,3.2945,0.0,1.6472,0.8236,0.8236,1.6472,4.1181,0.0,0.8236,0.8236,0.0,0.0969,0.0795
seq63,0.8334,0.0,0.0,0.0,0.8334,0.0,0.8334,1.6669,0.8334,0.0,0.0,1.6669,1.6669,0.0,0.8334,0.0,2.5003,0.0,0.8334,0.0,0.0931,0.0735
seq64,0.8865,5.3188,0.0,1.7729,1.7729,1.7729,0.0,2.6594,1.7729,0.8865,0.8865,1.7729,0.0,0.0,0.0,4.4323,0.8865,1.7729,0.0,0.8865,0.0624,0.0511
seq65,0.8781,5.2688,0.0,0.8781,0.8781,2.6344,0.0,2.6344,1.7563,0.0,0.0,0.8781,1.7563,0.0,0.8781,3.5125,0.8781,2.6344,0.0,0.8781,0.0587,0.0632
seq66,0.0,0.8768,0.0,0.0,2.6304,1.7536,1.7536,0.0,0.0,1.7536,0.0,0.0,0.8768,0.8768,0.8768,1.7536,0.8768,1.7536,0.0,0.0,0.0599,0.0633
seq67,1.7761,3.5521,0.888,0.0,1.7761,3.5521,0.0,0.888,0.0,0.888,0.0,0.888,0.0,0.0,0.0,0.888,0.0,1.7761,0.888,0.888,0.0592,0.0528
seq68,1.693,1.693,0.8465,0.0,0.8465,2.5394,0.0,0.0,0.0,0.0,0.0,0.8465,2.5394,0.8465,0.0,0.0,0.0,2.5394,2.5394,0.0,0.0936,0.0599
seq69,0.857,0.0,1.7141,5.9992,0.0,0.0,0.857,2.5711,1.7141,4.2851,0.0,3.4281,0.0,3.4281,0.857,2.5711,0.857,0.0,0.857,0.857,0.067,0.076
seq70,7.0541,0.0,0.0,6.2703,0.7838,0.0,0.0,0.0,6.2703,3.9189,0.0,0.7838,0.0,0.0,0.0,0.7838,0.0,0.0,2.3514,0.0,0.0917,0.1245
seq71,0.8743,0.8743,0.8743,1.7486,0.8743,1.7486,2.6229,0.0,1.7486,0.0,0.8743,0.0,0.0,4.3716,0.0,0.8743,0.0,0.0,0.0,0.0,0.0565,0.0692
seq72,1.7219,5.1657,3.4438,0.8609,0.8609,3.4438,0.0,0.8609,0.8609,1.7219,0.0,0.8609,1.7219,0.0,2.5828,1.7219,3.4438,1.7219,0.0,0.8609,0.0673,0.0718
seq73,0.0,4.5471,0.0,0.0,1.5157,1.5157,0.0,1.5157,0.0,0.0,0.0,0.0,0.0,0.0,3.0314,0.0,1.5157,0.0,0.0,0.0,0.1118,0.1304
seq74,0.0,4.4482,0.0,0.0,0.7414,1.4827,0.0,0.7414,0.0,0.7414,0.0,0.0,0.0,0.0,3.7068,0.0,0.7414,0.7414,0.0,0.0,0.1023,0.1564
seq75,3.3313,0.0,0.0,0.8328,0.0,4.1641,0.8328,1.6656,3.3313,4.1641,0.0,0.0,0.0,0.0,0.0,1.6656,1.6656,0.0,0.0,0.8328,0.0738,0.0934
seq76,3.3135,0.0,0.0,0.8284,0.0,4.1418,0.0,1.6567,3.3135,3.3135,0.0,0.8284,0.0,0.0,0.0,0.8284,2.4851,0.8284,0.0,0.8284,0.0768,0.0948
seq77,0.0,0.0,0.7389,1.4778,2.2167,0.7389,0.0,1.4778,2.2167,1.4778,0.0,0.7389,0.0,0.7389,2.2167,0.0,0.0,0.7389,0.0,0.0,0.113,0.1481
seq78,0.0,0.0,0.7262,0.7262,1.4524,0.7262,0.0,2.1785,2.1785,1.4524,0.0,0.7262,0.0,0.7262,2.1785,0.0,0.0,1.4524,0.0,0.0,0.1154,0.1585
seq79,0.811,0.0,0.0,0.0,0.811,1.622,0.0,0.811,1.622,1.622,0.811,0.811,0.0,0.0,0.0,0.811,0.0,3.2439,0.811,0.811,0.0885,0.1005
seq80,1.8043,5.4129,0.9022,0.9022,0.0,1.8043,0.0,1.8043,0.9022,0.9022,0.0,0.9022,1.8043,0.0,0.0,2.7065,1.8043,3.6086,0.9022,0.9022,0.0465,0.0514
seq81,0.8964,5.3782,0.0,0.8964,0.8964,2.6891,0.0,1.7927,1.7927,0.8964,0.0,1.7927,1.7927,0.0,0.8964,1.7927,1.7927,2.6891,0.0,0.8964,0.0529,0.0507
seq82,0.0,5.4201,0.0,0.9033,0.0,4.5167,0.0,0.9033,0.0,0.9033,0.0,1.8067,2.71,0.0,0.9033,1.8067,3.6134,1.8067,0.9033,0.0,0.052000000000000005,0.0447
seq83,1.6537,0.8269,0.8269,0.0,0.8269,2.4806,0.0,0.8269,0.0,0.0,0.0,0.0,2.4806,0.8269,0.0,0.0,0.8269,2.4806,2.4806,0.0,0.0951,0.078
seq84,0.0,0.0,0.0,0.0,2.8796,0.7199,0.0,0.7199,5.0393,0.7199,0.0,0.0,0.0,0.0,2.1597,0.7199,0.0,0.0,0.0,0.0,0.1401,0.14
seq85,0.9122,5.4731,0.0,0.9122,1.8244,2.7365,0.0,0.0,0.9122,0.9122,0.0,0.9122,0.9122,0.9122,0.0,2.7365,3.6487,1.8244,0.0,0.9122,0.0455,0.0423
seq86,1.7114,0.8557,0.0,3.4228,0.0,0.8557,0.0,0.8557,0.8557,1.7114,0.0,0.0,0.8557,0.0,0.0,0.0,2.5671,0.8557,0.0,0.0,0.0685,0.0758
seq87,1.6275,0.8138,0.0,2.4413,0.0,0.8138,0.0,0.8138,0.8138,1.6275,0.0,0.0,0.8138,0.0,0.0,0.0,2.4413,0.0,1.6275,0.0,0.0932,0.0931
seq88,0.0,4.5321,0.0,0.0,0.0,3.0214,0.0,1.5107,0.0,0.0,0.0,0.0,0.0,0.0,3.0214,0.0,0.0,1.5107,0.0,0.0,0.1131,0.1315
seq89,1.7871,5.3612,0.0,0.8935,0.8935,2.6806,0.0,3.5741,1.7871,0.0,0.0,1.7871,1.7871,0.0,0.8935,2.6806,0.0,2.6806,0.0,0.8935,0.0546,0.0519
seq90,0.0,5.5339,0.0,0.9223,0.9223,3.6892,0.0,2.7669,0.0,0.9223,0.0,1.8446,1.8446,0.0,0.0,3.6892,0.9223,3.6892,0.0,0.9223,0.0378,0.0399
seq91,0.0,0.0,0.8556,5.1336,0.0,0.0,0.8556,3.4224,0.8556,1.7112,1.7112,5.1336,0.0,2.5668,0.8556,2.5668,1.7112,0.0,2.5668,0.8556,0.0672,0.0772
seq92,0.7815,0.0,0.0,0.7815,0.7815,0.7815,0.0,0.7815,2.3446,0.7815,0.7815,0.0,0.7815,0.7815,1.563,0.7815,0.0,0.0,0.0,0.7815,0.1295,0.08900000000000001
seq93,0.0,5.2543,0.8757,1.7514,0.8757,0.8757,0.8757,1.7514,2.6272,0.8757,0.0,1.7514,1.7514,0.0,0.0,1.7514,0.8757,2.6272,0.8757,0.8757,0.0652,0.0591
seq94,0.0,1.5978,0.0,0.0,1.5978,0.0,0.0,0.0,0.7989,0.7989,0.0,0.0,1.5978,0.0,1.5978,1.5978,0.0,0.7989,0.0,0.7989,0.1013,0.0998
seq95,1.7383,2.6075,0.8692,0.0,0.8692,1.7383,0.0,0.0,0.0,0.8692,0.0,0.8692,2.6075,0.8692,0.0,0.0,0.0,2.6075,1.7383,0.0,0.0684,0.0624
seq96,1.7434,1.7434,0.8717,0.8717,3.4868,0.0,0.0,1.7434,0.8717,0.8717,0.0,0.8717,2.6151,0.0,0.0,0.8717,0.0,0.8717,0.0,0.0,0.0647,0.0636
seq97,2.6522,1.7682,0.0,0.8841,2.6522,0.0,0.0,1.7682,0.8841,1.7682,0.0,0.0,3.5363,0.0,0.0,0.8841,0.0,0.8841,0.0,0.0,0.0645,0.0514
seq98,0.8758,1.7516,0.0,0.8758,3.5031,0.8758,0.0,1.7516,0.8758,0.8758,0.0,0.0,3.5031,0.0,0.0,0.8758,0.0,1.7516,0.0,0.0,0.0609,0.0634
seq99,0.893,1.7859,0.0,0.893,2.6789,0.0,0.0,1.7859,0.893,1.7859,0.0,0.893,3.5719,0.0,0.0,0.893,0.0,1.7859,0.0,0.0,0.0508,0.0563
seq100,1.7224,1.7224,0.0,3.4449,6.8897,1.7224,0.0,3.4449,1.7224,3.4449,0.0,0.0,6.8897,0.0,0.0,1.7224,0.0,1.7224,0.0,0.0,0.0708,0.068
seq101,0.8558,0.0,0.0,1.7116,3.4232,0.8558,0.0,2.5674,0.8558,0.8558,0.0,0.0,3.4232,0.0,0.0,0.8558,0.0,1.7116,0.0,0.0,0.0742,0.07
seq102,0.8734,1.7469,0.0,1.7469,3.4938,0.0,0.0,1.7469,0.8734,0.8734,0.8734,0.8734,3.4938,0.0,0.0,0.0,0.0,0.8734,0.0,0.0,0.0575,0.069
seq103,0.8686,1.7372,0.0,1.7372,2.6057,0.8686,0.0,1.7372,0.8686,1.7372,0.8686,0.0,3.4743,0.0,0.0,0.0,0.0,0.8686,0.0,0.0,0.0663,0.0651
seq104,0.8401,0.0,0.0,1.6801,3.3602,0.8401,0.0,1.6801,1.6801,1.6801,0.8401,0.0,3.3602,0.0,0.0,0.0,0.0,0.8401,0.0,0.0,0.0863,0.0736
seq105,0.8662,1.7324,0.0,1.7324,3.4649,0.8662,0.0,0.8662,0.8662,0.8662,0.8662,0.0,3.4649,0.0,0.0,0.8662,0.0,0.8662,0.0,0.0,0.0744,0.0594
seq106,1.7057,0.0,0.8528,1.7057,3.4114,0.0,0.0,1.7057,0.8528,0.8528,0.8528,0.8528,2.5585,0.0,0.0,0.8528,0.0,0.8528,0.0,0.0,0.0764,0.0708
seq107,1.7324,0.0,0.0,1.7324,2.5986,0.0,0.0,2.5986,0.8662,0.8662,0.8662,0.8662,3.4649,0.0,0.0,0.8662,0.0,0.8662,0.0,0.0,0.0707,0.0631
seq108,2.594,0.0,0.0,1.7293,2.594,0.0,0.0,1.7293,0.8647,1.7293,0.8647,0.0,3.4586,0.0,0.0,0.8647,0.0,0.8647,0.0,0.0,0.0764,0.0589
seq109,0.861,0.0,0.0,1.722,2.583,0.0,0.0,1.722,1.722,0.861,0.861,0.861,3.4439,0.0,0.0,0.861,0.0,1.722,0.0,0.0,0.084,0.055
seq110,0.8508,0.0,0.8508,5.1047,0.8508,0.0,0.8508,2.5523,1.7016,5.1047,0.0,3.4031,0.0,3.4031,0.0,2.5523,0.8508,0.0,2.5523,0.0,0.0715,0.0777
seq111,0.0,0.0,1.5223,2.2834,1.5223,1.5223,0.0,2.2834,4.5668,4.5668,0.0,0.7611,0.7611,0.7611,3.8057,1.5223,0.7611,1.5223,0.0,0.0,0.1028,0.136
seq112,2.4175,0.0,0.8058,0.0,0.0,1.6116,0.8058,2.4175,0.0,1.6116,1.6116,0.0,0.8058,0.8058,0.8058,0.0,0.0,0.0,0.8058,0.0,0.0923,0.1019
seq113,0.8702,0.0,0.0,0.0,0.8702,0.0,0.8702,0.0,0.0,1.7404,0.0,0.0,2.6106,0.0,0.8702,0.8702,1.7404,0.0,0.0,0.0,0.0564,0.0734
seq114,3.3764,0.0,7.597,2.5323,2.5323,1.6882,0.8441,0.0,5.0646,0.0,0.0,7.597,0.8441,1.6882,4.2205,0.0,0.0,5.0646,0.0,3.3764,0.0699,0.086
seq115,0.0,4.4546,0.0,0.8909,0.8909,2.6728,0.0,2.6728,1.7818,1.7818,0.0,1.7818,1.7818,0.0,0.8909,2.6728,0.8909,2.6728,0.0,0.8909,0.0521,0.057
seq116,0.8562,0.0,0.8562,5.1374,0.0,0.0,0.8562,1.7125,1.7125,5.1374,0.0,4.2812,0.0,3.4249,0.0,3.4249,0.8562,0.0,1.7125,0.8562,0.0657,0.0781
seq117,1.6643,0.8322,0.8322,0.0,0.8322,2.4965,0.0,0.0,0.0,0.0,0.0,0.8322,3.3287,0.8322,0.0,0.0,0.0,2.4965,2.4965,0.0,0.0962,0.0716
seq118,0.8725,0.0,0.0,0.0,2.6174,0.0,0.0,0.8725,1.7449,1.7449,0.0,1.7449,2.6174,2.6174,5.2348,0.8725,1.7449,0.8725,0.0,0.0,0.0685,0.0591
seq119,0.0,1.6155,1.6155,0.8077,0.0,1.6155,0.0,0.0,0.0,1.6155,0.0,1.6155,1.6155,0.0,1.6155,0.0,1.6155,1.6155,0.8077,0.0,0.0892,0.1031
seq120,1.5991,0.0,1.5991,1.5991,0.0,0.7995,0.0,0.7995,3.1981,4.7972,0.7995,0.7995,0.0,3.9977,2.3986,0.0,2.3986,3.1981,0.7995,0.7995,0.0968,0.1037
seq121,0.8343,0.0,0.0,1.6686,0.8343,2.5029,0.8343,3.3372,1.6686,4.1714,0.8343,1.6686,2.5029,0.8343,2.5029,0.0,0.0,0.8343,0.0,2.5029,0.0744,0.0913
seq122,0.0,3.0191,0.0,0.0,0.7548,2.2644,0.0,0.0,0.0,0.7548,0.0,0.0,0.0,0.0,4.5287,0.0,0.0,1.5096,0.0,0.7548,0.1107,0.1345
seq123,0.8655,1.731,0.8655,0.0,0.0,1.731,0.0,0.0,0.0,1.731,0.0,1.731,2.5965,0.0,0.8655,0.0,0.8655,2.5965,1.731,0.0,0.0776,0.0569
seq124,0.0,1.5735,1.5735,0.7867,0.0,1.5735,0.0,0.7867,0.0,1.5735,0.0,0.7867,0.7867,0.0,2.3602,0.0,1.5735,1.5735,0.7867,0.0,0.1049,0.1084
seq125,2.5622,13.665,5.1244,1.7081,1.7081,7.6866,0.0,0.8541,12.811,4.2703,3.4163,2.5622,11.1028,4.2703,4.2703,5.1244,3.4163,4.2703,0.8541,1.7081,0.0745,0.0715
seq126,0.0,0.0,0.0,0.0,0.0,1.6941,0.0,0.0,0.0,0.8471,0.0,0.8471,1.6941,0.8471,0.8471,2.5412,0.0,0.8471,0.0,0.0,0.0572,0.0957
seq127,0.0,0.9087,0.9087,0.0,0.0,0.9087,0.9087,0.9087,0.0,0.9087,0.0,1.8174,0.9087,0.0,0.0,3.6347,0.9087,1.8174,0.0,1.8174,0.0356,0.0557
seq128,0.0,1.4967,0.0,0.7484,1.4967,0.0,0.0,0.0,0.0,0.0,0.0,0.0,0.7484,0.0,1.4967,1.4967,0.0,0.0,0.0,0.7484,0.1224,0.1292
seq129,0.0,0.0,0.0,0.7628,0.7628,0.7628,0.7628,0.0,0.7628,0.0,0.7628,0.0,0.7628,0.0,0.7628,1.5256,0.0,0.7628,0.7628,0.7628,0.1325,0.1047
seq130,1.7457,2.6186,0.8729,0.0,0.8729,0.8729,0.0,0.0,0.0,1.7457,0.0,0.8729,2.6186,0.8729,0.0,0.0,0.8729,1.7457,1.7457,0.0,0.0669,0.0602
seq131,1.7361,4.3404,0.0,0.8681,0.0,2.6042,0.0,2.6042,0.8681,0.8681,0.0,0.8681,1.7361,0.0,0.8681,2.6042,0.0,1.7361,0.8681,0.8681,0.0592,0.0727
seq132,0.0,1.6773,1.6773,0.0,0.0,1.6773,0.0,0.0,0.0,1.6773,0.0,1.6773,1.6773,0.0,0.8386,0.0,0.8386,2.5159,2.5159,0.0,0.0916,0.0698
seq133,10.3307,0.0,0.7947,3.9733,0.7947,0.0,0.0,0.7947,2.384,3.1787,0.7947,0.7947,0.0,0.0,0.7947,0.7947,0.0,0.0,3.9733,0.0,0.1054,0.0999
seq134,5.4386,0.0,0.7769,6.2155,0.7769,0.0,0.0,0.7769,4.6616,3.1078,0.7769,0.7769,0.0,0.0,0.7769,0.7769,0.0,0.0,3.8847,0.0,0.0964,0.1266
seq135,1.6709,0.8355,0.8355,0.0,0.8355,1.6709,0.8355,0.8355,0.0,0.0,0.0,0.0,1.6709,0.8355,0.0,0.0,0.8355,2.5064,3.3418,0.0,0.0915,0.073
seq136,0.8371,0.0,0.0,0.0,0.0,1.6743,1.6743,0.8371,0.0,0.0,3.3485,1.6743,0.8371,0.0,0.8371,0.0,0.8371,0.0,0.8371,0.8371,0.0751,0.0878
seq137,0.7777,0.0,0.0,0.0,0.0,0.0,0.0,2.333,0.7777,0.7777,0.7777,0.7777,0.0,0.7777,0.7777,0.0,0.0,0.0,0.0,1.5553,0.0983,0.1241
seq138,0.7657,0.0,0.0,0.0,0.0,0.0,0.0,2.2972,0.7657,1.5314,0.0,0.7657,0.0,0.7657,0.7657,0.0,0.0,0.0,0.0,1.5314,0.0991,0.1352
seq139,0.7812,0.0,0.0,0.0,0.0,0.0,0.0,1.5623,0.7812,1.5623,0.7812,0.7812,0.0,0.7812,0.7812,0.0,0.0,0.0,0.0,1.5623,0.1032,0.1156
seq140,0.7837,0.0,0.0,0.0,0.0,0.0,0.0,2.3511,0.7837,1.5674,0.7837,0.7837,0.0,0.7837,0.7837,0.0,0.0,0.0,0.0,0.7837,0.0904,0.1259
seq141,0.8108,0.0,0.0,0.0,0.0,0.0,0.0,2.4324,0.0,1.6216,0.8108,0.8108,0.0,0.8108,0.8108,0.0,0.0,0.0,0.0,1.6216,0.0945,0.0947
seq142,0.7731,0.0,0.0,0.0,0.0,0.0,0.0,2.3194,0.7731,1.5463,0.7731,0.0,0.0,0.7731,0.7731,0.0,0.0,0.0,0.0,1.5463,0.0981,0.1288
seq143,0.7889,0.0,0.0,0.0,0.0,0.0,0.0,1.5777,0.7889,1.5777,0.7889,0.7889,0.0,0.7889,0.7889,0.0,0.0,0.0,0.0,1.5777,0.0909,0.1203
seq144,0.8575,0.0,0.8575,3.4298,0.8575,0.0,0.8575,1.7149,1.7149,5.1447,0.0,2.5724,0.0,5.1447,0.0,3.4298,0.8575,0.0,2.5724,0.8575,0.0633,0.0792
seq145,0.8547,0.0,0.8547,4.2733,0.8547,0.0,0.0,1.7093,1.7093,5.128,0.0,2.564,0.0,5.128,0.0,3.4187,0.8547,0.0,2.564,0.8547,0.0666,0.0787
seq146,6.7575,0.0,0.8447,0.0,0.0,3.3787,0.8447,0.8447,3.3787,4.2234,1.6894,0.0,0.0,1.6894,0.0,0.8447,3.3787,0.0,0.8447,0.0,0.0671,0.0882
seq147,4.3082,0.0,0.0,0.8616,1.7233,1.7233,1.7233,0.8616,0.8616,1.7233,0.0,0.0,0.8616,0.0,0.0,0.0,0.0,3.4465,0.0,0.0,0.0618,0.0765
seq148,1.7743,0.0,0.0,0.8871,0.0,1.7743,2.6614,0.8871,0.8871,4.4357,0.0,0.0,1.7743,0.0,0.0,1.7743,0.0,5.3228,0.0,0.0,0.0457,0.0671
seq149,0.7767,0.7767,0.0,0.0,0.0,0.7767,0.7767,0.0,0.0,2.3302,0.0,0.7767,0.0,1.5535,4.6605,0.0,0.0,0.0,0.0,0.0,0.0961,0.1272
seq150,0.0,0.0,0.0,0.8003,0.0,0.0,0.0,0.0,1.6006,0.0,0.0,0.0,0.0,0.8003,1.6006,0.8003,0.8003,0.8003,0.8003,0.8003,0.1045,0.0952
seq151,0.0,0.0,0.0,0.0,2.1691,0.723,0.0,1.446,2.1691,1.446,0.0,0.0,0.0,0.0,0.723,0.0,0.0,0.723,0.0,0.0,0.1094,0.1676
seq152,0.0,0.0,0.0,0.0,2.3831,2.3831,3.1774,2.3831,0.7944,0.7944,0.0,0.0,0.0,0.0,1.5887,0.0,1.5887,2.3831,0.0,0.0,0.085,0.1207
seq153,2.4057,0.0,0.8019,0.0,1.6038,1.6038,0.0,0.0,3.2077,3.2077,0.0,0.0,0.0,0.0,0.0,0.0,0.8019,1.6038,0.0,0.0,0.0858,0.1122
seq154,0.7581,0.0,0.7581,0.7581,0.7581,0.7581,0.0,2.2744,1.5163,0.7581,0.0,0.0,0.0,0.0,0.0,0.7581,0.0,0.0,0.7581,0.0,0.1048,0.13699999999999998
seq155,0.8272,0.0,0.0,0.0,0.8272,0.8272,0.8272,0.8272,3.3088,2.4816,1.6544,0.0,0.8272,0.0,0.0,0.8272,0.0,1.6544,0.0,0.0,0.0761,0.0966
seq156,0.0,0.0,1.6358,1.6358,1.6358,0.8179,0.0,1.6358,0.0,1.6358,0.0,1.6358,0.0,1.6358,0.0,0.0,0.0,1.6358,0.0,0.0,0.0775,0.1045
seq157,1.725,0.0,0.0,0.0,0.0,2.5875,0.0,2.5875,2.5875,3.45,0.0,0.0,0.8625,1.725,1.725,0.8625,1.725,1.725,0.8625,0.0,0.0633,0.0742
seq158,0.764,0.0,0.764,0.764,0.764,0.764,0.0,2.2921,1.528,0.764,0.0,0.0,0.0,0.0,0.0,0.764,0.0,0.0,0.764,0.0,0.098,0.138
seq159,0.7871,0.0,0.7871,0.0,0.7871,2.3614,0.0,2.3614,2.3614,1.5742,0.7871,0.7871,0.0,0.7871,0.0,0.7871,0.7871,0.7871,0.7871,0.0,0.0961,0.1168
seq160,0.75,0.0,0.75,0.75,0.75,0.75,0.0,2.2499,1.4999,0.75,0.0,0.0,0.0,0.0,0.0,0.75,0.0,0.0,0.75,0.0,0.1015,0.1486
seq161,0.9034,0.0,0.0,0.0,0.9034,3.6137,1.8069,0.9034,0.0,3.6137,0.0,0.0,0.9034,0.0,0.0,1.8069,0.0,4.5172,0.0,0.0,0.0409,0.0556
seq162,0.0,0.0,0.0,0.0,0.0,2.0009,0.0,0.0,0.0,6.0026,0.0,0.0,0.0,0.0,4.6687,0.0,0.0,0.0,0.0,0.0,0.1335,0.1995
seq163,0.0,0.0,0.0,0.8183,0.8183,0.8183,0.0,1.6366,3.2732,3.2732,1.6366,0.8183,0.0,0.8183,0.8183,1.6366,0.0,0.8183,2.4549,0.0,0.0975,0.0841
seq164,0.0,0.0,0.0,0.7926,0.7926,0.7926,0.0,1.5852,0.7926,3.1704,1.5852,0.7926,0.0,0.7926,3.1704,1.5852,0.0,0.7926,2.3778,0.0,0.1153,0.0921
seq165,0.7564,0.0,0.7564,0.7564,0.7564,0.7564,0.0,2.2692,1.5128,0.7564,0.0,0.0,0.0,0.0,0.0,0.7564,0.0,0.0,0.7564,0.0,0.1051,0.1385
seq166,0.7328,0.0,0.7328,0.0,1.4657,0.7328,0.7328,0.7328,1.4657,0.0,0.0,0.0,0.0,0.0,0.7328,0.0,0.0,1.4657,0.7328,0.0,0.1136,0.1536
seq167,0.0,0.0,0.0,0.0,0.0,2.4246,0.0,1.6164,0.0,4.8493,0.0,0.0,0.8082,0.0,2.4246,0.8082,0.8082,2.4246,0.0,0.0,0.0747,0.1171
seq168,1.5819,0.0,0.0,0.791,0.0,3.1639,0.0,1.5819,4.7458,4.7458,0.0,0.0,0.0,0.0,0.0,0.0,0.791,0.791,0.791,0.0,0.1057,0.1034
seq169,7.6727,0.0,0.7673,5.3709,0.0,0.0,0.0,2.3018,0.7673,2.3018,0.7673,0.7673,0.0,2.3018,3.0691,0.0,0.7673,0.0,1.5345,0.7673,0.1121,0.1206
seq170,8.4274,0.0,0.8427,3.371,0.0,0.0,0.8427,2.5282,0.8427,4.2137,1.6855,2.5282,0.0,2.5282,0.8427,0.0,0.8427,0.0,1.6855,0.8427,0.0744,0.0829
seq171,0.0,0.0,0.8567,6.8539,0.0,0.0,0.8567,2.5702,0.8567,4.2837,1.7135,3.427,0.0,3.427,0.8567,2.5702,1.7135,0.0,1.7135,0.8567,0.0687,0.0745
seq172,0.7023,0.0,0.0,0.0,2.107,0.0,0.0,0.7023,0.7023,2.107,0.0,0.0,0.0,0.0,2.8093,1.4046,0.0,0.7023,0.0,0.7023,0.1268,0.1709
seq173,6.0019,0.0,0.7502,5.2517,0.0,0.0,0.0,3.0009,0.7502,4.5014,0.0,0.0,0.0,1.5005,3.0009,0.0,1.5005,0.0,1.5005,0.7502,0.1205,0.1292
seq174,0.0,0.0,0.7989,8.7879,0.0,0.0,0.0,2.3967,0.7989,2.3967,0.0,1.5978,0.0,3.1956,3.1956,2.3967,2.3967,0.0,1.5978,0.7989,0.0971,0.10400000000000001
seq175,0.0,0.0,0.0,0.0,4.1106,2.4664,3.2885,1.6443,0.0,0.8221,0.0,0.8221,0.0,0.8221,0.8221,0.8221,0.0,3.2885,0.0,0.0,0.0871,0.0908
seq176,2.448,0.0,0.816,5.712,0.816,0.0,0.0,1.632,3.264,4.08,0.0,0.816,0.0,5.712,0.0,0.816,0.816,0.0,4.08,0.816,0.0973,0.0867
seq177,1.6206,0.0,0.8103,1.6206,0.8103,2.4309,3.2412,1.6206,0.8103,1.6206,0.0,0.0,2.4309,0.0,3.2412,3.2412,0.0,2.4309,0.8103,2.4309,0.1108,0.0789
seq178,5.149,0.0,0.0,0.8582,1.7163,5.149,0.0,0.8582,0.0,4.2908,1.7163,0.0,0.0,1.7163,1.7163,1.7163,2.5745,0.8582,0.0,0.0,0.0715,0.0704
seq179,2.507,0.0,1.6714,0.8357,0.0,0.8357,0.0,4.1784,2.507,0.8357,0.0,2.507,0.0,2.507,0.8357,3.3427,0.8357,5.0141,0.0,0.8357,0.0685,0.0959
seq180,4.1166,0.0,1.6466,1.6466,0.0,0.8233,0.0,3.2933,3.2933,1.6466,0.0,1.6466,0.0,2.4699,1.6466,3.2933,0.8233,2.4699,0.0,0.0,0.0868,0.0899
seq181,4.9399,0.0,1.6466,2.47,0.0,0.0,0.0,2.47,3.2933,1.6466,0.0,0.8233,0.0,2.47,1.6466,3.2933,0.8233,3.2933,0.0,0.0,0.09,0.0866
seq182,0.8115,0.0,2.4344,3.2459,0.0,0.8115,0.8115,3.2459,3.2459,2.4344,0.0,2.4344,0.0,1.6229,1.6229,4.0574,0.0,0.0,1.6229,0.0,0.0971,0.0914
seq183,2.4936,0.0,1.6624,0.8312,0.0,0.8312,0.0,3.3248,3.3248,1.6624,0.0,2.4936,0.0,2.4936,0.8312,3.3248,0.8312,4.156,0.0,0.8312,0.0769,0.0919
seq184,1.656,0.0,2.4839,3.3119,0.0,0.0,0.0,3.3119,2.4839,3.3119,0.0,3.3119,0.828,0.828,1.656,4.1399,0.0,0.828,0.828,0.0,0.09,0.08199999999999999
seq185,2.4799,0.0,1.6533,1.6533,0.0,0.8266,0.0,4.1331,3.3065,1.6533,0.0,1.6533,0.0,1.6533,1.6533,4.1331,0.8266,3.3065,0.0,0.0,0.0809,0.0925
seq186,6.6018,0.0,1.6505,2.4757,0.0,0.0,0.0,2.4757,3.3009,1.6505,0.0,0.8252,0.0,2.4757,1.6505,1.6505,1.6505,2.4757,0.0,0.0,0.0909,0.0839
seq187,1.5252,1.5252,0.0,0.0,1.5252,0.7626,0.0,0.7626,2.2877,0.7626,0.7626,0.0,0.7626,0.7626,3.8129,0.7626,0.7626,0.7626,1.5252,0.0,0.1332,0.1042
seq188,7.4656,0.0,0.8295,0.8295,2.4885,2.4885,1.659,0.8295,0.0,5.8066,0.0,0.0,2.4885,0.8295,2.4885,1.659,1.659,4.1475,0.0,1.659,0.0708,0.0997
seq189,3.4576,1.7288,0.0,0.0,1.7288,0.8644,0.0,1.7288,3.4576,2.5932,0.0,0.0,1.7288,0.0,0.0,0.0,0.8644,2.5932,0.0,0.0,0.0594,0.0762
seq190,0.0,0.0,0.0,0.0,2.4223,3.2298,0.8074,0.0,0.0,0.0,0.0,0.0,0.0,0.0,1.6149,0.0,0.8074,0.8074,0.0,2.4223,0.0786,0.1139
seq191,1.5782,0.0,0.0,0.7891,2.3672,3.9454,0.7891,1.5782,3.1563,0.7891,0.7891,0.0,0.0,0.0,0.0,1.5782,0.0,0.7891,0.0,0.0,0.0988,0.1121
seq192,3.129,0.0,0.0,0.0,0.7822,0.7822,0.7822,0.7822,0.0,2.3467,0.0,0.7822,0.0,0.0,1.5645,0.7822,1.5645,0.0,0.7822,0.7822,0.1034,0.1143
seq193,0.0,0.0,0.0,2.4809,0.827,0.0,1.6539,0.827,0.827,0.827,0.0,0.0,0.827,0.0,0.827,0.0,0.827,1.6539,0.0,0.827,0.1054,0.0677
seq194,0.0,0.0,0.0,0.0,0.0,0.0,0.7045,0.0,2.8182,0.0,0.0,0.0,0.0,0.0,5.6363,0.0,0.0,0.0,3.5227,0.0,0.1797,0.1158
seq195,0.0,0.0,0.0,0.0,0.0,0.0,0.0,0.0,4.3355,0.0,0.0,0.0,0.0,0.0,5.7807,0.0,0.0,0.0,2.8903,0.0,0.149,0.1284
seq196,0.825,0.0,0.0,0.825,1.6499,0.0,0.0,0.825,0.825,0.825,0.0,0.0,0.0,0.825,0.825,1.6499,2.4749,0.0,0.0,0.825,0.1086,0.0665
seq197,0.0,0.0,0.0,0.0,0.0,0.0,0.0,0.0,4.7066,3.1378,0.0,0.0,0.0,0.0,6.2755,0.0,0.0,0.0,0.0,0.0,0.1285,0.0871
seq198,0.0,0.0,0.0,0.0,0.0,1.5319,0.0,0.0,3.0638,1.5319,0.0,0.0,0.0,0.0,6.1275,0.0,1.5319,0.0,0.0,0.0,0.1618,0.0723
seq199,0.0,0.0,0.0,0.0,0.0,0.0,0.0,0.0,2.7997,1.3999,0.0,0.0,0.0,0.0,5.5994,0.0,0.0,0.0,2.7997,0.0,0.1816,0.1185
seq200,8.4472,0.8447,2.5342,0.0,0.8447,0.0,0.8447,0.8447,0.8447,5.9131,0.0,0.8447,0.0,0.8447,4.2236,2.5342,3.3789,0.8447,0.8447,0.0,0.0814,0.0739
seq201,0.0,4.7972,0.0,0.0,2.3986,0.7995,0.0,1.5991,0.0,0.7995,0.0,0.7995,0.7995,0.7995,5.5967,0.0,3.9976,0.7995,0.0,1.5991,0.0904,0.1101
seq202,0.0,0.0,0.0,0.0,0.0,0.0,0.0,0.0,2.8836,0.0,0.0,0.0,0.0,0.0,7.209,0.0,0.0,0.0,2.8836,0.0,0.1472,0.1319
seq203,0.0,0.0,0.0,0.0,0.0,0.7804,0.0,0.0,3.1216,0.0,0.0,0.0,0.0,0.0,6.2432,0.0,1.5608,0.0,0.7804,0.0,0.1401,0.0795
seq204,0.0,0.0,0.0,0.0,0.0,1.471,0.0,0.0,2.942,0.0,0.0,0.0,0.0,0.0,5.8839,0.0,0.0,0.0,1.471,0.0,0.1664,0.0981
seq205,0.0,0.0,0.0,0.0,0.0,0.0,0.0,0.0,2.8468,0.0,0.0,0.0,0.0,0.0,5.6936,0.0,0.0,0.0,2.8468,0.0,0.1647,0.1236
seq206,0.0,0.0,0.0,0.0,0.0,0.0,0.0,0.0,2.1368,0.0,0.0,0.0,0.0,0.0,6.4103,0.0,0.0,0.0,4.2735,0.0,0.195,0.0927
seq207,5.0253,0.0,0.0,3.3502,0.8375,0.8375,1.6751,0.8375,0.0,7.5379,0.0,0.0,0.0,3.3502,2.5126,0.8375,0.8375,1.6751,0.0,0.8375,0.0947,0.0678
seq208,0.8035,0.0,0.8035,0.0,0.8035,0.0,0.0,0.0,1.607,0.0,0.0,0.0,1.607,0.0,0.8035,0.0,2.4104,1.607,1.607,0.0,0.1035,0.09300000000000001
seq209,0.0,0.0,0.0,0.0,3.8725,2.3235,0.0,1.549,3.8725,0.7745,0.0,0.7745,0.0,0.7745,0.0,0.7745,0.0,3.098,0.0,0.0,0.0976,0.1279
seq210,2.3517,4.7033,0.0,0.7839,0.7839,1.5678,0.7839,1.5678,0.0,3.1356,0.0,0.0,1.5678,0.0,7.055,0.0,0.0,1.5678,0.0,0.0,0.10800000000000001,0.1081
seq211,4.114,0.8228,1.6456,1.6456,0.8228,0.0,1.6456,0.8228,0.8228,3.2912,0.8228,1.6456,0.0,1.6456,1.6456,1.6456,1.6456,0.8228,1.6456,0.8228,0.0835,0.0937
seq212,0.0,0.0,0.0,0.0,0.0,0.0,0.0,0.7639,0.7639,0.7639,0.0,0.0,2.2918,0.0,1.5278,0.0,0.0,0.0,3.8196,0.0,0.1377,0.0984
seq213,5.7597,0.0,0.0,0.0,0.0,2.4685,0.0,1.6456,3.2913,1.6456,0.8228,0.0,0.0,0.0,0.0,0.8228,0.0,0.8228,0.0,0.0,0.0861,0.0911
seq214,1.6284,0.0,0.0,0.0,0.8142,4.0711,0.0,1.6284,4.8853,3.2568,0.0,0.0,0.0,0.0,0.0,0.0,1.6284,1.6284,0.0,0.0,0.0827,0.1031
seq215,4.9195,0.0,0.0,0.0,0.0,0.0,0.0,0.0,4.9195,4.9195,0.0,0.0,0.0,0.0,0.0,4.9195,0.0,0.0,0.0,0.0,0.0785,0.1016
seq216,0.0,0.0,0.0,0.0,0.0,0.0,0.0,0.0,6.0019,4.5014,0.0,0.0,0.0,0.0,0.0,0.0,0.0,0.0,0.0,0.0,0.0924,0.1573
seq217,1.7084,1.7084,0.8542,0.8542,0.0,0.0,1.7084,0.8542,0.0,0.0,0.8542,0.0,0.0,2.5626,1.7084,1.7084,0.8542,0.8542,0.0,0.0,0.0631,0.0827
seq218,1.7006,1.7006,0.8503,0.0,0.0,0.0,1.7006,0.8503,0.0,0.0,0.8503,0.0,0.0,1.7006,1.7006,1.7006,0.8503,0.8503,0.0,0.0,0.0655,0.0843
seq219,2.6576,3.5434,0.8859,0.0,0.0,0.0,0.0,0.0,1.7717,0.8859,0.8859,0.0,8.8585,0.8859,0.8859,2.6576,0.8859,0.0,0.8859,0.0,0.055,0.0592
seq220,5.5736,0.0,0.0,0.0,0.0,0.0,0.0,0.0,1.8579,5.5736,0.0,0.0,1.8579,0.0,1.8579,0.0,0.0,1.8579,0.0,0.0,0.027000000000000003,0.0441
seq221,2.7311,0.0,0.0,0.0,0.0,0.0,0.0,0.0,1.8207,3.6415,0.0,0.0,0.9104,0.0,1.8207,0.0,0.0,0.9104,0.0,0.0,0.031,0.0586
seq222,2.7574,0.0,0.0,0.0,0.0,0.0,0.0,0.0,1.8383,4.5957,0.0,0.0,1.8383,0.0,1.8383,0.0,0.0,0.9191,0.0,0.0,0.0324,0.0485
seq223,2.786,0.0,0.0,0.0,0.0,0.0,0.0,0.0,1.8573,3.7146,0.0,0.0,1.8573,0.0,1.8573,0.0,0.0,0.9287,0.0,0.0,0.024,0.0474
seq224,1.8062,0.0,0.0,0.0,0.0,0.0,0.0,0.0,1.8062,3.6123,0.0,0.0,0.9031,0.0,1.8062,0.0,0.0,0.9031,0.0,0.0,0.0342,0.0627
seq225,3.6687,0.0,0.0,0.0,0.0,0.0,0.0,0.0,1.8343,5.503,0.0,0.0,0.0,0.0,1.8343,0.0,0.0,1.8343,0.0,0.0,0.0325,0.0504
seq226,0.0,0.0,0.0,2.3604,1.5736,3.9339,0.0,2.3604,6.2943,3.1471,0.0,0.7868,1.5736,3.1471,0.7868,0.0,0.0,0.7868,0.0,0.0,0.0869,0.1263
seq227,2.7111,0.0,0.0,0.0,0.0,0.0,0.0,0.0,1.8074,4.5186,0.0,0.0,0.0,0.0,0.9037,0.0,0.0,0.9037,0.0,0.0,0.0381,0.0582
seq228,8.4791,0.0,0.0,0.0,0.0,0.0,0.0,0.0,1.8842,0.0,0.0,0.0,0.0,0.0,1.8842,0.0,0.0,0.0,0.0,0.0,0.0182,0.0397
seq229,0.0,0.0,0.0,0.0,0.0,4.3374,3.4699,0.0,0.0,0.0,0.0,0.0,0.0,0.8675,0.0,0.8675,0.0,1.735,0.0,0.0,0.0758,0.0567
seq230,3.9256,0.0,0.0,1.5702,0.7851,3.1405,0.0,3.1405,5.4958,1.5702,0.7851,1.5702,0.7851,0.0,1.5702,0.0,0.0,2.3554,0.7851,0.0,0.11,0.1049
seq231,2.5159,0.0,3.3545,3.3545,0.0,2.5159,0.0,1.6773,1.6773,5.8704,0.0,1.6773,1.6773,0.0,0.8386,2.5159,0.8386,0.8386,0.0,0.0,0.0831,0.0783
seq232,2.4338,0.0,2.4338,3.2451,0.0,1.6225,0.0,1.6225,2.4338,5.6789,0.8113,1.6225,0.0,0.8113,1.6225,2.4338,0.8113,0.8113,0.0,0.0,0.0923,0.0964
seq233,2.4742,0.0,2.4742,2.4742,0.0,2.4742,0.8247,2.4742,1.6494,6.5977,0.0,1.6494,1.6494,0.0,1.6494,0.8247,0.8247,0.8247,0.0,0.0,0.0942,0.0811
seq234,0.7394,0.0,0.0,0.0,1.4787,0.0,0.0,1.4787,2.2181,2.9574,0.0,0.0,0.0,0.0,1.4787,1.4787,0.0,0.7394,0.0,0.0,0.1082,0.1524
seq235,0.0,1.5582,0.0,0.7791,1.5582,0.7791,0.0,0.0,3.1165,0.7791,0.7791,0.0,1.5582,0.7791,1.5582,0.0,0.7791,1.5582,0.7791,2.3374,0.1154,0.1055
seq236,0.0,6.8152,0.0,0.0,1.7038,3.4076,0.0,1.7038,0.8519,0.0,0.0,0.0,0.8519,0.0,1.7038,0.0,0.8519,0.8519,0.0,0.0,0.0897,0.0584
seq237,0.8319,0.0,0.0,0.0,2.4956,3.3275,2.4956,3.3275,1.6638,1.6638,0.8319,0.0,0.0,0.0,0.0,0.0,0.0,0.8319,0.0,0.0,0.0748,0.0933
seq238,0.0,2.4168,0.8056,0.8056,0.0,0.0,0.0,0.8056,0.0,5.6393,0.0,0.0,0.0,0.0,3.2225,1.6112,0.0,2.4168,1.6112,0.8056,0.1186,0.0758
seq239,0.0,2.5448,0.0,0.0,1.6966,1.6966,0.0,0.8483,0.0,2.5448,1.6966,0.8483,0.0,1.6966,2.5448,0.0,1.6966,2.5448,0.0,0.8483,0.0604,0.0913
seq240,0.8133,0.8133,0.8133,0.0,0.0,0.0,3.2533,0.8133,0.0,4.0666,0.8133,0.0,3.2533,0.0,2.4399,0.8133,0.8133,2.4399,1.6266,0.0,0.1011,0.0856
seq241,2.5689,0.0,1.7126,1.7126,0.8563,0.8563,0.8563,2.5689,2.5689,2.5689,0.0,3.4252,0.0,1.7126,0.8563,4.2815,1.7126,1.7126,0.0,0.0,0.066,0.0777
seq242,0.8706,0.0,0.0,0.0,1.7411,2.6117,0.0,0.0,2.6117,2.6117,0.0,0.0,0.0,0.0,2.6117,0.8706,0.0,0.8706,0.0,0.0,0.0556,0.0738
seq243,0.8882,0.8882,0.0,0.0,0.0,1.7764,0.0,1.7764,0.8882,0.8882,0.0,0.0,0.0,0.0,0.0,3.5529,1.7764,1.7764,0.0,0.8882,0.0548,0.057
seq244,0.864,0.864,2.5919,0.864,0.864,0.864,0.0,0.864,0.864,0.864,0.864,0.864,0.864,0.0,0.0,0.0,3.4559,0.864,0.0,0.864,0.0692,0.0668
seq245,2.5102,0.8367,0.0,0.8367,0.8367,1.6735,0.0,0.8367,0.0,1.6735,0.0,0.8367,0.0,2.5102,0.8367,1.6735,0.8367,0.0,0.0,0.8367,0.0736,0.0896
seq246,1.7671,0.8835,2.6506,0.0,0.0,0.0,0.8835,0.8835,0.0,0.8835,0.0,0.8835,0.8835,1.7671,0.0,0.8835,2.6506,1.7671,0.0,0.8835,0.0574,0.059000000000000004
seq247,0.0,0.0,0.0,0.0,4.1964,1.6786,0.0,0.8393,0.0,0.0,0.0,1.6786,0.0,0.8393,0.8393,1.6786,1.6786,1.6786,0.8393,0.0,0.062,0.0987
seq248,0.0,0.0,1.6507,0.8253,1.6507,2.476,0.0,0.0,0.8253,0.0,0.0,0.0,0.0,0.8253,0.0,1.6507,0.8253,0.8253,0.8253,3.3013,0.0894,0.0853
seq249,1.7815,0.0,0.0,0.0,1.7815,1.7815,2.6722,0.0,0.0,1.7815,0.8907,0.0,1.7815,0.8907,0.0,0.8907,0.8907,2.6722,0.8907,0.8907,0.0599,0.0494
seq250,2.638,0.0,0.0,1.7586,0.8793,1.7586,0.0,3.5173,1.7586,1.7586,0.0,4.3966,0.0,5.2759,0.0,2.638,4.3966,1.7586,0.0,0.8793,0.0514,0.0693
seq251,1.75,1.75,0.0,0.875,0.0,0.875,0.0,0.875,0.875,0.875,0.875,0.875,1.75,0.0,0.0,0.0,1.75,1.75,0.0,2.625,0.0551,0.0699
seq252,1.5674,0.0,0.0,0.7837,0.0,0.0,0.0,1.5674,3.9184,2.3511,0.0,0.0,0.0,0.0,0.0,0.7837,0.0,0.0,0.0,0.7837,0.0728,0.1435
seq253,1.6341,0.817,0.817,0.0,0.0,0.817,0.0,0.0,1.6341,3.2681,0.0,0.817,0.0,0.817,0.817,0.0,0.0,0.0,0.0,0.817,0.0851,0.0979
seq254,1.5224,0.0,0.0,0.0,2.2835,1.5224,0.7612,1.5224,5.3282,1.5224,0.0,0.0,0.0,0.0,0.0,0.0,0.0,0.0,0.7612,0.0,0.1155,0.1233
seq255,6.2602,0.0,0.0,0.0,0.0,0.0,0.0,0.0,2.6829,4.4716,0.0,0.0,0.8943,0.0,1.7886,0.0,0.0,1.7886,0.0,0.0,0.0436,0.0621
seq256,6.2788,0.0,0.0,0.0,0.0,0.0,0.0,0.0,2.6909,4.4849,0.0,0.0,0.897,0.0,1.794,0.0,0.0,1.794,0.0,0.0,0.0437,0.0593
seq257,4.6238,0.0,0.0,0.0,0.0,0.0,0.0,0.0,1.8495,5.5485,0.0,0.0,1.8495,0.0,1.8495,0.0,0.0,1.8495,0.0,0.0,0.0284,0.0469
seq258,2.7445,0.0,0.0,0.0,0.0,0.0,0.0,0.0,1.8296,5.4889,0.0,0.0,1.8296,0.0,1.8296,0.0,0.0,0.9148,0.0,0.0,0.0301,0.0551
seq259,7.8627,6.9891,3.4946,5.2418,1.7473,5.2418,1.7473,2.6209,3.4946,7.8627,5.2418,6.1155,2.6209,2.6209,2.6209,8.7364,0.8736,7.8627,0.0,4.3682,0.0639,0.0625
seq260,0.7744,4.6467,0.0,0.7744,0.7744,3.0978,2.3233,0.7744,0.0,0.7744,0.0,0.0,0.7744,0.7744,4.6467,0.0,0.0,0.7744,0.0,2.3233,0.098,0.1276
seq261,1.8222,1.8222,0.9111,0.0,0.0,0.0,0.9111,0.9111,0.0,2.7333,0.0,0.9111,0.0,0.0,0.0,0.0,0.9111,0.9111,0.0,0.0,0.0471,0.0419
seq262,0.8749,1.7499,0.8749,0.8749,0.8749,0.0,1.7499,0.8749,0.0,2.6248,0.0,1.7499,0.8749,0.0,0.8749,1.7499,2.6248,0.8749,0.8749,1.7499,0.0585,0.0665
seq263,1.7401,1.7401,1.7401,0.0,0.0,0.0,0.87,0.87,0.0,2.6101,0.0,0.87,0.0,0.0,0.87,0.0,1.7401,0.87,0.0,0.0,0.0725,0.0574
seq264,1.5518,6.2074,0.0,0.0,0.0,2.3278,0.7759,0.0,1.5518,1.5518,0.0,0.0,0.0,0.0,5.4315,2.3278,0.0,1.5518,0.0,3.1037,0.1237,0.1003
seq265,3.2144,4.8217,0.0,0.8036,0.8036,2.4108,0.0,2.4108,0.0,0.8036,0.0,0.0,0.8036,0.8036,3.2144,0.0,0.8036,0.0,0.8036,2.4108,0.0953,0.1011
seq266,7.4336,0.0,0.0,0.0,0.0,0.826,0.0,0.0,4.1298,4.9557,0.0,1.6519,0.0,0.0,0.0,0.0,0.826,2.4779,0.826,0.0,0.0718,0.1022
seq267,2.3273,4.6547,0.0,1.5516,0.0,2.3273,0.0,0.7758,0.0,2.3273,0.0,0.0,0.0,0.0,5.4305,2.3273,2.3273,0.7758,0.0,1.5516,0.1141,0.1101
seq268,0.0,0.0,0.0,0.0,0.0,0.0,0.0,0.8781,2.6342,0.8781,0.0,0.0,3.5123,0.8781,0.0,0.8781,0.0,0.8781,0.0,0.0,0.0681,0.0538
seq269,1.6904,0.8452,1.6904,2.5355,0.0,0.8452,0.0,3.3807,5.9162,2.5355,0.0,3.3807,0.0,0.8452,0.0,1.6904,1.6904,1.6904,0.0,0.8452,0.0916,0.0632
seq270,2.3327,0.0,0.0,1.5551,0.7776,2.3327,0.0,0.7776,0.7776,1.5551,0.0,0.7776,0.7776,0.0,0.7776,0.0,1.5551,0.0,1.5551,0.0,0.1059,0.1165
seq271,1.5482,0.7741,1.5482,0.0,0.7741,0.0,0.0,0.7741,0.7741,1.5482,0.0,0.0,0.0,0.0,0.7741,0.0,2.3224,0.7741,2.3224,0.0,0.1248,0.10099999999999999
seq272,0.8567,0.0,3.427,0.8567,0.0,0.0,0.0,3.427,3.427,2.5702,0.8567,1.7135,2.5702,4.2837,0.0,5.9972,1.7135,2.5702,0.0,1.7135,0.0657,0.0776
seq273,8.4791,0.0,0.8479,0.0,2.5437,1.6958,0.8479,0.8479,0.8479,2.5437,0.8479,4.2395,1.6958,1.6958,2.5437,1.6958,1.6958,0.8479,0.0,0.0,0.0748,0.0773
seq274,3.226,0.8065,0.8065,1.613,0.0,2.4195,0.8065,2.4195,1.613,6.4519,0.0,1.613,0.0,4.839,2.4195,0.0,0.8065,1.613,0.8065,0.8065,0.0933,0.1002
seq275,0.0,5.2534,0.8756,0.8756,2.6267,7.0045,0.0,0.8756,0.0,0.8756,0.0,1.7511,0.8756,0.0,0.0,0.8756,4.3778,0.0,0.0,2.6267,0.0628,0.0617
seq276,0.0,4.4011,0.0,0.0,0.0,1.467,0.0,0.7335,0.0,0.7335,0.0,0.0,0.0,0.0,4.4011,0.0,0.0,1.467,0.0,0.0,0.0951,0.1714
seq277,5.4146,0.0,0.7735,6.1881,0.7735,0.0,0.0,0.7735,4.6411,3.094,0.7735,0.7735,0.0,0.0,0.7735,0.7735,0.0,0.0,3.8676,0.0,0.10099999999999999,0.1255
seq278,0.7829,0.0,0.0,0.0,0.0,0.0,0.0,2.3488,0.7829,1.5659,0.7829,0.7829,0.0,0.0,0.7829,0.0,0.0,0.0,0.0,1.5659,0.0963,0.1207
seq279,0.7778,0.0,0.0,0.0,0.0,0.0,0.0,1.5556,0.7778,1.5556,0.7778,0.7778,0.0,0.7778,0.7778,0.0,0.0,0.0,0.0,1.5556,0.0915,0.1306
seq280,0.8652,0.0,0.0,0.0,0.0,0.0,0.0,2.5957,0.8652,1.7305,0.8652,0.8652,0.0,0.8652,0.0,0.0,0.0,0.0,0.0,1.7305,0.0573,0.0775
seq281,1.7293,0.0,0.0,0.8647,0.8647,2.594,1.7293,1.7293,1.7293,3.4587,0.0,0.0,1.7293,0.0,0.0,0.8647,0.0,4.3234,0.0,0.0,0.0566,0.0788
seq282,0.0,0.0,0.8146,0.8146,0.0,1.6292,0.8146,0.8146,1.6292,0.8146,0.0,0.0,0.0,0.8146,0.8146,0.8146,0.0,0.8146,1.6292,0.0,0.1121,0.0733
seq283,0.0,0.0,0.0,0.0,2.6229,0.0,0.0,0.8743,0.8743,3.4972,0.0,0.0,0.8743,0.0,0.0,1.7486,0.8743,0.8743,0.0,0.0,0.0527,0.073
seq284,0.7567,0.0,0.7567,0.7567,0.7567,0.7567,0.0,2.2701,1.5134,0.7567,0.0,0.0,0.0,0.0,0.0,0.7567,0.0,0.0,0.7567,0.0,0.1007,0.1426
seq285,0.765,0.0,0.765,0.765,0.765,0.765,0.0,2.295,1.53,0.765,0.0,0.0,0.0,0.0,0.0,0.765,0.0,0.0,0.765,0.0,0.1127,0.1223
seq286,0.7708,0.0,1.5415,0.0,0.0,0.0,0.7708,0.7708,3.0831,5.3953,0.7708,0.0,0.0,0.7708,2.3123,0.0,0.7708,2.3123,0.0,0.0,0.1064,0.1229
seq287,0.8219,0.0,1.6437,3.2875,0.0,0.8219,0.8219,1.6437,3.2875,2.4656,0.0,2.4656,0.0,1.6437,1.6437,4.9312,1.6437,0.0,1.6437,0.0,0.0863,0.0919
seq288,4.5608,0.0,0.0,0.0,0.0,3.8007,0.0,4.5608,4.5608,0.0,0.0,0.0,0.0,0.0,0.7601,0.0,0.0,0.0,0.0,0.0,0.1151,0.1247
seq289,0.0,2.361,0.0,0.787,2.361,3.9349,0.787,1.574,0.0,1.574,0.787,0.0,0.0,0.0,2.361,0.0,0.0,3.1479,0.0,0.0,0.1021,0.1109
seq290,0.0,3.2605,0.0,0.8151,0.0,0.8151,0.0,0.0,0.8151,6.5209,0.8151,0.0,0.8151,0.0,2.4453,0.8151,0.8151,2.4453,0.0,0.0,0.0969,0.08800000000000001
seq291,2.6843,0.0,0.0,0.0,0.0,0.0,0.8948,0.0,0.0,0.0,0.0,0.8948,0.8948,0.0,0.0,0.8948,0.8948,1.7895,0.0,0.8948,0.0501,0.0551
seq292,0.0,1.4264,0.0,0.0,0.0,0.0,0.0,0.0,1.4264,2.8529,0.0,0.0,0.0,0.0,2.8529,0.0,0.0,0.0,0.0,0.0,0.1359,0.1509
seq293,0.0,0.832,0.832,0.0,0.0,0.0,0.832,0.0,0.832,1.664,0.0,0.0,0.832,0.0,0.832,2.496,0.0,0.832,0.0,0.0,0.0898,0.0782
seq294,0.7642,0.0,0.0,0.0,0.0,1.5285,0.7642,0.0,0.7642,1.5285,1.5285,0.0,0.0,0.0,1.5285,0.7642,0.0,0.0,0.0,0.0,0.109,0.1268
seq295,0.0,0.0,0.0,0.0,0.0,0.7602,0.0,0.7602,3.0407,0.0,0.0,0.7602,0.7602,0.0,2.2805,0.0,0.0,0.0,0.0,0.7602,0.0954,0.1444
seq296,0.7565,0.0,0.0,0.0,0.0,0.0,0.7565,1.5131,0.0,0.7565,2.2696,0.0,0.0,0.0,2.2696,0.0,0.7565,0.0,0.0,0.0,0.147,0.0965
seq297,0.7648,0.0,0.0,0.0,0.0,0.0,0.7648,0.7648,0.0,0.7648,2.2945,0.0,0.0,0.7648,2.2945,0.0,0.7648,0.0,0.0,0.0,0.1286,0.1066
seq298,0.7639,0.0,0.0,0.0,0.0,0.0,0.7639,1.5277,0.0,0.0,2.2916,0.0,0.0,0.7639,2.2916,0.0,0.7639,0.0,0.0,0.0,0.1361,0.1
seq299,0.7588,0.0,0.0,0.0,0.0,0.0,0.0,1.5177,0.0,0.7588,2.2765,0.0,0.0,0.7588,2.2765,0.0,0.7588,0.0,0.0,0.0,0.1432,0.098
seq300,0.7579,0.0,0.0,0.0,0.0,0.0,0.7579,1.5157,0.0,0.7579,1.5157,0.0,0.0,0.7579,2.2736,0.0,0.7579,0.0,0.0,0.0,0.1358,0.1063
seq301,0.7795,0.0,0.0,0.0,0.0,0.0,0.7795,1.559,0.0,0.7795,2.3385,0.0,0.0,0.7795,1.559,0.0,0.7795,0.0,0.0,0.0,0.1054,0.1151
seq302,0.7647,0.0,0.0,0.0,0.0,0.0,0.7647,1.5295,0.0,0.7647,2.2942,0.0,0.0,0.7647,2.2942,0.0,0.0,0.0,0.0,0.0,0.1316,0.1037
seq303,0.7629,0.0,0.0,0.0,0.0,0.0,0.7629,1.5258,0.0,0.7629,1.5258,0.0,0.0,0.7629,2.2886,0.0,0.7629,0.0,0.0,0.0,0.1329,0.1042
seq304,0.7716,0.0,0.0,0.0,0.0,0.0,0.7716,0.7716,0.0,0.7716,2.3149,0.0,0.0,0.7716,2.3149,0.0,0.7716,0.0,0.0,0.0,0.1236,0.1047
seq305,1.673,0.0,0.0,0.0,2.5095,0.0,0.0,0.8365,0.0,0.8365,0.0,0.0,0.0,0.0,0.8365,0.0,0.0,1.673,0.8365,0.8365,0.0728,0.0907
seq306,0.9072,0.0,0.0,0.0,0.9072,0.0,0.9072,0.0,0.0,0.0,0.0,0.0,3.6286,0.0,0.9072,0.0,2.7215,0.9072,0.0,0.0,0.0466,0.0462
seq307,1.6856,0.0,0.0,0.0,0.8428,0.8428,0.0,0.0,0.8428,0.0,0.0,0.0,0.8428,0.0,0.0,1.6856,0.8428,1.6856,0.8428,0.0,0.09699999999999999,0.0602
seq308,0.0,0.0,0.0,0.0,0.9046,0.0,0.0,0.9046,0.9046,0.9046,0.0,0.0,2.7137,0.0,0.0,2.7137,0.9046,0.0,0.9046,0.0,0.0546,0.0409
seq309,0.8635,0.8635,0.8635,0.0,0.0,0.0,1.727,0.8635,0.0,0.0,0.0,0.8635,0.0,0.0,0.8635,0.0,2.5906,0.0,0.8635,0.0,0.0542,0.0822
seq310,0.8096,1.6192,0.0,0.0,0.8096,2.4288,0.0,0.0,0.8096,0.0,0.0,0.8096,0.8096,0.0,0.0,0.0,0.8096,0.0,1.6192,0.0,0.0974,0.09300000000000001
seq311,0.7943,1.5885,0.0,0.7943,0.7943,2.3828,0.0,0.0,1.5885,0.0,0.0,0.0,0.7943,0.0,0.0,0.0,0.0,0.0,0.7943,0.7943,0.0965,0.1093
seq312,0.804,1.6079,0.0,0.0,0.804,2.4119,0.0,0.0,0.804,0.0,0.0,0.804,0.804,0.804,0.0,0.0,0.0,0.0,1.6079,0.0,0.0949,0.1012
seq313,0.7612,0.0,0.0,0.0,1.5223,0.7612,0.0,2.2835,1.5223,0.7612,0.0,0.0,0.0,0.0,0.0,1.5223,0.0,0.0,0.7612,0.0,0.0939,0.145
seq314,1.6305,0.0,0.0,0.0,0.8153,0.8153,0.0,0.0,0.0,1.6305,0.0,0.0,0.8153,0.0,1.6305,0.8153,0.8153,0.8153,0.8153,0.8153,0.1131,0.0716
seq315,0.0,0.0,0.7527,0.0,0.0,2.2582,0.0,0.7527,0.0,0.0,0.0,0.7527,0.7527,0.7527,3.011,0.7527,0.0,0.7527,0.0,0.0,0.12300000000000001,0.1242
seq316,0.0,0.0,0.7589,0.0,0.0,2.2767,0.0,0.0,0.0,0.0,0.0,1.5178,0.7589,0.7589,3.0356,0.0,0.0,1.5178,0.0,0.0,0.1191,0.122
seq317,1.7097,0.8549,0.8549,0.8549,0.0,0.8549,0.0,0.0,0.0,0.8549,0.0,0.8549,0.0,0.0,0.8549,1.7097,0.8549,1.7097,0.0,0.8549,0.0763,0.0688
seq318,0.0,0.0,0.0,0.8294,1.6589,1.6589,0.8294,2.4883,0.0,0.8294,0.0,0.8294,0.0,0.8294,0.8294,0.0,0.8294,0.8294,0.0,0.0,0.0701,0.1005
seq319,0.9339,0.0,0.0,0.0,0.0,0.0,0.0,0.9339,0.0,1.8679,0.0,0.9339,0.0,1.8679,0.0,4.6696,1.8679,0.9339,0.0,0.0,0.0361,0.03
seq320,0.0,0.0,0.0,0.0,1.6842,2.5263,0.0,0.0,0.8421,2.5263,0.0,0.0,0.0,0.8421,1.6842,0.0,1.6842,0.8421,0.0,0.0,0.0745,0.0834
seq321,2.349,0.0,0.0,0.0,0.0,1.566,0.0,0.0,0.783,0.0,0.0,0.0,0.783,0.0,1.566,0.783,0.0,1.566,1.566,0.783,0.1279,0.0891
seq322,1.6319,0.0,0.0,0.0,0.0,0.0,1.6319,0.0,0.0,0.0,0.0,0.0,0.8159,0.0,1.6319,2.4478,0.8159,2.4478,0.8159,0.0,0.0814,0.1026
seq323,2.349,0.0,0.0,0.0,0.0,1.566,0.0,0.0,0.783,0.0,0.0,0.0,0.783,0.0,1.566,0.783,0.0,1.566,1.566,0.783,0.1279,0.0891
seq324,0.7586,0.0,0.7586,0.0,1.5171,0.7586,0.0,0.0,0.0,1.5171,0.0,0.0,1.5171,1.5171,2.2757,0.0,0.0,0.0,0.7586,0.0,0.1084,0.1331
seq325,1.745,0.8725,0.0,2.6175,0.0,0.0,0.8725,0.0,0.8725,0.8725,0.0,0.8725,0.8725,0.0,0.0,0.8725,1.745,0.8725,0.0,0.0,0.0662,0.0613
seq326,2.4862,0.0,0.8287,0.0,0.0,3.3149,0.0,0.0,0.8287,1.6574,0.8287,0.0,0.0,0.0,0.8287,0.8287,0.0,0.0,0.0,0.0,0.0945,0.0768
seq327,0.0,0.0,0.0,0.0,0.0,2.5395,0.0,0.8465,0.8465,1.693,0.0,0.0,2.5395,0.0,0.8465,2.5395,0.0,0.0,0.0,0.8465,0.0808,0.0728
seq328,1.788,0.894,0.0,1.788,0.0,2.6819,0.0,0.0,0.0,0.894,0.0,0.0,1.788,2.6819,0.0,0.0,0.0,1.788,0.0,0.0,0.0465,0.0595
seq329,0.0,0.0,0.0,0.0,0.0,2.4009,0.0,2.4009,1.6006,0.8003,0.0,0.0,0.0,0.0,1.6006,1.6006,0.0,2.4009,0.0,0.0,0.1186,0.0811
seq330,0.0,0.7633,0.0,0.0,0.7633,0.7633,0.0,0.7633,0.0,0.0,0.0,0.7633,0.0,0.7633,3.8163,1.5265,0.7633,0.7633,0.0,0.0,0.16,0.0767
seq331,0.0,0.0,0.0,0.0,4.3936,0.0,0.0,0.8787,1.7575,0.8787,0.0,0.0,0.0,0.0,2.6362,0.0,0.0,1.7575,0.8787,0.8787,0.040999999999999995,0.0802
seq332,0.0,0.0,0.0,0.0,4.2568,0.0,0.0,0.8514,1.7027,0.8514,0.0,0.0,0.0,0.0,2.5541,0.0,0.0,1.7027,0.8514,0.8514,0.0595,0.0892
seq333,0.0,0.0,0.0,0.0,0.0,3.1957,0.0,2.3968,0.7989,0.7989,0.0,0.0,0.0,0.0,2.3968,1.5979,0.0,2.3968,0.0,0.0,0.0909,0.1102
seq334,1.5229,0.0,0.0,0.0,0.7615,0.0,0.0,1.5229,3.8073,2.2844,0.0,0.0,0.0,0.0,2.2844,0.0,0.0,0.7615,0.0,0.0,0.2205,0.0181
seq335,0.0,0.0,0.0,0.0,0.0,2.9757,0.0,0.7439,0.7439,0.0,0.0,0.0,0.7439,0.7439,4.4635,0.0,1.4878,0.0,0.0,0.7439,0.136,0.1201
seq336,0.0,0.0,0.0,0.0,0.0,2.8354,0.0,0.7089,0.0,0.0,0.0,0.0,0.0,0.7089,4.962,0.7089,1.4177,0.0,0.0,0.7089,0.1389,0.1523
seq337,0.8769,0.0,0.0,0.0,1.7538,2.6307,0.0,1.7538,0.8769,3.5076,0.0,0.0,0.8769,0.0,0.0,1.7538,0.0,0.8769,0.0,0.0,0.0574,0.0657
seq338,2.4708,0.8236,0.8236,1.6472,1.6472,0.8236,0.8236,1.6472,0.8236,0.8236,0.0,0.0,0.0,0.8236,0.0,0.0,0.0,0.0,0.0,1.6472,0.0944,0.08199999999999999
seq339,0.0,0.7608,2.2825,0.7608,0.7608,0.0,0.0,1.5217,0.7608,1.5217,0.0,0.0,0.0,0.0,0.7608,1.5217,0.0,0.7608,2.2825,0.0,0.1463,0.0929
seq340,2.2625,0.0,1.5083,1.5083,1.5083,0.0,0.0,0.0,3.0167,1.5083,0.0,0.0,0.0,0.0,0.0,0.0,0.0,0.7542,0.7542,0.7542,0.1065,0.1393
seq341,2.6305,0.0,0.0,0.0,1.7537,1.7537,0.0,2.6305,0.0,2.6305,0.0,0.0,0.8768,0.0,0.0,0.8768,0.8768,0.8768,0.8768,0.0,0.055999999999999994,0.0672
seq342,2.5194,0.0,0.0,0.0,0.8398,1.6796,0.0,1.6796,0.0,1.6796,0.0,0.0,0.8398,0.8398,0.8398,0.8398,0.8398,0.8398,1.6796,0.0,0.0803,0.0799
seq343,1.6378,0.0,0.0,0.0,0.0,1.6378,0.0,2.4566,0.0,0.8189,0.0,0.0,0.8189,0.8189,0.8189,1.6378,0.8189,0.8189,1.6378,0.8189,0.0971,0.084
seq344,2.5185,0.0,0.0,0.0,0.0,1.679,0.0,1.679,0.0,0.8395,0.0,0.0,0.8395,0.8395,0.8395,1.679,0.8395,0.8395,0.8395,1.679,0.0874,0.0731
seq345,1.6412,0.0,0.8206,0.0,0.0,0.8206,0.0,1.6412,0.0,0.8206,0.0,0.8206,0.8206,0.8206,0.8206,1.6412,0.8206,0.8206,0.8206,1.6412,0.0958,0.0836
seq346,2.4554,0.0,0.8185,0.0,0.0,0.8185,0.0,1.6369,0.0,0.8185,0.0,0.8185,0.8185,0.8185,0.8185,0.8185,0.8185,0.8185,0.8185,1.6369,0.0947,0.0869
seq347,2.6304,0.0,0.0,0.0,1.7536,2.6304,0.0,0.8768,0.0,4.384,0.8768,0.8768,0.0,0.8768,0.0,0.0,0.0,0.0,0.8768,0.0,0.0624,0.0608
seq348,1.8038,0.0,0.0,0.0,0.0,2.7056,0.0,0.9019,0.0,3.6075,1.8038,0.0,0.0,0.9019,0.0,0.9019,0.9019,1.8038,0.9019,0.0,0.0543,0.0438
seq349,1.7578,0.0,0.0,0.0,0.8789,2.6368,0.0,0.0,0.0,4.3946,1.7578,0.8789,0.0,0.8789,0.0,1.7578,0.0,0.0,0.8789,0.0,0.0751,0.0459
seq350,1.7689,0.0,0.0,0.8845,0.0,2.6534,0.0,0.0,0.0,4.4223,1.7689,0.0,0.0,0.0,0.0,0.8845,1.7689,0.8845,0.8845,0.0,0.0686,0.047
seq351,0.8669,0.8669,2.6007,0.8669,0.0,1.7338,0.0,0.0,2.6007,0.8669,0.0,0.8669,0.8669,0.8669,0.0,0.8669,0.0,0.8669,0.0,0.0,0.0494,0.0836
seq352,0.0,0.0,0.0,4.3161,0.0,0.8632,0.0,0.8632,0.0,3.4529,0.0,0.0,0.8632,0.8632,1.7265,1.7265,0.8632,0.0,0.0,0.0,0.0564,0.0803
seq353,0.0,0.0,0.0,0.0,1.669,0.8345,0.0,2.5035,1.669,2.5035,0.0,1.669,1.669,0.0,0.8345,0.0,1.669,0.0,0.0,0.0,0.096,0.0695
seq354,1.7419,0.0,1.7419,0.0,0.871,0.0,1.7419,0.871,0.0,0.0,0.0,0.871,2.6129,0.0,0.871,0.871,2.6129,0.871,0.0,0.0,0.0531,0.076
seq355,0.7984,0.7984,0.7984,0.0,0.0,3.1936,0.7984,0.0,0.0,0.0,1.5968,0.0,0.0,2.3952,1.5968,0.7984,0.0,0.0,0.7984,1.5968,0.1167,0.0849
seq356,0.0,0.879,2.6371,0.879,0.879,0.0,0.0,2.6371,0.0,1.7581,0.879,0.879,0.879,0.0,0.0,2.6371,0.879,0.879,0.0,0.0,0.0638,0.0571
seq357,0.0,0.8665,2.5994,0.8665,0.8665,0.0,0.0,2.5994,0.0,1.733,0.8665,0.8665,0.8665,0.0,0.0,2.5994,0.8665,0.8665,0.0,0.0,0.0844,0.0491
seq358,1.6001,0.8001,0.0,0.0,2.4002,0.0,0.0,0.8001,1.6001,0.8001,0.0,0.0,0.8001,1.6001,2.4002,0.0,1.6001,0.0,0.8001,0.8001,0.0983,0.1016
seq359,0.834,0.0,1.668,1.668,0.0,0.0,0.0,0.0,3.3359,3.3359,0.0,1.668,0.0,0.0,0.0,1.668,0.834,1.668,0.0,0.0,0.0936,0.0724
seq360,2.5309,0.0,1.6873,1.6873,0.0,0.0,0.0,0.0,3.3745,1.6873,0.0,1.6873,0.0,0.0,0.0,1.6873,0.8436,1.6873,0.0,0.0,0.0893,0.0671
seq361,3.3159,0.0,0.0,0.0,0.829,0.0,0.0,0.0,9.9476,0.0,0.0,0.0,0.0,0.0,0.0,0.0,0.0,3.3159,0.0,0.0,0.1533,0.0177
seq362,0.8787,0.0,0.0,0.0,0.8787,0.0,0.8787,0.0,0.0,1.7575,0.8787,1.7575,3.5149,1.7575,0.8787,1.7575,2.6362,0.0,0.8787,0.0,0.0635,0.0578
seq363,0.0,0.0,0.7945,0.0,0.0,0.7945,0.7945,2.3834,2.3834,3.9723,0.0,0.7945,0.0,0.7945,0.7945,0.7945,0.0,1.5889,0.0,0.7945,0.0838,0.1217
seq364,0.0,0.0,0.7487,0.7487,0.0,1.4973,0.0,1.4973,1.4973,1.4973,0.0,0.7487,0.7487,2.246,0.7487,0.0,0.0,0.7487,2.246,0.7487,0.1195,0.1318
seq365,8.2623,0.0,0.0,0.0,0.0,0.0,0.0,0.0,6.7601,0.0,0.0,0.0,0.0,0.0,0.0,0.0,0.0,0.0,0.7511,0.0,0.0983,0.1506
seq366,6.9929,0.0,0.0,0.0,0.0,0.0,0.0,0.0,9.3239,0.0,0.0,0.0,0.0,0.0,0.0,0.0,0.0,0.0,0.0,0.0,0.0849,0.1381
seq367,5.1559,0.0,0.0,0.0,0.0,0.0,0.0,0.0,0.0,0.0,0.0,0.0,0.0,0.0,7.7339,0.0,0.0,0.0,0.6445,0.0,0.1408,0.2147
seq368,3.7216,0.0,0.0,0.0,0.0,0.0,0.0,0.0,2.9773,0.0,0.0,0.0,0.0,0.0,8.9319,0.0,0.0,0.0,0.0,0.0,0.1156,0.1401
seq369,1.5357,0.0,0.7678,2.3035,0.7678,0.7678,0.0,0.7678,2.3035,2.3035,0.0,0.0,0.0,0.0,1.5357,1.5357,0.0,0.7678,0.7678,0.7678,0.1127,0.1195
seq370,4.4452,0.0,0.0,0.0,5.927,0.0,0.0,0.0,6.6678,0.0,0.0,0.0,0.0,0.0,0.0,0.0,0.0,0.0,0.0,0.0,0.1178,0.1414
seq371,1.4112,0.0,0.0,0.0,5.6448,0.0,0.0,0.7056,3.528,1.4112,0.0,0.0,0.0,0.0,2.8224,0.0,0.0,0.7056,0.0,0.0,0.1254,0.16899999999999998
seq372,4.666,0.0,0.0,0.0,0.7777,0.0,0.0,0.0,6.9991,5.4437,0.0,0.0,0.0,0.0,0.0,0.0,0.0,0.0,0.0,0.0,0.0921,0.1303
seq373,4.5809,0.0,0.0,0.0,0.7635,0.0,0.0,5.3443,6.8713,0.0,0.0,0.0,0.0,0.0,0.0,0.0,0.0,0.0,0.0,0.0,0.0984,0.1381
seq374,0.8398,0.8398,0.8398,2.5194,0.0,0.8398,0.0,0.8398,0.8398,5.0387,0.0,0.0,0.0,0.8398,1.6796,1.6796,1.6796,0.8398,0.0,0.0,0.0635,0.0967
seq375,0.0,0.7247,0.7247,0.0,0.7247,0.7247,0.0,0.0,0.7247,5.0729,0.0,0.0,0.7247,0.0,3.6235,0.0,1.4494,0.7247,0.7247,0.7247,0.1316,0.1437
seq376,3.4719,0.0,0.0,0.0,1.736,3.4719,0.0,2.6039,0.0,4.3399,0.868,0.868,0.0,0.868,0.0,0.868,0.0,0.868,0.868,0.0,0.0645,0.0675
seq377,0.8363,0.0,0.8363,1.6725,0.0,0.0,0.0,0.8363,2.5088,3.345,0.0,4.1813,0.0,0.0,0.8363,2.5088,0.8363,1.6725,0.0,0.0,0.0836,0.0802
seq378,1.6579,0.0,0.8289,2.4868,0.0,0.8289,0.8289,2.4868,0.8289,2.4868,0.0,0.8289,0.0,0.0,0.8289,1.6579,2.4868,1.6579,0.0,0.0,0.0873,0.0837
seq379,2.1963,0.0,0.0,0.0,5.8567,0.0,0.0,0.7321,4.3925,0.7321,0.0,0.0,0.0,0.0,4.3925,0.0,0.0,0.0,0.0,0.0,0.2335,0.0344
seq380,0.0,2.5507,0.0,0.0,0.8502,0.8502,0.8502,0.0,0.0,0.8502,0.8502,0.8502,4.2512,0.0,2.5507,2.5507,2.5507,0.0,0.8502,0.8502,0.069,0.0807
seq381,0.0,0.0,1.675,1.675,0.8375,0.8375,1.675,1.675,3.3499,0.8375,0.8375,0.8375,0.0,1.675,0.0,3.3499,0.0,1.675,0.0,0.0,0.0736,0.08900000000000001
seq382,2.8542,0.0,0.7136,0.0,0.7136,1.4271,0.0,0.7136,3.5678,2.8542,0.0,0.0,0.0,0.0,3.5678,0.0,0.0,2.1407,0.0,0.0,0.1169,0.1696
seq383,0.8246,0.0,0.8246,1.6492,0.0,3.2984,0.0,0.8246,0.8246,3.2984,0.0,0.0,3.2984,1.6492,0.8246,2.4738,0.0,0.0,0.8246,0.8246,0.075,0.1004
seq384,0.8633,0.8633,0.0,3.4532,0.0,0.0,0.8633,3.4532,1.7266,0.8633,0.8633,1.7266,0.8633,0.8633,0.0,0.8633,1.7266,2.5899,0.0,0.8633,0.0654,0.0713
seq385,2.328,1.552,0.0,0.0,1.552,0.776,0.0,0.776,2.328,0.776,0.776,0.0,0.776,0.776,3.8801,0.776,0.776,0.776,1.552,0.0,0.1173,0.1067
seq386,6.6411,0.0,0.0,0.0,0.7379,0.0,0.0,0.7379,5.1653,1.4758,0.0,0.0,0.0,0.0,4.4274,0.0,0.0,0.7379,0.0,0.0,0.1044,0.1577
seq387,3.9507,0.0,0.0,0.0,0.7901,0.0,0.0,0.0,10.2719,0.0,0.0,0.0,0.0,0.0,0.0,0.0,0.0,6.3211,0.0,0.0,0.0816,0.1283
seq388,0.6826,0.0,0.0,0.0,4.0954,0.0,0.0,1.3651,4.0954,2.0477,0.0,0.0,0.0,0.0,5.4606,0.0,0.0,0.6826,0.0,0.0,0.127,0.1904
seq389,0.8536,0.0,1.7073,3.4145,0.8536,0.0,0.8536,2.5609,0.8536,0.0,2.5609,2.5609,0.0,0.0,0.0,4.2681,0.0,0.8536,0.0,1.7073,0.0824,0.064
seq390,0.0,0.0,0.0,0.0,0.799,0.799,1.5981,0.0,1.5981,1.5981,0.799,2.3971,2.3971,2.3971,3.1962,0.0,0.0,0.799,3.1962,0.799,0.1093,0.0916
seq391,1.863,0.0,0.0,0.9315,0.0,0.9315,0.9315,0.0,0.0,0.0,0.9315,0.9315,1.863,1.863,7.4518,2.7944,4.6574,0.9315,0.0,0.0,0.0271,0.0414
seq392,2.4088,0.8029,0.8029,2.4088,0.8029,0.8029,0.8029,4.0146,1.6058,0.8029,0.0,0.8029,0.0,1.6058,2.4088,0.8029,0.8029,0.0,0.0,0.8029,0.0916,0.1054
seq393,0.0,1.6005,2.4008,0.0,0.8003,0.8003,0.0,2.4008,0.0,3.201,0.0,0.8003,0.8003,3.201,2.4008,2.4008,0.8003,0.8003,0.8003,0.0,0.1059,0.0938
seq394,0.8449,4.2245,1.6898,0.0,1.6898,3.3796,1.6898,0.8449,2.5347,1.6898,0.0,0.8449,1.6898,0.0,0.8449,0.8449,0.0,0.0,0.0,1.6898,0.0923,0.0628
seq395,4.1744,0.0,0.8349,0.0,2.5046,5.0093,0.8349,1.6698,0.8349,1.6698,0.0,0.0,0.0,0.8349,0.0,1.6698,0.8349,1.6698,0.8349,0.8349,0.0825,0.0826
seq396,2.5355,0.0,0.8452,0.0,1.6903,4.2259,0.8452,0.8452,0.8452,2.5355,0.8452,0.8452,0.0,0.8452,0.0,2.5355,0.8452,2.5355,0.8452,0.8452,0.0794,0.0755
seq397,1.679,0.0,0.8395,0.0,2.5185,5.037,0.8395,0.8395,0.8395,1.679,0.0,0.0,0.0,0.8395,0.0,1.679,1.679,4.1975,0.8395,0.8395,0.0867,0.0738
seq398,1.6894,0.0,0.8447,0.0,2.5342,4.2236,0.8447,0.8447,0.8447,1.6894,0.8447,0.0,0.0,0.8447,0.0,2.5342,1.6894,3.3789,0.8447,0.8447,0.08,0.0753
seq399,0.0,0.8328,0.0,1.6655,0.8328,1.6655,0.8328,1.6655,0.0,3.331,0.0,2.4983,3.331,0.8328,2.4983,0.8328,1.6655,1.6655,0.8328,0.0,0.0924,0.0749
seq400,0.0,1.704,0.0,1.704,0.852,1.704,0.852,1.704,0.0,4.2599,0.0,2.5559,1.704,0.852,1.704,1.704,1.704,1.704,0.852,0.0,0.0781,0.07
seq401,6.4633,0.0,0.0,0.0,0.8079,7.2713,0.0,0.0,11.3108,0.0,0.0,0.0,0.0,0.0,0.0,0.0,0.0,0.0,0.0,0.0,0.0755,0.1166
seq402,1.6397,0.0,0.8198,1.6397,2.4595,0.8198,0.0,2.4595,0.8198,1.6397,0.8198,0.8198,0.0,0.8198,1.6397,3.2793,2.4595,3.2793,0.0,0.8198,0.0834,0.0968
seq403,5.7795,0.0,0.8256,2.4769,1.6513,3.3026,0.8256,0.0,0.8256,2.4769,1.6513,0.0,0.0,0.0,2.4769,0.8256,2.4769,0.8256,0.0,0.0,0.0748,0.0996
seq404,2.3194,0.7731,2.3194,1.5462,0.0,0.0,0.7731,0.7731,2.3194,3.8656,1.5462,0.0,0.0,0.7731,5.4118,0.7731,0.7731,0.7731,0.0,0.7731,0.1149,0.1119
seq405,3.3545,0.0,1.6773,0.0,2.5159,5.0318,0.8386,2.5159,0.8386,2.5159,0.8386,0.0,0.0,0.8386,0.0,1.6773,1.6773,1.6773,0.8386,0.8386,0.0777,0.0837
seq406,0.8217,1.6435,0.8217,3.2869,1.6435,0.8217,2.4652,0.8217,2.4652,3.2869,0.8217,0.0,1.6435,0.0,3.2869,1.6435,0.8217,0.0,0.0,0.8217,0.0784,0.0998
seq407,0.8408,0.8408,0.8408,0.8408,1.6816,2.5224,0.0,0.8408,0.0,3.3631,0.0,1.6816,1.6816,0.8408,0.8408,0.8408,2.5224,2.5224,0.8408,4.2039,0.0849,0.0743
seq408,4.0922,0.0,2.4553,0.8184,1.6369,0.0,0.0,2.4553,2.4553,1.6369,0.0,4.0922,0.0,1.6369,0.8184,4.0922,0.8184,0.0,0.8184,0.0,0.0827,0.0989
seq409,2.5008,0.0,0.8336,0.0,0.0,0.0,0.8336,5.0015,2.5008,4.1679,0.0,2.5008,0.0,0.8336,1.6672,4.1679,1.6672,0.8336,0.0,0.8336,0.0736,0.0928
seq410,8.0583,0.0,0.0,0.0,0.8058,0.0,0.0,0.0,12.0875,0.0,0.0,0.0,0.0,0.0,0.0,0.0,0.0,8.8642,0.0,0.0,0.0824,0.1117
seq411,4.355,0.0,0.0,0.0,0.7258,2.1775,0.0,0.7258,5.8067,4.355,0.0,0.0,0.0,0.0,5.8067,0.0,0.0,2.9034,0.0,0.0,0.1178,0.1563
seq412,0.0,4.8231,0.0,0.0,0.0,8.0385,4.8231,4.0192,0.0,0.0,0.0,0.0,1.6077,0.0,4.0192,0.0,0.0,3.2154,0.0,0.0,0.0961,0.1001
seq413,0.8243,0.0,3.297,3.297,0.8243,0.0,0.0,2.4728,3.297,6.594,0.8243,3.297,0.0,0.8243,0.8243,1.6485,1.6485,0.8243,0.0,1.6485,0.0951,0.0806
seq414,3.7978,0.0,2.2787,1.5191,1.5191,0.0,0.7596,0.7596,2.2787,6.8361,0.0,0.0,0.7596,1.5191,5.317,1.5191,0.0,1.5191,0.7596,0.0,0.1248,0.1156
seq415,2.5521,0.0,3.4027,2.5521,2.5521,0.8507,0.8507,2.5521,2.5521,3.4027,0.0,4.2534,1.7014,1.7014,0.8507,5.1041,0.0,2.5521,0.0,0.8507,0.0689,0.0804
seq416,4.3375,0.0,0.8675,0.8675,0.8675,0.8675,0.0,2.6025,3.47,4.3375,0.0,4.3375,0.0,7.8074,0.0,2.6025,4.3375,2.6025,0.0,0.0,0.0597,0.0728
seq417,0.8854,0.0,1.7707,2.6561,0.8854,0.8854,0.0,1.7707,2.6561,4.4268,0.0,7.0828,0.0,7.9682,0.0,3.5414,4.4268,1.7707,0.0,0.0,0.0502,0.0644
seq418,3.344,0.0,2.508,1.672,0.836,0.836,0.0,3.344,1.672,5.852,0.0,4.18,0.0,3.344,1.672,4.18,1.672,3.344,0.0,0.0,0.0803,0.0837
seq419,2.4687,3.2916,0.8229,0.8229,0.8229,1.6458,0.0,2.4687,2.4687,0.0,0.8229,0.8229,3.2916,4.9375,6.5833,3.2916,0.8229,3.2916,1.6458,0.0,0.0834,0.0937
seq420,0.8661,3.4645,0.8661,0.8661,3.4645,0.8661,0.8661,2.5983,6.9289,0.0,0.0,6.0628,6.0628,1.7322,1.7322,2.5983,0.8661,1.7322,0.8661,0.0,0.0641,0.0698
seq421,2.5898,0.0,2.5898,1.7265,0.0,1.7265,0.8633,2.5898,5.1795,8.6325,0.0,4.3163,0.8633,0.8633,0.0,6.0428,1.7265,7.7693,0.0,0.8633,0.065,0.0718
seq422,1.6561,0.0,4.9683,5.7964,0.8281,2.4842,0.8281,4.1403,4.9683,5.7964,0.0,4.9683,1.6561,1.6561,0.8281,3.3122,0.8281,3.3122,0.0,1.6561,0.0831,0.0888
seq423,5.4393,0.0,3.1082,5.4393,1.5541,0.0,0.777,0.777,3.1082,8.5474,0.777,0.0,0.777,4.6622,6.9934,1.5541,0.0,2.3311,0.777,0.777,0.1168,0.1062
