ID,DDR_A,DDR_C,DDR_D,DDR_E,DDR_F,DDR_G,DDR_H,DDR_I,DDR_K,DDR_L,DDR_M,DDR_N,DDR_P,DDR_Q,DDR_R,DDR_S,DDR_T,DDR_V,DDR_W,DDR_Y
seq0,13.21,0.00,26.17,5.59,24.74,0.00,0.00,11.44,13.82,8.19,20.17,10.00,0.00,12.47,31.14,31.14,18.57,27.71,33.03,21.14
seq1,16.15,0.00,26.17,7.50,28.38,31.14,0.00,14.38,12.97,8.84,17.03,9.28,0.00,9.97,0.00,23.43,23.43,27.71,24.74,17.43
seq2,12.97,0.00,21.14,4.54,20.17,0.00,0.00,11.21,14.30,9.66,24.74,11.79,0.00,14.58,24.74,0.00,16.74,22.23,28.38,26.17
seq3,0.00,6.45,0.00,17.36,0.00,8.91,17.69,22.03,7.50,11.94,0.00,18.14,8.48,34.03,13.66,0.00,12.40,26.56,0.00,15.37
seq4,28.03,22.83,12.21,16.03,10.41,0.00,17.77,0.00,10.00,18.83,20.03,0.00,10.68,0.00,6.30,24.43,9.28,10.89,0.00,0.00
seq5,6.74,11.93,12.11,16.21,0.00,22.83,0.00,16.83,9.45,28.03,0.00,17.93,20.41,22.83,12.62,0.00,10.48,7.33,0.00,14.03
seq6,12.07,0.00,20.03,16.03,14.00,21.37,16.03,0.00,14.62,5.50,0.00,24.43,12.62,0.00,23.45,8.67,10.25,13.79,0.00,21.37
seq7,0.00,0.00,0.00,5.10,11.62,0.00,0.00,0.00,4.61,12.69,28.11,29.68,0.00,18.00,11.14,28.11,35.03,35.03,18.03,0.00
seq8,26.65,0.00,15.25,12.14,11.62,17.19,0.00,0.00,17.69,12.69,28.11,20.03,29.68,11.58,9.94,14.92,35.03,35.03,17.54,0.00
seq9,0.00,0.00,11.91,11.82,17.94,20.74,0.00,10.78,9.78,18.85,16.51,13.76,0.00,5.96,0.00,0.00,24.74,19.31,31.14,16.03
seq10,0.00,0.00,10.74,9.39,16.57,20.91,0.00,13.81,10.78,16.74,17.43,12.79,0.00,6.90,0.00,0.00,19.85,23.43,24.74,12.50
seq11,0.00,0.00,12.74,9.44,18.14,20.23,28.69,18.48,13.37,11.97,23.14,13.09,0.00,10.36,0.00,0.00,8.32,34.03,18.80,11.09
seq12,0.00,0.00,14.12,11.09,22.23,16.03,0.00,8.91,9.48,18.26,17.94,16.03,0.00,6.07,0.00,0.00,33.03,16.74,28.38,21.14
seq13,7.76,0.00,0.00,0.00,0.00,5.88,13.25,9.05,0.00,18.05,9.25,0.00,0.00,10.74,0.00,0.00,4.50,8.95,0.00,12.05
seq14,11.86,9.75,0.00,0.00,0.00,9.62,0.00,0.00,10.59,0.00,11.14,10.25,13.86,0.00,18.23,4.94,7.33,0.00,0.00,10.23
seq15,5.83,0.00,0.00,8.53,13.25,11.17,0.00,9.25,15.26,6.95,0.00,10.25,0.00,0.00,9.05,0.00,7.05,0.00,6.00,0.00
seq16,5.83,0.00,0.00,8.53,13.25,11.06,0.00,9.25,15.26,6.95,0.00,10.25,14.65,0.00,9.05,0.00,11.05,0.00,6.00,0.00
seq17,5.83,0.00,0.00,8.53,13.25,11.17,0.00,9.25,15.26,12.05,0.00,10.25,14.65,0.00,9.05,0.00,7.05,0.00,6.00,0.00
seq18,5.83,0.00,0.00,8.53,13.25,9.94,0.00,9.25,15.26,6.95,0.00,0.00,14.65,0.00,9.05,0.00,7.05,0.00,6.00,0.00
seq19,5.83,0.00,0.00,8.53,13.25,6.61,0.00,9.25,15.26,6.95,0.00,10.25,14.65,0.00,0.00,0.00,7.05,0.00,6.00,0.00
seq20,5.83,0.00,0.00,8.53,13.25,5.50,0.00,0.00,15.26,6.95,0.00,10.25,14.65,0.00,9.05,0.00,7.05,0.00,6.00,0.00
seq21,5.83,0.00,0.00,8.53,13.25,5.50,0.00,9.25,15.26,6.95,0.00,10.25,14.65,0.00,9.05,0.00,13.25,0.00,6.00,0.00
seq22,5.83,0.00,0.00,8.53,13.25,5.94,0.00,9.25,15.26,12.05,0.00,10.25,14.65,0.00,9.05,0.00,7.05,0.00,6.00,0.00
seq23,5.83,0.00,0.00,8.53,13.25,8.61,0.00,9.25,14.65,6.95,0.00,10.25,14.65,0.00,9.05,0.00,7.05,0.00,6.00,0.00
seq24,6.11,0.00,0.00,8.53,13.25,9.94,0.00,9.25,15.26,6.95,0.00,10.25,14.65,0.00,9.05,0.00,7.05,0.00,6.00,0.00
seq25,5.83,0.00,0.00,8.53,0.00,6.61,0.00,9.25,15.26,6.95,0.00,10.25,14.65,0.00,9.05,0.00,7.05,0.00,6.00,0.00
seq26,8.63,0.00,0.00,8.53,13.25,5.28,0.00,9.25,15.26,6.95,0.00,10.25,14.65,0.00,9.05,0.00,7.05,0.00,6.00,0.00
seq27,5.83,0.00,0.00,18.05,13.25,5.94,0.00,9.25,15.26,6.95,0.00,10.25,14.65,0.00,9.05,0.00,7.05,0.00,6.00,0.00
seq28,10.21,0.00,0.00,8.53,13.25,7.50,0.00,9.25,15.26,6.95,0.00,10.25,14.65,0.00,9.05,0.00,7.05,0.00,6.00,0.00
seq29,7.05,10.25,0.00,18.05,10.25,13.25,0.00,13.58,8.95,11.05,0.00,0.00,0.00,9.65,7.65,0.00,6.42,0.00,13.68,0.00
seq30,5.83,0.00,0.00,9.05,13.25,11.39,0.00,9.25,15.26,6.95,0.00,10.25,14.65,0.00,9.05,0.00,7.05,0.00,6.00,0.00
seq31,3.18,0.00,0.00,0.00,0.00,9.35,20.05,9.62,0.00,8.15,16.59,0.00,0.00,0.00,0.00,10.05,6.05,9.81,0.00,0.00
seq32,5.28,0.00,0.00,7.17,6.95,16.25,0.00,18.05,7.05,6.95,7.05,0.00,0.00,16.25,0.00,0.00,10.25,12.05,0.00,9.65
seq33,0.00,0.00,0.00,0.00,0.00,4.00,0.00,6.59,9.25,4.44,0.00,14.65,12.05,11.05,0.00,0.00,0.00,0.00,0.00,10.25
seq34,0.00,14.65,0.00,0.00,0.00,5.69,0.00,4.72,0.00,2.08,0.00,0.00,18.05,0.00,0.00,0.00,0.00,9.25,0.00,0.00
seq35,0.00,0.00,12.05,11.05,0.00,9.58,0.00,9.65,6.00,9.05,0.00,18.05,0.00,5.53,16.25,0.00,11.05,12.11,9.83,0.00
seq36,17.24,0.00,18.23,7.65,0.00,0.00,0.00,20.05,9.24,14.19,10.05,0.00,6.15,0.00,11.75,0.00,0.00,8.48,0.00,7.90
seq37,9.25,0.00,0.00,16.25,9.05,7.89,0.00,14.65,0.00,5.72,0.00,7.89,9.05,12.32,6.39,13.25,0.00,0.00,10.25,9.65
seq38,11.05,10.25,0.00,0.00,0.00,7.68,0.00,9.65,13.25,10.25,12.05,6.17,8.95,0.00,7.05,8.95,14.65,0.00,13.25,14.65
seq39,14.65,0.00,0.00,11.05,0.00,16.25,12.05,11.05,12.05,2.94,0.00,9.47,0.00,13.25,9.05,0.00,8.95,8.17,0.00,0.00
seq40,0.00,13.25,0.00,11.05,0.00,8.32,0.00,6.42,9.05,0.00,0.00,10.25,18.05,14.65,4.94,0.00,11.17,0.00,7.05,0.00
seq41,5.26,0.00,0.00,0.00,0.00,0.00,10.05,9.62,12.67,9.15,10.23,0.00,16.59,0.00,11.75,18.23,13.86,7.90,0.00,20.05
seq42,6.08,0.00,0.00,0.00,0.00,0.00,3.90,0.00,10.08,7.08,7.08,8.42,4.73,0.00,0.00,0.00,10.08,0.00,5.42,0.00
seq43,6.95,19.05,0.00,8.29,10.05,0.00,8.48,0.00,12.77,6.63,0.00,0.00,6.35,0.00,15.62,11.14,0.00,11.86,0.00,10.59
seq44,9.87,0.00,0.00,6.67,7.50,0.00,0.00,8.67,7.73,7.45,0.00,0.00,0.00,0.00,0.00,13.07,0.00,6.67,7.07,6.53
seq45,0.00,8.28,4.56,8.72,14.28,0.00,0.00,9.39,16.06,4.00,0.00,0.00,0.00,0.00,11.39,10.47,0.00,0.00,6.19,0.00
seq46,0.00,8.28,4.56,8.72,14.28,0.00,0.00,8.06,16.06,4.00,0.00,0.00,0.00,0.00,11.39,10.47,0.00,0.00,6.19,0.00
seq47,0.00,8.28,4.56,8.72,14.28,0.00,0.00,0.00,16.06,2.80,0.00,0.00,0.00,0.00,11.39,10.47,0.00,9.39,6.19,0.00
seq48,0.00,9.65,5.17,10.25,16.25,16.25,0.00,6.42,18.05,6.95,0.00,0.00,0.00,0.00,11.05,9.94,0.00,11.05,5.94,0.00
seq49,0.00,9.05,4.72,9.25,13.25,0.00,0.00,7.05,14.65,7.37,0.00,0.00,0.00,0.00,13.25,10.21,16.25,9.65,6.94,0.00
seq50,0.00,8.28,4.94,8.72,14.28,0.00,0.00,5.65,16.06,6.24,0.00,0.00,0.00,0.00,12.72,10.47,0.00,9.39,6.19,0.00
seq51,0.00,8.28,4.56,8.72,14.28,0.00,0.00,5.76,16.06,7.06,0.00,0.00,0.00,0.00,11.39,10.47,0.00,9.39,6.19,0.00
seq52,0.00,11.39,8.06,16.06,14.28,0.00,0.00,5.76,16.06,7.06,0.00,0.00,0.00,0.00,10.28,6.00,0.00,9.39,6.19,0.00
seq53,0.00,8.28,4.56,8.72,9.39,0.00,0.00,6.71,16.06,5.65,0.00,0.00,0.00,0.00,11.39,10.47,0.00,8.72,6.81,0.00
seq54,0.00,8.28,4.56,0.00,14.28,0.00,0.00,8.06,16.06,7.06,0.00,0.00,0.00,0.00,11.39,16.06,7.88,5.06,6.19,0.00
seq55,0.00,8.28,4.56,0.00,14.28,0.00,0.00,9.39,16.06,7.06,0.00,0.00,0.00,0.00,11.39,16.06,7.88,5.76,6.19,0.00
seq56,0.00,8.28,5.56,0.00,14.28,0.00,0.00,9.41,16.06,12.72,0.00,0.00,0.00,0.00,11.39,7.88,0.00,6.31,6.19,0.00
seq57,0.00,0.00,6.00,10.28,14.28,0.00,8.72,0.00,16.06,4.56,0.00,0.00,0.00,0.00,0.00,10.47,0.00,3.94,5.87,0.00
seq58,0.00,8.28,4.56,0.00,14.28,0.00,0.00,0.00,16.06,7.06,0.00,0.00,0.00,0.00,11.39,10.47,8.72,3.94,6.19,0.00
seq59,0.00,8.28,4.40,8.59,14.28,0.00,0.00,5.76,0.00,7.06,0.00,0.00,0.00,0.00,0.00,10.47,0.00,9.39,6.19,0.00
seq60,0.00,8.28,11.39,16.06,14.28,0.00,0.00,5.76,8.72,7.06,0.00,0.00,0.00,0.00,4.56,10.47,0.00,9.39,6.19,0.00
seq61,0.00,8.28,10.28,0.00,14.28,0.00,0.00,5.76,8.59,7.06,0.00,0.00,0.00,0.00,4.44,10.47,0.00,9.39,6.19,0.00
seq62,16.74,0.00,10.59,9.45,0.00,0.00,0.00,10.67,8.67,8.55,0.00,12.46,27.14,25.69,21.14,5.97,0.00,34.03,19.36,0.00
seq63,13.07,0.00,0.00,0.00,7.73,0.00,6.67,6.36,11.33,0.00,0.00,6.07,6.93,0.00,7.73,0.00,3.38,0.00,11.33,0.00
seq64,20.97,4.73,0.00,13.10,14.77,13.10,0.00,9.24,15.50,22.32,19.74,15.83,0.00,0.00,0.00,6.96,15.10,10.30,0.00,20.97
seq65,14.03,4.56,0.00,24.43,18.83,10.54,0.00,12.25,14.69,0.00,0.00,22.83,16.00,0.00,21.37,6.44,14.83,6.68,0.00,20.03
seq66,0.00,16.06,0.00,0.00,4.19,7.41,15.06,0.00,0.00,5.76,0.00,0.00,11.39,8.06,12.72,7.06,8.72,7.88,0.00,0.00
seq67,7.05,4.39,9.90,0.00,8.15,5.06,0.00,12.95,0.00,17.24,0.00,10.38,0.00,0.00,0.00,11.90,0.00,9.35,19.05,11.05
seq68,7.68,8.32,18.05,0.00,9.65,8.94,0.00,0.00,0.00,0.00,0.00,13.25,5.83,11.05,0.00,0.00,0.00,5.28,6.61,0.00
seq69,34.03,0.00,27.71,6.90,0.00,0.00,19.36,14.56,17.54,9.47,0.00,9.76,0.00,12.79,32.14,12.15,23.14,0.00,32.14,24.36
seq70,3.18,0.00,0.00,8.41,34.03,0.00,0.00,0.00,5.93,5.53,0.00,30.36,0.00,0.00,0.00,25.69,0.00,0.00,23.38,0.00
seq71,16.25,10.25,14.65,7.05,13.25,17.05,6.72,0.00,6.11,0.00,9.65,0.00,0.00,4.31,0.00,9.25,0.00,0.00,0.00,0.00
seq72,17.14,5.22,18.15,24.05,28.11,9.97,0.00,19.46,31.35,15.47,0.00,35.03,17.58,0.00,12.17,13.14,7.85,16.92,0.00,17.57
seq73,0.00,2.15,0.00,0.00,6.71,7.53,0.00,5.76,0.00,0.00,0.00,0.00,0.00,0.00,3.33,0.00,6.71,0.00,0.00,0.00
seq74,0.00,2.15,0.00,0.00,14.28,7.53,0.00,11.39,0.00,9.39,0.00,0.00,0.00,0.00,3.07,0.00,14.28,8.28,0.00,0.00
seq75,7.79,0.00,0.00,15.19,0.00,7.57,25.04,17.35,5.12,4.43,0.00,0.00,0.00,0.00,0.00,10.04,9.65,0.00,0.00,21.48
seq76,7.46,0.00,0.00,15.19,0.00,7.57,0.00,17.35,5.12,5.04,0.00,25.04,0.00,0.00,0.00,18.52,7.52,13.70,0.00,21.48
seq77,0.00,0.00,10.25,8.53,4.17,18.05,0.00,7.68,5.17,12.11,0.00,14.65,0.00,9.05,4.39,0.00,0.00,18.05,0.00,0.00
seq78,0.00,0.00,10.25,13.25,6.42,18.05,0.00,5.50,5.17,12.11,0.00,14.65,0.00,9.05,4.39,0.00,0.00,8.63,0.00,0.00
seq79,8.72,0.00,0.00,0.00,10.28,7.65,0.00,14.28,6.47,11.76,8.72,8.06,0.00,0.00,0.00,9.39,0.00,5.07,8.28,11.39
seq80,10.55,4.16,20.03,20.03,0.00,14.62,0.00,14.69,21.37,14.43,0.00,28.03,13.52,0.00,0.00,9.61,12.62,5.78,16.03,26.17
seq81,14.43,3.84,0.00,20.03,16.03,10.68,0.00,14.69,17.59,14.17,0.00,19.10,13.52,0.00,26.17,9.86,13.52,6.89,0.00,24.43
seq82,0.00,3.46,0.00,17.93,0.00,7.12,0.00,21.86,0.00,25.17,0.00,13.04,8.67,0.00,25.17,14.68,6.65,10.46,17.93,0.00
seq83,6.42,9.05,13.25,0.00,9.25,8.94,0.00,16.25,0.00,0.00,0.00,0.00,6.72,9.05,0.00,0.00,18.05,5.28,6.17,0.00
seq84,0.00,0.00,0.00,0.00,2.80,16.06,0.00,14.28,2.25,9.39,0.00,0.00,0.00,0.00,7.94,16.06,0.00,0.00,0.00,0.00
seq85,22.46,3.30,0.00,18.18,10.89,9.65,0.00,0.00,24.18,13.89,0.00,26.04,13.46,19.46,0.00,9.88,8.16,9.26,0.00,15.18
seq86,7.06,15.06,0.00,4.50,0.00,15.06,0.00,7.53,11.76,4.81,0.00,0.00,7.65,0.00,0.00,0.00,4.00,7.65,0.00,0.00
seq87,9.31,15.06,0.00,4.93,0.00,15.06,0.00,7.53,11.76,4.81,0.00,0.00,7.65,0.00,0.00,0.00,4.00,0.00,6.19,0.00
seq88,0.00,2.15,0.00,0.00,0.00,4.93,0.00,5.76,0.00,0.00,0.00,0.00,0.00,0.00,3.33,0.00,0.00,6.71,0.00,0.00
seq89,14.17,3.96,0.00,19.74,16.13,10.55,0.00,8.04,18.50,0.00,0.00,20.03,13.23,0.00,27.16,7.03,0.00,11.10,0.00,25.42
seq90,0.00,3.84,0.00,20.03,16.03,8.67,0.00,9.18,0.00,26.17,0.00,20.41,13.52,0.00,0.00,8.96,14.03,6.15,0.00,24.43
seq91,0.00,0.00,20.14,7.94,0.00,0.00,17.69,9.39,30.36,14.69,22.97,9.35,0.00,23.56,19.36,12.15,13.43,0.00,20.50,17.14
seq92,9.56,0.00,0.00,7.81,7.06,12.31,0.00,12.31,5.50,9.56,10.81,0.00,7.81,8.56,11.33,7.31,0.00,0.00,0.00,7.31
seq93,0.00,3.84,28.03,11.38,14.43,21.37,26.17,14.69,14.11,14.17,0.00,12.97,13.52,0.00,0.00,10.21,14.03,6.89,16.03,24.43
seq94,0.00,5.69,0.00,0.00,11.08,0.00,0.00,0.00,12.07,6.93,0.00,0.00,5.08,0.00,4.77,5.69,0.00,8.93,0.00,6.07
seq95,9.58,7.72,14.65,0.00,11.05,9.47,0.00,0.00,0.00,18.05,0.00,11.05,4.72,13.25,0.00,0.00,0.00,6.61,7.68,0.00
seq96,7.05,6.42,13.25,16.25,7.76,0.00,0.00,8.53,12.05,18.05,0.00,11.05,6.94,0.00,0.00,10.25,0.00,16.25,0.00,0.00
seq97,6.17,6.42,0.00,16.25,9.94,0.00,0.00,8.53,12.05,8.63,0.00,0.00,4.12,0.00,0.00,10.25,0.00,16.25,0.00,0.00
seq98,14.65,6.42,0.00,16.25,9.06,11.05,0.00,8.53,12.05,18.05,0.00,0.00,4.12,0.00,0.00,10.25,0.00,8.32,0.00,0.00
seq99,14.65,6.42,0.00,16.25,9.94,0.00,0.00,8.53,12.05,8.95,0.00,11.05,4.12,0.00,0.00,10.25,0.00,8.32,0.00,0.00
seq100,16.77,14.92,0.00,8.38,8.00,14.92,0.00,10.70,15.44,9.19,0.00,0.00,4.97,0.00,0.00,14.51,0.00,17.59,0.00,0.00
seq101,14.65,0.00,0.00,7.68,9.06,11.05,0.00,8.61,12.05,18.05,0.00,0.00,4.12,0.00,0.00,10.25,0.00,8.32,0.00,0.00
seq102,14.65,6.11,0.00,7.68,9.06,0.00,0.00,8.53,12.05,18.05,11.05,11.05,4.12,0.00,0.00,0.00,0.00,16.25,0.00,0.00
seq103,14.65,6.11,0.00,7.68,9.94,11.05,0.00,8.53,12.05,8.95,11.05,0.00,4.12,0.00,0.00,0.00,0.00,16.25,0.00,0.00
seq104,14.65,0.00,0.00,7.68,7.76,11.05,0.00,8.53,6.11,8.95,11.05,0.00,4.12,0.00,0.00,0.00,0.00,16.25,0.00,0.00
seq105,14.65,6.00,0.00,7.68,7.76,11.05,0.00,13.25,12.05,18.05,11.05,0.00,4.12,0.00,0.00,10.25,0.00,16.25,0.00,0.00
seq106,7.05,0.00,13.25,7.68,7.76,0.00,0.00,8.53,12.05,18.05,11.05,11.05,6.94,0.00,0.00,10.25,0.00,16.25,0.00,0.00
seq107,7.05,0.00,0.00,7.68,9.94,0.00,0.00,5.06,12.05,18.05,11.05,11.05,4.12,0.00,0.00,10.25,0.00,16.25,0.00,0.00
seq108,6.17,0.00,0.00,7.68,9.94,0.00,0.00,8.53,12.05,8.63,11.05,0.00,4.12,0.00,0.00,10.25,0.00,16.25,0.00,0.00
seq109,14.65,0.00,0.00,7.68,9.94,0.00,0.00,8.53,8.63,18.05,11.05,11.05,4.12,0.00,0.00,10.25,0.00,8.32,0.00,0.00
seq110,21.03,0.00,18.69,8.58,28.69,0.00,30.36,23.38,11.37,9.03,0.00,9.70,0.00,12.79,0.00,12.15,34.03,0.00,19.15,0.00
seq111,0.00,0.00,15.86,13.66,12.14,17.58,0.00,10.23,7.47,15.16,0.00,24.05,28.11,18.00,6.55,22.03,31.35,14.58,0.00,0.00
seq112,4.44,0.00,8.06,0.00,0.00,10.47,12.72,3.94,0.00,15.06,6.71,0.00,10.28,9.39,12.72,0.00,0.00,0.00,14.28,0.00
seq113,5.42,0.00,0.00,0.00,5.42,0.00,6.08,0.00,0.00,7.45,0.00,0.00,3.90,0.00,7.08,5.08,9.09,0.00,0.00,0.00
seq114,16.60,0.00,10.34,20.49,17.25,25.87,47.45,0.00,10.82,0.00,0.00,10.26,26.55,28.69,14.08,0.00,0.00,16.34,0.00,28.13
seq115,0.00,4.42,0.00,17.77,14.83,9.54,0.00,9.75,18.83,14.62,0.00,19.10,11.59,0.00,28.03,6.68,14.43,10.25,0.00,26.17
seq116,27.14,0.00,23.14,7.61,0.00,0.00,23.14,19.14,13.66,8.39,0.00,11.91,0.00,11.58,0.00,11.33,28.69,0.00,26.00,30.36
seq117,6.63,9.25,16.25,0.00,9.05,8.50,0.00,0.00,0.00,0.00,0.00,16.25,7.06,9.65,0.00,0.00,0.00,4.83,5.94,0.00
seq118,18.52,0.00,0.00,0.00,15.12,0.00,0.00,21.48,15.27,14.65,0.00,16.04,11.60,7.60,9.05,14.37,14.58,13.70,0.00,0.00
seq119,0.00,12.11,6.42,13.25,0.00,7.37,0.00,0.00,0.00,10.21,0.00,8.63,15.26,0.00,7.68,0.00,7.89,6.00,10.25,0.00
seq120,18.03,0.00,26.97,13.81,0.00,17.51,0.00,24.05,9.21,7.53,20.16,18.00,0.00,10.97,9.03,0.00,10.40,8.74,17.57,28.11
seq121,17.70,0.00,0.00,18.09,16.48,13.29,16.48,11.83,15.91,12.34,22.85,13.16,11.16,31.03,15.55,0.00,0.00,15.58,0.00,11.74
seq122,0.00,3.47,0.00,0.00,8.72,10.69,0.00,0.00,0.00,10.28,0.00,0.00,0.00,0.00,4.31,0.00,0.00,10.24,0.00,8.72
seq123,18.05,7.89,9.25,0.00,0.00,7.89,0.00,0.00,0.00,10.21,0.00,6.95,6.72,0.00,18.05,0.00,12.05,7.50,10.84,0.00
seq124,0.00,15.26,7.68,11.05,0.00,6.11,0.00,16.25,0.00,12.32,0.00,9.65,14.65,0.00,6.39,0.00,7.05,5.79,9.25,0.00
seq125,78.10,7.68,21.64,40.35,57.82,14.53,0.00,54.02,11.74,20.89,52.80,39.26,12.86,23.98,20.99,52.05,33.38,30.82,63.27,38.08
seq126,0.00,0.00,0.00,0.00,0.00,5.27,0.00,0.00,0.00,5.42,0.00,8.42,4.18,7.08,7.08,3.30,0.00,10.08,0.00,0.00
seq127,0.00,8.28,8.06,0.00,0.00,12.72,9.39,12.72,0.00,11.39,0.00,5.76,8.72,0.00,0.00,8.67,8.28,6.94,0.00,9.41
seq128,0.00,3.50,0.00,7.45,5.30,0.00,0.00,0.00,0.00,0.00,0.00,0.00,4.73,0.00,2.90,8.10,0.00,0.00,0.00,7.45
seq129,0.00,0.00,0.00,6.15,5.54,6.92,5.69,0.00,8.00,0.00,6.92,0.00,9.38,0.00,5.69,8.42,0.00,11.08,6.15,9.38
seq130,12.32,7.50,12.05,0.00,13.25,9.25,0.00,0.00,0.00,15.26,0.00,9.65,4.50,16.25,0.00,0.00,18.05,8.32,7.89,0.00
seq131,16.35,4.87,0.00,13.19,0.00,8.48,0.00,6.72,25.04,18.52,0.00,18.52,8.19,0.00,19.93,7.60,0.00,12.04,12.59,21.48
seq132,0.00,7.68,7.68,0.00,0.00,7.05,0.00,0.00,0.00,8.95,0.00,6.11,8.63,0.00,14.65,0.00,10.25,8.17,12.61,0.00
seq133,5.04,0.00,28.11,8.55,35.03,0.00,0.00,24.05,9.03,6.97,33.14,31.35,0.00,0.00,26.65,26.65,0.00,0.00,19.39,0.00
seq134,6.52,0.00,28.11,7.77,35.03,0.00,0.00,24.05,8.59,8.62,33.14,31.35,0.00,0.00,26.65,26.65,0.00,0.00,19.39,0.00
seq135,7.05,9.65,11.05,0.00,10.25,8.32,16.25,13.25,0.00,0.00,0.00,0.00,6.95,9.25,0.00,0.00,14.65,6.61,6.94,0.00
seq136,8.00,0.00,0.00,0.00,0.00,7.06,6.19,9.41,0.00,0.00,6.36,8.19,13.29,0.00,7.53,0.00,8.59,0.00,15.06,15.06
seq137,6.08,0.00,0.00,0.00,0.00,0.00,0.00,2.90,7.08,7.08,5.08,8.42,0.00,8.42,5.08,0.00,0.00,0.00,0.00,5.27
seq138,5.08,0.00,0.00,0.00,0.00,0.00,0.00,2.90,7.08,6.18,0.00,8.42,0.00,8.42,5.08,0.00,0.00,0.00,0.00,5.27
seq139,5.42,0.00,0.00,0.00,0.00,0.00,0.00,4.73,7.08,6.18,5.08,8.42,0.00,8.42,5.08,0.00,0.00,0.00,0.00,5.27
seq140,6.08,0.00,0.00,0.00,0.00,0.00,0.00,2.90,7.08,6.18,5.08,8.42,0.00,8.42,5.08,0.00,0.00,0.00,0.00,10.08
seq141,7.08,0.00,0.00,0.00,0.00,0.00,0.00,2.90,0.00,6.18,5.08,8.42,0.00,8.42,5.08,0.00,0.00,0.00,0.00,5.27
seq142,8.42,0.00,0.00,0.00,0.00,0.00,0.00,2.90,7.08,6.18,5.08,0.00,0.00,8.42,5.08,0.00,0.00,0.00,0.00,5.27
seq143,10.08,0.00,0.00,0.00,0.00,0.00,0.00,3.27,7.08,6.18,5.08,8.42,0.00,8.42,5.08,0.00,0.00,0.00,0.00,5.27
seq144,24.36,0.00,21.03,9.64,34.03,0.00,25.69,21.54,12.40,8.26,0.00,11.32,0.00,9.16,0.00,11.45,32.14,0.00,23.38,34.03
seq145,24.36,0.00,21.03,7.72,34.03,0.00,0.00,21.54,12.40,8.26,0.00,11.32,0.00,8.84,0.00,11.45,32.14,0.00,23.38,34.03
seq146,8.15,0.00,21.32,0.00,0.00,7.10,16.15,23.79,10.45,7.23,15.21,0.00,0.00,27.39,0.00,25.21,9.48,0.00,28.38,0.00
seq147,3.88,0.00,0.00,15.62,14.65,14.65,8.55,12.95,10.38,11.75,0.00,0.00,11.05,0.00,0.00,0.00,0.00,4.61,0.00,0.00
seq148,8.79,0.00,0.00,19.52,0.00,14.54,7.83,16.64,11.84,7.33,0.00,0.00,10.04,0.00,0.00,12.79,0.00,3.45,0.00,0.00
seq149,9.56,14.06,0.00,0.00,0.00,12.31,10.81,0.00,0.00,7.79,0.00,14.06,0.00,6.00,2.73,0.00,0.00,0.00,0.00,0.00
seq150,0.00,0.00,0.00,9.09,0.00,0.00,0.00,0.00,4.50,0.00,0.00,0.00,0.00,7.45,3.30,5.27,6.18,9.09,7.45,4.73
seq151,0.00,0.00,0.00,0.00,9.09,8.00,0.00,5.75,2.36,4.25,0.00,0.00,0.00,0.00,6.92,0.00,0.00,6.15,0.00,0.00
seq152,0.00,0.00,0.00,0.00,13.25,6.45,4.74,4.85,10.59,15.14,0.00,0.00,0.00,0.00,7.24,0.00,10.57,6.75,0.00,0.00
seq153,6.71,0.00,12.32,0.00,14.28,8.72,0.00,0.00,2.94,4.31,0.00,0.00,0.00,0.00,0.00,0.00,12.32,9.83,0.00,0.00
seq154,6.92,0.00,6.92,5.54,9.38,11.08,0.00,3.27,4.75,8.00,0.00,0.00,0.00,0.00,0.00,9.38,0.00,0.00,11.08,0.00
seq155,11.39,0.00,0.00,0.00,14.28,16.06,12.72,10.28,4.67,5.06,10.24,0.00,8.28,0.00,0.00,11.39,0.00,5.76,0.00,0.00
seq156,0.00,0.00,5.56,5.19,6.69,15.06,0.00,5.56,0.00,9.31,0.00,8.06,0.00,5.06,0.00,0.00,0.00,7.81,0.00,0.00
seq157,9.20,0.00,0.00,0.00,0.00,10.88,0.00,9.88,8.96,6.17,0.00,0.00,12.04,23.04,17.84,13.58,12.24,13.76,14.35,0.00
seq158,5.69,0.00,6.92,8.00,6.92,11.08,0.00,6.00,5.08,6.15,0.00,0.00,0.00,0.00,0.00,9.38,0.00,0.00,11.08,0.00
seq159,10.38,0.00,14.19,0.00,9.90,6.11,0.00,6.63,4.53,14.65,9.90,17.24,0.00,15.62,0.00,10.38,12.95,9.62,15.62,0.00
seq160,5.54,0.00,6.15,5.69,11.08,11.08,0.00,4.18,8.42,5.69,0.00,0.00,0.00,0.00,0.00,6.92,0.00,0.00,8.00,0.00
seq161,11.90,0.00,0.00,0.00,19.05,7.39,8.55,12.95,0.00,12.61,0.00,0.00,11.05,0.00,0.00,7.65,0.00,5.06,0.00,0.00
seq162,0.00,0.00,0.00,0.00,0.00,5.06,0.00,0.00,0.00,1.64,0.00,0.00,0.00,0.00,2.31,0.00,0.00,0.00,0.00,0.00
seq163,0.00,0.00,0.00,12.71,17.04,22.04,0.00,7.57,10.19,8.29,10.61,14.54,0.00,12.04,18.54,9.30,0.00,11.54,6.50,0.00
seq164,0.00,0.00,0.00,12.71,17.04,22.04,0.00,7.57,18.54,8.29,10.61,14.54,0.00,12.04,9.81,9.30,0.00,11.54,6.50,0.00
seq165,6.92,0.00,6.92,9.38,8.00,11.08,0.00,3.27,5.08,11.08,0.00,0.00,0.00,0.00,0.00,8.00,0.00,0.00,9.38,0.00
seq166,6.92,0.00,6.92,0.00,7.08,11.08,5.69,6.15,4.08,0.00,0.00,0.00,0.00,0.00,9.38,0.00,0.00,5.42,9.38,0.00
seq167,0.00,0.00,0.00,0.00,0.00,6.50,0.00,15.26,0.00,2.67,0.00,0.00,13.25,0.00,7.17,9.05,9.25,4.28,0.00,0.00
seq168,8.96,0.00,0.00,17.04,0.00,6.19,0.00,7.83,2.95,7.89,0.00,0.00,0.00,0.00,0.00,0.00,13.54,12.04,14.54,0.00
seq169,4.41,0.00,26.24,4.91,0.00,0.00,0.00,11.53,23.82,15.58,36.03,24.97,0.00,18.81,8.46,0.00,34.13,0.00,27.89,20.24
seq170,4.41,0.00,26.24,14.23,0.00,0.00,18.13,11.53,23.82,12.68,31.35,9.86,0.00,18.81,24.97,0.00,34.13,0.00,27.89,20.24
seq171,0.00,0.00,26.24,6.58,0.00,0.00,18.13,11.53,23.82,12.68,31.35,9.54,0.00,17.66,24.97,11.58,18.86,0.00,27.89,20.24
seq172,13.29,0.00,0.00,0.00,5.60,0.00,0.00,8.00,7.65,5.20,0.00,0.00,0.00,0.00,3.79,12.31,0.00,8.59,0.00,9.41
seq173,4.97,0.00,26.24,4.91,0.00,0.00,0.00,8.17,23.82,12.00,0.00,0.00,0.00,18.38,8.46,0.00,35.03,0.00,27.89,20.24
seq174,0.00,0.00,26.24,2.89,0.00,0.00,0.00,11.53,23.82,15.58,0.00,13.78,0.00,17.66,8.46,11.58,19.36,0.00,27.89,20.24
seq175,0.00,0.00,0.00,0.00,6.32,4.86,5.95,11.14,0.00,14.78,0.00,10.87,0.00,17.57,12.70,16.09,0.00,6.75,0.00,0.00
seq176,11.41,0.00,23.64,6.67,37.03,0.00,0.00,15.71,8.58,8.97,0.00,18.72,0.00,7.70,0.00,28.56,24.72,0.00,21.26,19.33
seq177,20.29,0.00,27.14,11.71,21.03,15.50,8.79,15.14,27.14,24.51,0.00,0.00,11.85,0.00,8.00,10.36,0.00,17.97,22.03,15.62
seq178,5.82,0.00,0.00,29.15,16.78,7.39,0.00,25.76,0.00,8.48,13.16,0.00,0.00,24.66,15.91,11.91,11.68,22.85,0.00,0.00
seq179,11.33,0.00,17.26,29.37,0.00,16.57,0.00,9.16,10.61,16.57,0.00,9.27,0.00,9.64,29.37,8.91,26.17,5.77,0.00,23.43
seq180,9.35,0.00,12.97,16.38,0.00,24.74,0.00,8.34,10.16,14.97,0.00,13.56,0.00,13.64,14.03,11.47,16.51,15.45,0.00,0.00
seq181,6.50,0.00,10.85,10.73,0.00,0.00,0.00,11.33,7.16,14.03,0.00,19.31,0.00,13.27,10.85,12.97,18.57,15.91,0.00,0.00
seq182,21.14,0.00,11.33,11.66,0.00,26.17,31.14,10.41,7.22,8.91,0.00,10.61,0.00,19.32,16.74,5.35,0.00,0.00,14.62,0.00
seq183,9.15,0.00,17.26,27.71,0.00,17.03,0.00,8.47,11.09,16.03,0.00,10.48,0.00,10.85,23.43,9.91,21.14,7.68,0.00,29.37
seq184,12.50,0.00,9.76,9.78,0.00,0.00,0.00,10.41,11.82,8.41,0.00,13.34,21.14,33.03,26.74,5.74,0.00,26.17,23.43,0.00
seq185,9.15,0.00,16.74,20.62,0.00,20.17,0.00,7.61,10.47,14.26,0.00,11.21,0.00,14.62,18.50,12.13,17.43,11.66,0.00,0.00
seq186,5.32,0.00,12.32,8.91,0.00,0.00,0.00,10.48,8.09,11.09,0.00,24.74,0.00,14.67,11.44,16.03,18.26,16.00,0.00,0.00
seq187,9.88,9.21,0.00,0.00,20.21,11.60,0.00,12.24,8.26,19.52,13.52,0.00,12.24,13.52,9.33,12.80,15.44,18.00,9.88,0.00
seq188,8.65,0.00,34.36,27.91,11.07,18.84,19.20,35.91,0.00,5.18,0.00,0.00,15.21,29.02,10.93,23.75,21.57,10.39,0.00,15.48
seq189,6.00,13.65,0.00,0.00,11.91,13.54,0.00,8.09,7.33,7.68,0.00,0.00,8.87,0.00,0.00,0.00,17.04,8.14,0.00,0.00
seq190,0.00,0.00,0.00,0.00,4.77,5.42,11.33,0.00,0.00,0.00,0.00,0.00,0.00,0.00,8.93,0.00,6.67,9.87,0.00,4.15
seq191,6.95,0.00,0.00,14.78,5.24,4.32,12.70,13.59,4.95,13.65,17.57,0.00,0.00,0.00,0.00,11.14,0.00,12.70,0.00,0.00
seq192,3.69,0.00,0.00,0.00,17.05,17.05,8.63,12.32,0.00,5.29,0.00,9.47,0.00,0.00,6.50,12.32,8.94,0.00,8.63,8.95
seq193,0.00,0.00,0.00,3.54,9.87,0.00,7.79,11.33,13.07,7.07,0.00,0.00,7.73,0.00,7.73,0.00,7.07,4.79,0.00,6.67
seq194,0.00,0.00,0.00,0.00,0.00,0.00,16.06,0.00,3.33,0.00,0.00,0.00,0.00,0.00,1.09,0.00,0.00,0.00,2.21,0.00
seq195,0.00,0.00,0.00,0.00,0.00,0.00,0.00,0.00,2.77,0.00,0.00,0.00,0.00,0.00,1.09,0.00,0.00,0.00,2.80,0.00
seq196,6.67,0.00,0.00,6.67,4.93,0.00,0.00,7.07,13.07,7.73,0.00,0.00,0.00,8.67,7.07,7.79,7.85,0.00,0.00,13.07
seq197,0.00,0.00,0.00,0.00,0.00,0.00,0.00,0.00,2.15,3.87,0.00,0.00,0.00,0.00,1.09,0.00,0.00,0.00,0.00,0.00
seq198,0.00,0.00,0.00,0.00,0.00,6.12,0.00,0.00,3.33,7.53,0.00,0.00,0.00,0.00,1.09,0.00,6.12,0.00,0.00,0.00
seq199,0.00,0.00,0.00,0.00,0.00,0.00,0.00,0.00,3.33,7.53,0.00,0.00,0.00,0.00,1.09,0.00,0.00,0.00,2.80,0.00
seq200,5.53,22.63,10.31,0.00,35.32,0.00,27.76,27.76,30.49,7.49,0.00,19.56,0.00,29.07,15.08,18.56,8.61,20.29,37.12,0.00
seq201,0.00,7.04,0.00,0.00,8.34,14.77,0.00,12.17,0.00,14.58,0.00,18.65,15.10,17.68,5.52,0.00,6.67,20.97,0.00,10.97
seq202,0.00,0.00,0.00,0.00,0.00,0.00,0.00,0.00,3.33,0.00,0.00,0.00,0.00,0.00,0.89,0.00,0.00,0.00,2.80,0.00
seq203,0.00,0.00,0.00,0.00,0.00,10.81,0.00,0.00,2.77,0.00,0.00,0.00,0.00,0.00,0.89,0.00,5.73,0.00,7.81,0.00
seq204,0.00,0.00,0.00,0.00,0.00,5.20,0.00,0.00,2.77,0.00,0.00,0.00,0.00,0.00,0.89,0.00,0.00,0.00,5.73,0.00
seq205,0.00,0.00,0.00,0.00,0.00,0.00,0.00,0.00,2.77,0.00,0.00,0.00,0.00,0.00,0.89,0.00,0.00,0.00,2.46,0.00
seq206,0.00,0.00,0.00,0.00,0.00,0.00,0.00,0.00,3.94,0.00,0.00,0.00,0.00,0.00,0.90,0.00,0.00,0.00,2.31,0.00
seq207,5.68,0.00,0.00,10.00,32.14,24.36,11.37,17.14,0.00,3.11,0.00,0.00,0.00,7.21,11.32,18.14,34.03,17.43,0.00,25.69
seq208,6.53,0.00,7.07,0.00,7.73,0.00,0.00,0.00,6.50,0.00,0.00,0.00,6.36,0.00,13.07,0.00,6.92,4.36,5.79,0.00
seq209,0.00,0.00,0.00,0.00,6.32,4.86,0.00,11.14,4.11,14.78,0.00,10.87,0.00,17.57,0.00,16.09,0.00,6.75,0.00,0.00
seq210,10.90,6.68,0.00,16.06,15.76,12.34,21.58,15.59,0.00,10.23,0.00,0.00,11.59,0.00,5.12,0.00,0.00,30.03,0.00,0.00
seq211,11.70,16.38,24.06,19.82,17.79,0.00,22.48,26.74,19.32,9.10,18.50,10.91,0.00,12.91,10.97,12.61,12.30,21.32,13.33,32.03
seq212,0.00,0.00,0.00,0.00,0.00,0.00,0.00,11.08,6.15,9.38,0.00,0.00,2.36,0.00,10.08,0.00,0.00,0.00,1.78,0.00
seq213,1.87,0.00,0.00,0.00,0.00,7.05,0.00,6.85,3.83,14.65,17.24,0.00,0.00,0.00,0.00,14.19,0.00,11.90,0.00,0.00
seq214,7.39,0.00,0.00,0.00,15.71,6.55,0.00,9.65,4.53,6.57,0.00,0.00,0.00,0.00,0.00,0.00,17.57,11.04,0.00,0.00
seq215,2.84,0.00,0.00,0.00,0.00,0.00,0.00,0.00,2.84,2.63,0.00,0.00,0.00,0.00,0.00,2.63,0.00,0.00,0.00,0.00
seq216,0.00,0.00,0.00,0.00,0.00,0.00,0.00,0.00,1.43,1.78,0.00,0.00,0.00,0.00,0.00,0.00,0.00,0.00,0.00,0.00
seq217,8.17,12.72,8.63,11.16,0.00,0.00,7.83,9.47,0.00,0.00,15.26,0.00,0.00,4.12,8.72,6.39,13.68,17.05,0.00,0.00
seq218,7.31,10.81,7.65,0.00,0.00,0.00,6.31,8.59,0.00,0.00,13.29,0.00,0.00,6.31,7.06,5.81,11.76,15.06,0.00,0.00
seq219,7.33,15.88,15.24,0.00,0.00,0.00,0.00,0.00,11.25,16.00,16.00,0.00,4.15,14.14,14.62,6.89,19.10,0.00,23.45,0.00
seq220,2.67,0.00,0.00,0.00,0.00,0.00,0.00,0.00,13.68,5.20,0.00,0.00,8.63,0.00,17.05,0.00,0.00,5.79,0.00,0.00
seq221,2.73,0.00,0.00,0.00,0.00,0.00,0.00,0.00,7.08,4.10,0.00,0.00,11.08,0.00,10.08,0.00,0.00,5.69,0.00,0.00
seq222,3.85,0.00,0.00,0.00,0.00,0.00,0.00,0.00,8.93,2.73,0.00,0.00,6.36,0.00,12.07,0.00,0.00,6.53,0.00,0.00
seq223,3.25,0.00,0.00,0.00,0.00,0.00,0.00,0.00,8.00,4.91,0.00,0.00,6.15,0.00,11.08,0.00,0.00,6.07,0.00,0.00
seq224,4.91,0.00,0.00,0.00,0.00,0.00,0.00,0.00,6.18,3.33,0.00,0.00,10.08,0.00,9.09,0.00,0.00,5.42,0.00,0.00
seq225,3.23,0.00,0.00,0.00,0.00,0.00,0.00,0.00,9.87,3.82,0.00,0.00,0.00,0.00,13.07,0.00,0.00,4.53,0.00,0.00
seq226,0.00,0.00,0.00,14.34,18.48,10.57,0.00,9.22,4.07,9.87,0.00,17.79,25.64,12.26,26.74,0.00,0.00,23.79,0.00,0.00
seq227,2.90,0.00,0.00,0.00,0.00,0.00,0.00,0.00,7.45,1.88,0.00,0.00,0.00,0.00,10.08,0.00,0.00,5.08,0.00,0.00
seq228,3.20,0.00,0.00,0.00,0.00,0.00,0.00,0.00,7.08,0.00,0.00,0.00,0.00,0.00,10.08,0.00,0.00,0.00,0.00,0.00
seq229,0.00,0.00,0.00,0.00,0.00,1.56,2.50,0.00,0.00,0.00,0.00,0.00,0.00,5.69,0.00,6.92,0.00,4.75,0.00,0.00
seq230,14.97,0.00,0.00,15.32,26.17,6.97,0.00,6.59,8.07,23.79,19.31,14.62,18.57,0.00,14.97,0.00,0.00,10.06,31.14,0.00
seq231,13.39,0.00,10.41,9.72,0.00,12.18,0.00,12.26,16.15,4.55,0.00,14.26,26.74,0.00,20.17,20.06,17.03,17.94,0.00,0.00
seq232,11.70,0.00,9.03,10.59,0.00,18.26,0.00,12.32,12.42,4.90,31.14,17.56,0.00,23.43,23.44,19.82,22.23,24.74,0.00,0.00
seq233,17.03,0.00,9.39,11.58,0.00,9.52,31.14,10.00,20.62,4.68,0.00,14.97,21.32,0.00,16.03,19.31,16.57,16.57,0.00,0.00
seq234,11.76,0.00,0.00,0.00,10.69,0.00,0.00,5.56,4.67,3.36,0.00,0.00,0.00,0.00,5.56,5.06,0.00,9.41,0.00,0.00
seq235,0.00,17.48,0.00,22.04,8.43,14.54,0.00,0.00,4.48,11.54,17.04,0.00,11.91,11.21,8.09,0.00,15.71,7.39,18.54,6.77
seq236,0.00,2.53,0.00,0.00,11.90,4.95,0.00,9.24,16.59,0.00,0.00,0.00,10.23,0.00,11.52,0.00,10.05,13.86,0.00,0.00
seq237,9.90,0.00,0.00,0.00,7.26,4.72,4.53,5.83,6.05,8.15,11.90,0.00,0.00,0.00,0.00,0.00,0.00,19.05,0.00,0.00
seq238,0.00,14.43,21.20,16.64,0.00,0.00,0.00,11.52,0.00,7.16,0.00,0.00,0.00,0.00,6.05,16.88,0.00,6.35,10.38,12.80
seq239,0.00,11.04,0.00,0.00,10.21,13.54,0.00,12.24,0.00,10.00,11.88,12.80,0.00,13.54,8.09,0.00,10.46,12.26,0.00,15.44
seq240,14.46,16.04,22.46,0.00,0.00,0.00,7.76,24.18,0.00,6.29,20.89,0.00,16.64,0.00,7.73,13.46,18.18,10.12,10.89,0.00
seq241,11.03,0.00,16.74,11.09,16.57,26.17,20.17,11.21,8.85,10.91,0.00,9.09,0.00,16.03,16.57,7.42,32.03,14.26,0.00,0.00
seq242,15.06,0.00,0.00,0.00,5.56,5.20,0.00,0.00,11.33,5.20,0.00,0.00,0.00,0.00,8.40,13.29,0.00,10.47,0.00,0.00
seq243,7.53,9.41,0.00,0.00,0.00,5.56,0.00,5.19,13.29,8.00,0.00,0.00,0.00,0.00,0.00,4.21,8.56,5.56,0.00,10.47
seq244,13.25,18.05,5.83,9.05,13.25,9.25,0.00,10.25,10.25,11.05,12.05,9.05,18.05,0.00,0.00,0.00,6.35,14.65,0.00,9.65
seq245,7.83,11.05,0.00,16.25,12.05,7.89,0.00,12.05,0.00,6.42,0.00,9.05,0.00,8.72,9.05,6.63,10.25,0.00,0.00,16.25
seq246,7.89,11.05,4.72,0.00,0.00,0.00,10.25,9.65,0.00,14.65,0.00,12.05,18.05,10.84,0.00,9.05,5.28,7.68,0.00,18.05
seq247,0.00,0.00,0.00,0.00,3.73,9.39,0.00,8.95,0.00,0.00,0.00,6.39,0.00,10.21,11.16,8.06,5.61,12.61,8.53,0.00
seq248,0.00,0.00,9.39,8.63,6.50,5.06,0.00,0.00,8.63,0.00,0.00,0.00,0.00,11.16,0.00,11.39,9.47,12.32,8.53,12.31
seq249,9.62,0.00,0.00,0.00,6.76,9.90,5.95,0.00,0.00,9.24,13.86,0.00,7.52,10.59,0.00,12.77,18.23,10.45,20.05,18.23
seq250,13.42,0.00,0.00,12.81,18.13,31.30,0.00,9.31,12.70,15.08,0.00,9.91,0.00,6.06,0.00,18.36,20.68,23.41,0.00,21.82
seq251,12.11,6.63,0.00,14.65,0.00,9.05,0.00,14.65,12.05,11.05,9.65,13.25,8.95,0.00,0.00,0.00,6.11,17.05,0.00,8.17
seq252,12.07,0.00,0.00,11.33,0.00,0.00,0.00,6.07,3.27,5.54,0.00,0.00,0.00,0.00,0.00,13.07,0.00,0.00,0.00,8.67
seq253,8.93,6.67,6.67,0.00,0.00,9.87,0.00,0.00,7.79,3.08,0.00,11.33,0.00,7.73,8.67,0.00,0.00,0.00,0.00,13.07
seq254,12.32,0.00,0.00,0.00,5.61,7.68,11.05,7.89,3.36,6.63,0.00,0.00,0.00,0.00,0.00,0.00,0.00,0.00,16.25,0.00
seq255,2.64,0.00,0.00,0.00,0.00,0.00,0.00,0.00,6.72,5.06,0.00,0.00,18.05,0.00,17.05,0.00,0.00,5.79,0.00,0.00
seq256,2.64,0.00,0.00,0.00,0.00,0.00,0.00,0.00,6.72,5.19,0.00,0.00,18.05,0.00,17.05,0.00,0.00,5.79,0.00,0.00
seq257,2.67,0.00,0.00,0.00,0.00,0.00,0.00,0.00,12.72,4.50,0.00,0.00,8.06,0.00,16.06,0.00,0.00,5.50,0.00,0.00
seq258,4.50,0.00,0.00,0.00,0.00,0.00,0.00,0.00,9.87,2.73,0.00,0.00,6.67,0.00,13.07,0.00,0.00,7.06,0.00,0.00
seq259,17.75,26.52,59.63,26.04,54.34,19.89,41.64,38.30,23.92,21.01,66.40,56.24,31.89,57.62,26.72,13.91,92.25,31.62,0.00,31.84
seq260,14.43,7.20,0.00,14.03,16.03,8.96,8.96,14.17,0.00,20.03,0.00,0.00,18.83,14.17,9.92,0.00,0.00,14.43,0.00,9.18
seq261,3.75,5.42,9.38,0.00,0.00,0.00,6.92,6.92,0.00,3.45,0.00,9.38,0.00,0.00,0.00,0.00,11.08,8.00,0.00,0.00
seq262,16.64,13.54,21.20,18.00,11.84,0.00,7.54,18.00,0.00,11.04,0.00,8.21,11.52,0.00,16.64,9.88,8.09,19.52,21.20,15.71
seq263,4.93,4.53,7.73,0.00,0.00,0.00,9.56,7.06,0.00,6.36,0.00,12.31,0.00,0.00,10.81,0.00,11.33,7.31,0.00,0.00
seq264,16.73,6.00,0.00,0.00,0.00,7.59,20.26,0.00,16.24,15.94,0.00,0.00,0.00,0.00,5.75,13.28,0.00,14.97,0.00,10.45
seq265,10.15,7.20,0.00,14.43,24.43,7.54,0.00,7.68,0.00,20.03,0.00,0.00,18.83,16.83,6.67,0.00,14.43,0.00,21.37,8.75
seq266,7.15,0.00,0.00,0.00,0.00,20.89,0.00,0.00,7.29,4.43,0.00,14.74,0.00,0.00,0.00,0.00,19.46,8.42,22.46,0.00
seq267,16.34,6.76,0.00,11.58,0.00,7.84,0.00,18.50,0.00,11.97,0.00,0.00,0.00,0.00,6.18,11.34,13.78,16.74,0.00,16.18
seq268,0.00,0.00,0.00,0.00,0.00,0.00,0.00,5.42,4.10,6.08,0.00,0.00,2.44,6.08,0.00,8.42,0.00,10.08,0.00,0.00
seq269,16.38,17.03,13.21,9.82,0.00,16.57,0.00,9.91,5.72,10.42,0.00,11.47,0.00,21.14,0.00,22.50,13.74,15.62,0.00,27.71
seq270,5.83,0.00,0.00,8.53,13.25,7.50,0.00,9.25,16.25,6.95,0.00,10.25,14.65,0.00,9.05,0.00,7.05,0.00,6.00,0.00
seq271,5.29,8.28,6.00,0.00,14.28,0.00,0.00,9.39,16.06,7.06,0.00,0.00,0.00,0.00,11.39,0.00,7.06,8.06,6.19,0.00
seq272,24.31,0.00,10.51,23.45,0.00,0.00,0.00,8.92,11.49,15.12,20.98,17.02,34.33,8.87,0.00,10.53,24.44,21.93,0.00,17.51
seq273,4.84,0.00,24.52,0.00,13.18,18.72,24.52,20.52,21.12,17.18,21.82,8.08,16.26,14.87,15.08,27.18,21.85,29.52,0.00,0.00
seq274,10.45,39.02,37.12,16.62,0.00,17.59,21.27,9.90,18.73,5.56,0.00,32.62,0.00,9.64,13.85,0.00,19.56,14.82,19.56,32.00
seq275,0.00,4.25,22.85,19.39,9.74,3.88,0.00,25.76,0.00,16.48,0.00,19.53,15.76,0.00,0.00,17.03,7.93,0.00,0.00,10.90
seq276,0.00,2.15,0.00,0.00,0.00,7.53,0.00,11.39,0.00,9.39,0.00,0.00,0.00,0.00,2.77,0.00,0.00,6.71,0.00,0.00
seq277,6.06,0.00,28.11,7.77,35.03,0.00,0.00,24.05,8.59,6.97,33.14,31.35,0.00,0.00,26.65,26.65,0.00,0.00,19.39,0.00
seq278,8.42,0.00,0.00,0.00,0.00,0.00,0.00,2.90,7.08,6.18,5.08,8.42,0.00,0.00,5.08,0.00,0.00,0.00,0.00,5.27
seq279,5.42,0.00,0.00,0.00,0.00,0.00,0.00,5.27,7.08,6.18,5.08,8.42,0.00,8.42,5.08,0.00,0.00,0.00,0.00,5.27
seq280,5.08,0.00,0.00,0.00,0.00,0.00,0.00,2.90,7.08,6.18,5.08,8.42,0.00,8.42,0.00,0.00,0.00,0.00,0.00,5.27
seq281,8.79,0.00,0.00,19.52,19.52,14.43,8.79,8.38,10.21,7.23,0.00,0.00,10.04,0.00,0.00,13.52,0.00,4.76,0.00,0.00
seq282,0.00,0.00,13.07,7.73,0.00,5.79,9.87,7.07,12.07,8.67,0.00,0.00,0.00,7.07,9.87,6.67,0.00,6.53,6.50,0.00
seq283,0.00,0.00,0.00,0.00,4.25,0.00,0.00,6.36,8.93,2.73,0.00,0.00,7.79,0.00,0.00,4.77,6.07,10.36,0.00,0.00
seq284,6.92,0.00,6.92,8.00,8.00,11.08,0.00,3.27,5.08,9.38,0.00,0.00,0.00,0.00,0.00,9.38,0.00,0.00,11.08,0.00
seq285,9.38,0.00,8.00,5.54,11.08,11.08,0.00,3.45,6.08,8.00,0.00,0.00,0.00,0.00,0.00,5.69,0.00,0.00,9.38,0.00
seq286,14.40,0.00,12.88,0.00,0.00,0.00,23.04,13.52,7.05,6.53,14.40,0.00,0.00,11.84,11.74,0.00,19.52,10.61,0.00,0.00
seq287,26.17,0.00,11.62,15.91,0.00,21.14,24.74,11.38,8.72,10.61,0.00,10.85,0.00,14.62,16.03,5.10,32.03,0.00,11.79,0.00
seq288,3.16,0.00,0.00,0.00,0.00,4.55,0.00,2.74,2.53,0.00,0.00,0.00,0.00,0.00,22.04,0.00,0.00,0.00,0.00,0.00
seq289,0.00,8.96,0.00,19.52,8.09,10.00,13.52,12.04,0.00,15.46,11.84,0.00,0.00,0.00,7.22,0.00,0.00,6.14,0.00,0.00
seq290,0.00,11.41,0.00,16.64,0.00,16.64,0.00,0.00,14.40,3.61,11.60,0.00,11.84,0.00,8.61,13.52,11.60,11.04,0.00,0.00
seq291,2.44,0.00,0.00,0.00,0.00,0.00,7.45,0.00,0.00,0.00,0.00,7.45,5.27,0.00,0.00,9.09,4.55,5.30,0.00,4.73
seq292,0.00,9.09,0.00,0.00,0.00,0.00,0.00,0.00,3.45,2.00,0.00,0.00,0.00,0.00,1.56,0.00,0.00,0.00,0.00,0.00
seq293,0.00,5.42,5.08,0.00,0.00,0.00,7.08,0.00,8.42,3.45,0.00,0.00,10.08,0.00,8.42,5.30,0.00,6.08,0.00,0.00
seq294,10.08,0.00,0.00,0.00,0.00,4.18,8.42,0.00,7.08,4.73,5.27,0.00,0.00,0.00,3.27,6.08,0.00,0.00,0.00,0.00
seq295,0.00,0.00,0.00,0.00,0.00,10.08,0.00,5.42,7.11,0.00,0.00,5.08,8.42,0.00,3.30,0.00,0.00,0.00,0.00,5.42
seq296,6.08,0.00,0.00,0.00,0.00,0.00,10.08,3.45,0.00,6.08,3.30,0.00,0.00,0.00,2.70,0.00,10.08,0.00,0.00,0.00
seq297,7.08,0.00,0.00,0.00,0.00,0.00,10.08,5.08,0.00,6.08,3.30,0.00,0.00,6.08,2.70,0.00,10.08,0.00,0.00,0.00
seq298,6.08,0.00,0.00,0.00,0.00,0.00,10.08,3.45,0.00,0.00,3.30,0.00,0.00,6.08,2.70,0.00,10.08,0.00,0.00,0.00
seq299,10.08,0.00,0.00,0.00,0.00,0.00,0.00,3.45,0.00,6.08,3.30,0.00,0.00,6.08,2.70,0.00,10.08,0.00,0.00,0.00
seq300,7.08,0.00,0.00,0.00,0.00,0.00,10.08,3.45,0.00,6.08,3.82,0.00,0.00,6.08,2.70,0.00,10.08,0.00,0.00,0.00
seq301,5.42,0.00,0.00,0.00,0.00,0.00,10.08,3.45,0.00,6.08,3.30,0.00,0.00,6.08,4.18,0.00,10.08,0.00,0.00,0.00
seq302,10.08,0.00,0.00,0.00,0.00,0.00,10.08,3.45,0.00,6.08,3.30,0.00,0.00,6.08,2.70,0.00,0.00,0.00,0.00,0.00
seq303,8.42,0.00,0.00,0.00,0.00,0.00,10.08,3.45,0.00,6.08,3.27,0.00,0.00,6.08,2.70,0.00,10.08,0.00,0.00,0.00
seq304,5.08,0.00,0.00,0.00,0.00,0.00,10.08,7.08,0.00,6.08,3.30,0.00,0.00,6.08,2.70,0.00,10.08,0.00,0.00,0.00
seq305,4.91,0.00,0.00,0.00,2.90,0.00,0.00,5.08,0.00,8.42,0.00,0.00,0.00,0.00,10.08,0.00,0.00,4.00,10.08,6.08
seq306,5.08,0.00,0.00,0.00,5.08,0.00,10.08,0.00,0.00,0.00,0.00,0.00,5.56,0.00,10.08,0.00,5.30,8.42,0.00,0.00
seq307,4.73,0.00,0.00,0.00,8.42,7.08,0.00,0.00,5.08,0.00,0.00,0.00,6.08,0.00,0.00,5.27,5.42,7.45,6.08,0.00
seq308,0.00,0.00,0.00,0.00,10.08,0.00,0.00,6.08,8.42,8.42,0.00,0.00,3.30,0.00,0.00,2.90,7.08,0.00,10.08,0.00
seq309,10.08,5.08,5.08,0.00,0.00,0.00,4.00,5.42,0.00,0.00,0.00,6.08,0.00,0.00,5.42,0.00,3.90,0.00,10.08,0.00
seq310,11.08,4.92,0.00,0.00,8.00,3.82,0.00,0.00,11.08,0.00,0.00,5.54,6.92,0.00,0.00,0.00,5.69,0.00,3.42,0.00
seq311,11.08,4.92,0.00,5.69,8.00,3.82,0.00,0.00,5.08,0.00,0.00,0.00,6.92,0.00,0.00,0.00,0.00,0.00,6.15,6.15
seq312,11.08,4.92,0.00,0.00,8.00,3.82,0.00,0.00,11.08,0.00,0.00,5.54,6.92,5.69,0.00,0.00,0.00,0.00,3.42,0.00
seq313,6.92,0.00,0.00,0.00,8.42,5.69,0.00,3.09,4.08,9.38,0.00,0.00,0.00,0.00,0.00,4.08,0.00,0.00,5.69,0.00
seq314,5.69,0.00,0.00,0.00,6.93,6.93,0.00,0.00,0.00,7.85,0.00,0.00,6.36,0.00,7.85,8.93,6.07,12.07,8.93,12.07
seq315,0.00,0.00,12.07,0.00,0.00,3.75,0.00,6.93,0.00,0.00,0.00,6.07,6.36,7.79,4.91,6.93,0.00,8.93,0.00,0.00
seq316,0.00,0.00,12.07,0.00,0.00,3.75,0.00,0.00,0.00,0.00,0.00,5.08,6.36,7.79,4.91,0.00,0.00,4.31,0.00,0.00
seq317,5.36,11.33,11.33,13.07,0.00,6.67,0.00,0.00,0.00,13.07,0.00,9.87,0.00,0.00,9.87,6.50,7.73,7.79,0.00,6.67
seq318,0.00,0.00,0.00,8.67,6.93,5.79,7.07,3.85,0.00,8.67,0.00,6.67,0.00,9.87,13.07,0.00,6.53,11.33,0.00,0.00
seq319,11.33,0.00,0.00,0.00,0.00,0.00,0.00,7.07,0.00,7.79,0.00,9.87,0.00,5.21,0.00,4.18,6.50,6.53,0.00,0.00
seq320,0.00,0.00,0.00,0.00,8.93,5.69,0.00,0.00,7.73,3.85,0.00,0.00,0.00,8.67,12.07,0.00,6.36,7.73,0.00,0.00
seq321,5.08,0.00,0.00,0.00,0.00,6.93,0.00,0.00,7.73,0.00,0.00,0.00,7.07,0.00,5.21,8.67,0.00,7.50,10.36,8.67
seq322,5.21,0.00,0.00,0.00,0.00,0.00,4.64,0.00,0.00,0.00,0.00,0.00,7.73,0.00,7.79,4.15,7.07,4.31,8.67,0.00
seq323,5.08,0.00,0.00,0.00,0.00,6.93,0.00,0.00,7.73,0.00,0.00,0.00,7.07,0.00,5.21,8.67,0.00,7.50,10.36,8.67
seq324,6.53,0.00,13.07,0.00,5.21,6.67,0.00,0.00,0.00,4.36,0.00,0.00,6.36,7.50,5.54,0.00,0.00,0.00,7.07,0.00
seq325,6.07,6.67,0.00,5.38,0.00,0.00,8.67,0.00,7.07,6.53,0.00,13.07,7.73,0.00,0.00,7.07,6.36,8.67,0.00,0.00
seq326,8.42,0.00,10.36,0.00,0.00,2.36,0.00,0.00,6.93,6.15,6.36,0.00,0.00,0.00,6.07,7.79,0.00,0.00,0.00,0.00
seq327,0.00,0.00,0.00,0.00,0.00,5.54,0.00,8.67,6.53,6.07,0.00,0.00,7.85,0.00,11.33,3.69,0.00,0.00,0.00,7.07
seq328,6.67,7.06,0.00,8.67,0.00,5.79,0.00,0.00,0.00,9.56,0.00,0.00,5.60,4.50,0.00,0.00,0.00,7.73,0.00,0.00
seq329,0.00,0.00,0.00,0.00,0.00,3.36,0.00,3.93,13.07,10.81,0.00,0.00,0.00,0.00,7.33,6.53,0.00,4.36,0.00,0.00
seq330,0.00,6.53,0.00,0.00,7.07,13.07,0.00,7.07,0.00,0.00,0.00,8.67,0.00,7.73,2.18,7.50,11.33,8.67,0.00,0.00
seq331,0.00,0.00,0.00,0.00,3.25,0.00,0.00,7.31,13.07,12.31,0.00,0.00,0.00,0.00,8.93,0.00,0.00,7.20,14.06,7.06
seq332,0.00,0.00,0.00,0.00,4.58,0.00,0.00,7.81,9.87,7.81,0.00,0.00,0.00,0.00,12.07,0.00,0.00,5.07,8.56,9.56
seq333,0.00,0.00,0.00,0.00,0.00,3.93,0.00,4.67,15.06,9.41,0.00,0.00,0.00,0.00,6.00,6.19,0.00,6.53,0.00,0.00
seq334,5.06,0.00,0.00,0.00,15.06,0.00,0.00,5.56,2.92,5.20,0.00,0.00,0.00,0.00,4.00,0.00,0.00,7.53,0.00,0.00
seq335,0.00,0.00,0.00,0.00,0.00,3.07,0.00,11.76,8.59,0.00,0.00,0.00,9.41,11.76,3.75,0.00,6.69,0.00,0.00,13.29
seq336,0.00,0.00,0.00,0.00,0.00,3.07,0.00,11.76,0.00,0.00,0.00,0.00,0.00,11.76,2.18,15.06,6.69,0.00,0.00,13.29
seq337,11.76,0.00,0.00,0.00,10.69,5.07,0.00,5.56,15.06,3.36,0.00,0.00,8.59,0.00,0.00,5.06,0.00,9.41,0.00,0.00
seq338,10.81,8.28,14.28,5.53,11.76,12.72,8.06,5.53,9.39,12.72,0.00,0.00,0.00,8.06,0.00,0.00,0.00,0.00,0.00,9.41
seq339,0.00,8.28,4.56,8.72,14.28,0.00,0.00,5.76,16.06,6.94,0.00,0.00,0.00,0.00,12.72,8.59,0.00,10.28,6.19,0.00
seq340,4.19,0.00,8.00,7.88,8.59,0.00,0.00,0.00,2.93,7.06,0.00,0.00,0.00,0.00,0.00,0.00,0.00,8.06,14.28,8.72
seq341,4.06,0.00,0.00,0.00,10.47,6.12,0.00,4.81,0.00,6.81,0.00,0.00,16.06,0.00,0.00,10.28,11.39,9.39,8.28,0.00
seq342,4.81,0.00,0.00,0.00,14.28,7.88,0.00,6.47,0.00,7.06,0.00,0.00,11.39,12.72,16.06,8.28,8.72,8.06,8.12,0.00
seq343,5.65,0.00,0.00,0.00,0.00,11.76,0.00,5.81,0.00,8.28,0.00,0.00,8.72,9.39,11.39,7.65,8.06,8.72,8.12,14.28
seq344,6.19,0.00,0.00,0.00,0.00,15.06,0.00,6.47,0.00,8.28,0.00,0.00,8.06,8.06,8.72,6.24,9.39,11.39,8.28,10.24
seq345,6.24,0.00,12.72,0.00,0.00,11.39,0.00,7.65,0.00,10.28,0.00,14.28,9.39,8.72,8.06,6.94,12.72,16.06,8.28,7.41
seq346,7.31,0.00,9.39,0.00,0.00,8.72,0.00,5.53,0.00,14.28,0.00,10.28,12.72,11.39,9.39,8.06,14.28,12.72,10.28,6.71
seq347,8.19,0.00,0.00,0.00,7.41,5.94,0.00,12.72,0.00,3.64,10.28,16.06,0.00,10.28,0.00,0.00,0.00,0.00,8.28,0.00
seq348,11.65,0.00,0.00,0.00,0.00,4.31,0.00,8.28,0.00,5.20,9.41,0.00,0.00,8.72,0.00,12.72,10.28,8.00,16.06,0.00
seq349,8.12,0.00,0.00,0.00,8.28,4.31,0.00,0.00,0.00,3.93,8.59,12.72,0.00,8.72,0.00,5.53,0.00,0.00,16.06,0.00
seq350,8.12,0.00,0.00,8.72,0.00,4.31,0.00,0.00,0.00,3.07,7.65,0.00,0.00,0.00,0.00,12.72,5.53,11.39,16.06,0.00
seq351,15.06,7.65,6.27,13.29,0.00,8.19,0.00,0.00,6.00,8.00,0.00,9.41,8.59,9.41,0.00,10.47,0.00,8.00,0.00,0.00
seq352,0.00,0.00,0.00,2.64,0.00,10.28,0.00,16.06,0.00,4.40,0.00,0.00,14.28,8.06,15.06,10.47,8.28,0.00,0.00,0.00
seq353,0.00,0.00,0.00,0.00,7.41,8.28,0.00,4.31,7.88,5.69,0.00,8.94,6.24,0.00,16.06,0.00,10.47,0.00,0.00,0.00
seq354,7.06,0.00,6.71,0.00,11.39,0.00,5.18,8.72,0.00,0.00,0.00,8.28,8.56,0.00,8.06,12.72,4.44,16.06,0.00,0.00
seq355,11.16,17.05,8.63,0.00,0.00,4.44,8.95,0.00,0.00,0.00,7.83,0.00,0.00,5.53,12.72,15.26,0.00,0.00,10.21,6.72
seq356,0.00,9.47,5.53,13.68,8.95,0.00,0.00,5.76,0.00,6.94,10.21,15.26,9.47,0.00,0.00,5.18,17.05,13.68,0.00,0.00
seq357,0.00,17.05,5.06,12.32,10.21,0.00,0.00,6.00,0.00,6.28,13.68,11.16,8.63,0.00,0.00,5.29,12.32,8.95,0.00,0.00
seq358,6.63,18.05,0.00,0.00,12.61,0.00,0.00,11.05,6.63,12.05,0.00,0.00,9.65,6.95,11.17,0.00,8.53,0.00,16.25,12.05
seq359,18.05,0.00,7.05,10.21,0.00,0.00,0.00,0.00,3.65,4.59,0.00,6.11,0.00,0.00,0.00,7.89,18.05,10.84,0.00,0.00
seq360,6.06,0.00,7.05,10.21,0.00,0.00,0.00,0.00,3.65,13.58,0.00,6.11,0.00,0.00,0.00,7.89,18.05,10.84,0.00,0.00
seq361,3.28,0.00,0.00,0.00,19.05,0.00,0.00,0.00,0.90,0.00,0.00,0.00,0.00,0.00,0.00,0.00,0.00,3.72,0.00,0.00
seq362,9.90,0.00,0.00,0.00,19.05,0.00,9.62,0.00,0.00,11.75,10.38,6.45,7.17,8.05,11.05,10.45,7.68,0.00,11.90,0.00
seq363,0.00,0.00,15.62,0.00,0.00,11.05,9.90,4.84,6.63,4.47,0.00,9.90,0.00,9.52,10.38,11.05,0.00,16.25,0.00,11.90
seq364,0.00,0.00,11.05,11.90,0.00,9.65,0.00,8.05,11.75,13.05,0.00,10.38,11.90,9.79,9.62,0.00,0.00,9.90,6.53,14.19
seq365,1.64,0.00,0.00,0.00,0.00,0.00,0.00,0.00,1.85,0.00,0.00,0.00,0.00,0.00,0.00,0.00,0.00,0.00,11.90,0.00
seq366,1.85,0.00,0.00,0.00,0.00,0.00,0.00,0.00,1.50,0.00,0.00,0.00,0.00,0.00,0.00,0.00,0.00,0.00,0.00,0.00
seq367,2.07,0.00,0.00,0.00,0.00,0.00,0.00,0.00,0.00,0.00,0.00,0.00,0.00,0.00,1.50,0.00,0.00,0.00,12.95,0.00
seq368,3.65,0.00,0.00,0.00,0.00,0.00,0.00,0.00,4.50,0.00,0.00,0.00,0.00,0.00,1.50,0.00,0.00,0.00,0.00,0.00
seq369,7.71,0.00,16.59,5.55,20.05,15.14,0.00,10.59,5.85,5.55,0.00,0.00,0.00,0.00,8.29,7.90,0.00,13.86,18.23,20.05
seq370,3.39,0.00,0.00,0.00,2.31,0.00,0.00,0.00,2.80,0.00,0.00,0.00,0.00,0.00,0.00,0.00,0.00,0.00,0.00,0.00
seq371,13.59,0.00,0.00,0.00,2.31,0.00,0.00,12.70,4.74,11.41,0.00,0.00,0.00,0.00,3.95,0.00,0.00,10.61,0.00,0.00
seq372,3.39,0.00,0.00,0.00,21.04,0.00,0.00,0.00,2.80,2.35,0.00,0.00,0.00,0.00,0.00,0.00,0.00,0.00,0.00,0.00
seq373,3.39,0.00,0.00,0.00,21.04,0.00,0.00,2.35,2.80,0.00,0.00,0.00,0.00,0.00,0.00,0.00,0.00,0.00,0.00,0.00
seq374,11.30,14.78,12.70,9.43,0.00,16.09,0.00,10.87,12.70,6.72,0.00,0.00,0.00,21.04,6.68,12.23,7.77,19.22,0.00,0.00
seq375,0.00,16.09,17.57,0.00,16.09,11.30,0.00,0.00,12.70,4.35,0.00,0.00,14.78,0.00,4.53,0.00,13.50,13.65,14.78,10.61
seq376,6.10,0.00,0.00,0.00,8.26,4.19,0.00,7.50,0.00,5.15,22.04,18.54,0.00,13.54,0.00,22.04,0.00,20.21,13.54,0.00
seq377,15.71,0.00,12.71,10.87,0.00,0.00,0.00,20.21,6.50,4.86,0.00,3.55,0.00,0.00,11.21,9.50,22.04,14.52,0.00,0.00
seq378,8.26,0.00,17.04,5.32,0.00,18.54,12.71,7.59,14.54,13.41,0.00,22.04,0.00,0.00,17.04,11.91,6.68,11.04,0.00,0.00
seq379,10.00,0.00,0.00,0.00,2.39,0.00,0.00,16.64,2.75,12.80,0.00,0.00,0.00,0.00,3.15,0.00,0.00,0.00,0.00,0.00
seq380,0.00,6.17,0.00,0.00,23.04,12.24,16.64,0.00,0.00,18.00,15.44,18.00,6.57,0.00,13.30,11.65,8.09,0.00,14.40,12.80
seq381,0.00,0.00,18.46,8.21,11.84,18.00,9.88,9.21,5.50,11.52,11.60,14.40,0.00,9.46,0.00,14.95,0.00,12.88,0.00,0.00
seq382,6.78,0.00,22.19,0.00,24.04,9.68,0.00,14.35,5.32,6.78,0.00,0.00,0.00,0.00,4.50,0.00,0.00,10.38,0.00,0.00
seq383,24.04,0.00,12.19,13.68,0.00,5.83,0.00,12.96,12.04,9.13,0.00,0.00,13.30,11.12,17.58,14.54,0.00,0.00,12.19,13.58
seq384,14.35,24.04,0.00,7.22,0.00,0.00,17.58,4.96,13.68,12.50,12.50,16.32,24.04,12.04,0.00,22.19,13.04,6.21,0.00,12.96
seq385,10.88,11.84,0.00,0.00,21.20,12.04,0.00,13.58,10.88,12.04,12.96,0.00,12.50,15.27,7.77,12.96,14.35,16.35,14.00,0.00
seq386,2.63,0.00,0.00,0.00,25.04,0.00,0.00,16.15,4.67,11.81,0.00,0.00,0.00,0.00,3.68,0.00,0.00,13.19,0.00,0.00
seq387,5.74,0.00,0.00,0.00,18.52,0.00,0.00,0.00,2.80,0.00,0.00,0.00,0.00,0.00,0.00,0.00,0.00,2.85,0.00,0.00
seq388,17.26,0.00,0.00,0.00,3.77,0.00,0.00,11.58,4.86,6.80,0.00,0.00,0.00,0.00,3.25,0.00,0.00,12.81,0.00,0.00
seq389,19.93,0.00,14.88,6.38,25.04,0.00,25.04,7.92,13.70,0.00,8.40,7.76,0.00,0.00,0.00,4.43,0.00,14.37,0.00,10.35
seq390,0.00,0.00,0.00,0.00,15.18,14.46,13.48,0.00,14.74,11.78,22.46,10.96,10.81,18.81,10.32,0.00,0.00,20.89,13.36,13.18
seq391,9.11,0.00,0.00,13.46,0.00,13.04,15.18,0.00,0.00,0.00,24.18,16.04,11.48,14.30,19.05,10.35,10.12,13.46,0.00,0.00
seq392,11.19,17.04,22.46,8.88,15.18,19.46,26.04,6.29,9.56,20.89,0.00,20.89,0.00,9.11,8.19,24.18,17.04,0.00,0.00,19.46
seq393,0.00,26.04,7.56,0.00,23.45,13.52,0.00,12.22,0.00,6.88,0.00,16.90,14.62,6.96,6.74,7.63,21.86,19.10,25.17,0.00
seq394,21.86,6.64,10.18,0.00,16.04,12.27,11.32,13.59,14.37,11.46,0.00,14.14,12.75,0.00,14.62,20.41,0.00,0.00,0.00,15.18
seq395,10.80,0.00,23.45,0.00,7.19,4.46,14.62,10.18,13.59,9.18,0.00,0.00,0.00,15.24,0.00,11.32,14.14,8.75,25.17,21.86
seq396,19.78,0.00,23.45,0.00,12.39,5.20,14.62,16.00,13.59,11.11,13.79,14.14,0.00,15.24,0.00,6.89,23.45,7.78,25.17,21.86
seq397,19.46,0.00,23.45,0.00,7.19,4.46,14.62,17.93,13.59,13.46,0.00,0.00,0.00,15.24,0.00,11.32,9.54,5.60,25.17,21.86
seq398,13.18,0.00,23.45,0.00,7.19,5.20,14.62,25.17,13.59,11.25,27.03,0.00,0.00,15.24,0.00,6.89,11.46,6.35,25.17,21.86
seq399,0.00,28.03,0.00,11.10,24.43,23.38,16.03,12.07,0.00,8.37,0.00,9.04,7.56,14.03,9.68,16.83,12.97,9.66,24.43,0.00
seq400,0.00,27.03,0.00,11.10,24.43,23.38,16.03,12.07,0.00,5.65,0.00,9.04,14.14,14.03,11.38,13.52,12.97,9.66,24.43,0.00
seq401,3.60,0.00,0.00,0.00,23.28,3.21,0.00,0.00,3.05,0.00,0.00,0.00,0.00,0.00,0.00,0.00,0.00,0.00,0.00,0.00
seq402,11.68,0.00,20.66,22.32,7.37,16.28,0.00,16.97,26.41,16.71,19.53,15.03,0.00,15.41,12.45,6.28,22.70,13.52,0.00,16.91
seq403,5.27,0.00,24.78,12.30,13.74,12.62,19.53,0.00,24.78,12.57,15.55,0.00,0.00,0.00,14.83,30.03,10.63,16.91,0.00,0.00
seq404,10.77,31.03,16.32,28.16,0.00,0.00,17.70,25.76,9.61,5.10,11.91,0.00,0.00,21.58,4.30,19.39,18.48,29.15,0.00,31.03
seq405,9.70,0.00,17.59,0.00,8.13,4.96,20.42,12.71,17.70,8.19,31.03,0.00,0.00,21.58,0.00,10.91,11.03,11.91,19.39,31.03
seq406,25.76,20.16,15.58,12.43,15.91,24.24,10.90,17.03,9.68,11.43,16.48,0.00,18.91,0.00,13.10,12.53,17.70,0.00,0.00,31.03
seq407,31.03,25.76,18.48,29.15,13.66,10.19,0.00,15.76,0.00,14.50,0.00,18.91,11.28,17.03,19.39,25.76,14.58,20.97,22.85,5.72
seq408,9.17,0.00,12.78,16.03,19.39,0.00,0.00,10.16,14.53,16.42,0.00,7.70,0.00,17.27,26.74,6.77,28.38,0.00,16.15,0.00
seq409,11.09,0.00,28.38,0.00,0.00,0.00,22.50,7.17,10.41,8.70,0.00,12.59,0.00,21.32,17.15,7.17,11.09,26.74,0.00,25.21
seq410,3.39,0.00,0.00,0.00,35.03,0.00,0.00,0.00,3.22,0.00,0.00,0.00,0.00,0.00,0.00,0.00,0.00,2.44,0.00,0.00
seq411,5.97,0.00,0.00,0.00,35.03,9.26,0.00,17.57,5.23,6.91,0.00,0.00,0.00,0.00,5.17,0.00,0.00,9.62,0.00,0.00
seq412,0.00,15.39,0.00,0.00,0.00,4.41,31.03,11.91,0.00,0.00,0.00,0.00,16.92,0.00,9.26,0.00,0.00,15.49,0.00,0.00
seq413,20.36,0.00,10.19,9.36,28.56,0.00,0.00,15.08,13.19,7.41,18.51,7.97,0.00,19.33,18.72,23.18,16.34,22.67,0.00,14.18
seq414,8.97,0.00,17.90,19.62,21.23,0.00,30.49,19.56,14.31,4.73,0.00,0.00,35.32,17.82,6.17,22.32,0.00,38.02,30.49,0.00
seq415,12.51,0.00,13.07,10.51,24.79,41.11,32.89,12.19,15.95,13.79,0.00,14.05,30.02,16.39,25.11,7.62,0.00,13.86,0.00,39.29
seq416,9.07,0.00,24.46,23.85,32.46,22.54,0.00,23.25,13.86,11.36,0.00,15.40,0.00,7.50,0.00,16.02,15.88,24.20,0.00,0.00
seq417,36.89,0.00,24.36,20.66,32.46,22.54,0.00,24.13,14.25,11.36,0.00,6.72,0.00,7.92,0.00,9.58,15.88,14.53,0.00,0.00
seq418,12.00,0.00,17.75,28.67,23.33,22.89,0.00,13.72,15.69,7.17,0.00,12.98,0.00,17.81,22.89,12.21,30.22,9.35,0.00,0.00
seq419,23.11,10.67,33.96,26.82,24.16,24.77,0.00,29.83,12.47,0.00,23.67,23.55,12.72,12.02,12.26,13.46,25.51,12.02,18.94,0.00
seq420,28.45,15.98,28.45,25.51,20.24,43.27,26.82,17.66,19.74,0.00,0.00,7.49,7.72,42.23,28.77,15.40,26.12,21.02,27.59,0.00
seq421,23.80,0.00,31.31,38.00,0.00,20.11,43.52,21.13,9.41,6.34,0.00,10.13,46.73,42.02,0.00,11.46,18.11,8.90,0.00,36.73
seq422,20.17,0.00,10.84,18.83,44.42,24.19,40.42,13.70,14.62,11.39,0.00,10.22,37.19,24.75,30.88,13.51,39.22,14.42,0.00,43.22
seq423,9.13,0.00,28.05,19.89,35.38,0.00,43.97,31.61,15.12,6.00,59.02,0.00,50.00,16.27,7.96,31.82,0.00,22.47,45.38,29.54
