ID,PAAC1_A,PAAC1_C,PAAC1_D,PAAC1_E,PAAC1_F,PAAC1_G,PAAC1_H,PAAC1_I,PAAC1_K,PAAC1_L,PAAC1_M,PAAC1_N,PAAC1_P,PAAC1_Q,PAAC1_R,PAAC1_S,PAAC1_T,PAAC1_V,PAAC1_W,PAAC1_Y,PAAC1_lam1
seq0,1.8341,0.0,0.9171,6.4194,0.9171,0.0,0.0,1.8341,2.7512,4.5853,0.9171,2.7512,0.0,3.6682,0.9171,0.9171,0.9171,0.9171,0.9171,0.9171,0.0829
seq1,1.8297,0.0,0.9149,5.4892,1.8297,0.9149,0.0,1.8297,1.8297,4.5743,0.9149,3.6595,0.0,3.6595,0.0,0.9149,0.9149,0.9149,0.9149,0.9149,0.0851
seq2,1.8237,0.0,0.9119,7.2948,0.9119,0.0,0.0,1.8237,2.7356,3.6474,0.9119,1.8237,0.0,4.5593,0.9119,0.0,0.9119,0.9119,1.8237,0.9119,0.0881
seq3,0.0,5.442,0.0,0.907,0.0,2.721,0.907,0.907,6.349,1.814,0.0,0.907,3.628,0.907,1.814,0.0,1.814,2.721,0.0,1.814,0.09300000000000001
seq4,0.9099,0.9099,1.8197,0.9099,1.8197,0.0,0.9099,0.0,1.8197,0.9099,0.9099,0.0,2.7296,0.0,3.6394,0.9099,5.4591,3.6394,0.0,0.0,0.0901
seq5,3.6368,1.8184,2.7276,1.8184,0.0,0.9092,0.0,0.9092,1.8184,0.9092,0.0,1.8184,1.8184,0.9092,1.8184,0.0,1.8184,3.6368,0.0,0.9092,0.0908
seq6,1.861,0.0,0.9305,0.9305,1.861,0.9305,0.9305,0.0,1.861,4.6524,0.0,0.9305,1.861,0.0,1.861,3.7219,2.7914,1.861,0.0,0.9305,0.0695
seq7,0.0,0.0,0.0,8.0775,3.59,0.0,0.0,0.0,8.975,2.6925,0.8975,0.8975,0.0,0.8975,2.6925,0.8975,0.8975,0.8975,1.795,0.0,0.1025
seq8,0.8791,0.0,1.7581,1.7581,3.5162,1.7581,0.0,0.0,1.7581,2.6372,0.8791,1.7581,0.8791,4.3953,4.3953,1.7581,0.8791,0.8791,2.6372,0.0,0.1209
seq9,0.0,0.0,1.8284,2.7426,0.9142,1.8284,0.0,3.6569,3.6569,1.8284,0.9142,2.7426,0.0,7.3137,0.0,0.0,0.9142,0.9142,0.9142,1.8284,0.0858
seq10,0.0,0.0,1.8265,2.7397,0.9132,2.7397,0.0,4.5662,3.653,1.8265,0.9132,2.7397,0.0,4.5662,0.0,0.0,1.8265,0.9132,0.9132,1.8265,0.0868
seq11,0.0,0.0,1.8329,2.7494,0.9165,1.8329,0.9165,3.6659,1.8329,2.7494,0.9165,4.5823,0.0,3.6659,0.0,0.0,2.7494,0.9165,1.8329,1.8329,0.0835
seq12,0.0,0.0,2.6998,2.6998,0.8999,1.7999,0.0,3.5997,4.4997,1.7999,0.8999,1.7999,0.0,6.2995,0.0,0.0,0.8999,0.8999,1.7999,0.8999,0.1001
seq13,3.8598,0.0,0.0,0.0,0.0,3.8598,0.965,0.965,0.0,0.965,0.965,0.0,0.0,1.9299,0.0,0.0,2.8949,1.9299,0.0,0.965,0.035
seq14,0.9396,2.8188,0.0,0.0,0.0,1.8792,0.0,0.0,0.9396,0.0,0.9396,2.8188,0.9396,0.0,0.9396,5.6376,1.8792,0.0,0.0,0.9396,0.0604
seq15,2.654,0.0,0.0,1.7694,0.8847,2.654,0.0,0.8847,1.7694,1.7694,0.0,0.8847,0.0,0.0,0.8847,0.0,1.7694,0.0,1.7694,0.0,0.1153
seq16,2.6454,0.0,0.0,1.7636,0.8818,2.6454,0.0,0.8818,1.7636,1.7636,0.0,0.8818,0.8818,0.0,0.8818,0.0,0.8818,0.0,1.7636,0.0,0.1182
seq17,2.6637,0.0,0.0,1.7758,0.8879,2.6637,0.0,0.8879,1.7758,0.8879,0.0,0.8879,0.8879,0.0,0.8879,0.0,1.7758,0.0,1.7758,0.0,0.1121
seq18,2.6458,0.0,0.0,1.7639,0.8819,2.6458,0.0,0.8819,1.7639,1.7639,0.0,0.0,0.8819,0.0,0.8819,0.0,1.7639,0.0,1.7639,0.0,0.1181
seq19,2.6886,0.0,0.0,1.7924,0.8962,2.6886,0.0,0.8962,1.7924,1.7924,0.0,0.8962,0.8962,0.0,0.0,0.0,1.7924,0.0,1.7924,0.0,0.1038
seq20,2.6282,0.0,0.0,1.7521,0.8761,2.6282,0.0,0.0,1.7521,1.7521,0.0,0.8761,0.8761,0.0,0.8761,0.0,1.7521,0.0,1.7521,0.0,0.1239
seq21,2.6517,0.0,0.0,1.7678,0.8839,2.6517,0.0,0.8839,1.7678,1.7678,0.0,0.8839,0.8839,0.0,0.8839,0.0,0.8839,0.0,1.7678,0.0,0.1161
seq22,2.6339,0.0,0.0,1.7559,0.878,2.6339,0.0,0.878,1.7559,0.878,0.0,0.878,0.878,0.0,0.878,0.0,1.7559,0.0,1.7559,0.0,0.122
seq23,2.6532,0.0,0.0,1.7688,0.8844,2.6532,0.0,0.8844,0.8844,1.7688,0.0,0.8844,0.8844,0.0,0.8844,0.0,1.7688,0.0,1.7688,0.0,0.1156
seq24,1.7692,0.0,0.0,1.7692,0.8846,2.6539,0.0,0.8846,1.7692,1.7692,0.0,0.8846,0.8846,0.0,0.8846,0.0,1.7692,0.0,1.7692,0.0,0.1154
seq25,2.6567,0.0,0.0,1.7711,0.0,2.6567,0.0,0.8856,1.7711,1.7711,0.0,0.8856,0.8856,0.0,0.8856,0.0,1.7711,0.0,1.7711,0.0,0.1144
seq26,1.762,0.0,0.0,1.762,0.881,2.6431,0.0,0.881,1.762,1.762,0.0,0.881,0.881,0.0,0.881,0.0,1.762,0.0,1.762,0.0,0.11900000000000001
seq27,2.6292,0.0,0.0,0.8764,0.8764,2.6292,0.0,0.8764,1.7528,1.7528,0.0,0.8764,0.8764,0.0,0.8764,0.0,1.7528,0.0,1.7528,0.0,0.1236
seq28,1.762,0.0,0.0,1.762,0.881,2.643,0.0,0.881,1.762,1.762,0.0,0.881,0.881,0.0,0.881,0.0,1.762,0.0,1.762,0.0,0.11900000000000001
seq29,1.7191,0.8596,0.0,0.8596,0.8596,0.8596,0.0,1.7191,1.7191,0.8596,0.0,0.0,0.0,0.8596,3.4382,0.0,1.7191,0.0,1.7191,0.0,0.1404
seq30,2.6753,0.0,0.0,0.8918,0.8918,2.6753,0.0,0.8918,1.7835,1.7835,0.0,0.8918,0.8918,0.0,0.8918,0.0,1.7835,0.0,1.7835,0.0,0.1082
seq31,5.8115,0.0,0.0,0.0,0.0,2.9057,0.9686,1.9372,0.0,2.9057,0.9686,0.0,0.0,0.0,0.0,0.9686,2.9057,1.9372,0.0,0.0,0.0314
seq32,2.7095,0.0,0.0,2.7095,1.8063,0.9032,0.0,0.9032,1.8063,1.8063,1.8063,0.0,0.0,0.9032,0.0,0.0,0.9032,0.9032,0.0,0.9032,0.0968
seq33,0.0,0.0,0.0,0.0,0.0,5.5603,0.0,3.7069,0.9267,4.6336,0.0,0.9267,0.9267,0.9267,0.0,0.0,0.0,0.0,0.0,0.9267,0.0733
seq34,0.0,0.9644,0.0,0.0,0.0,4.822,0.0,2.8932,0.0,8.6797,0.0,0.0,0.9644,0.0,0.0,0.0,0.0,0.9644,0.0,0.0,0.0356
seq35,0.0,0.0,0.8636,0.8636,0.0,1.7272,0.0,0.8636,1.7272,0.8636,0.0,0.8636,0.0,3.4544,0.8636,0.0,0.8636,1.7272,2.5908,0.0,0.1364
seq36,1.8307,0.0,0.9153,2.746,0.0,0.0,0.0,0.9153,1.8307,1.8307,0.9153,0.0,2.746,0.0,2.746,0.0,0.0,1.8307,0.0,1.8307,0.0847
seq37,0.8882,0.0,0.0,0.8882,0.8882,1.7764,0.0,0.8882,0.0,2.6646,0.0,1.7764,0.8882,1.7764,2.6646,0.8882,0.0,0.0,0.8882,0.8882,0.1118
seq38,0.9096,0.9096,0.0,0.0,0.0,1.8192,0.0,0.9096,0.9096,0.9096,0.9096,2.7287,1.8192,0.0,1.8192,1.8192,0.9096,0.0,0.9096,0.9096,0.0904
seq39,0.9088,0.0,0.0,0.9088,0.0,0.9088,0.9088,0.9088,0.9088,4.5439,0.0,1.8175,0.0,0.9088,0.9088,0.0,1.8175,2.7263,0.0,0.0,0.0912
seq40,0.0,0.8556,0.0,0.8556,0.0,1.7112,0.0,1.7112,0.8556,0.0,0.0,0.8556,0.8556,0.8556,4.278,0.0,2.5668,0.0,1.7112,0.0,0.1444
seq41,3.7279,0.0,0.0,0.0,0.0,0.0,0.932,1.864,1.864,2.796,0.932,0.0,0.932,0.0,2.796,0.932,0.932,1.864,0.0,0.932,0.068
seq42,0.9538,0.0,0.0,0.0,0.0,0.0,2.8614,0.0,0.9538,0.9538,0.9538,0.9538,1.9076,0.0,0.0,0.0,0.9538,0.0,0.9538,0.0,0.0462
seq43,1.8112,1.8112,0.0,1.8112,0.9056,0.0,1.8112,0.0,0.9056,3.6224,0.0,0.0,2.7168,0.0,1.8112,0.9056,0.0,0.9056,0.0,0.9056,0.0944
seq44,0.9013,0.0,0.0,0.9013,1.8026,0.0,0.0,0.9013,0.9013,4.5064,0.0,0.0,0.0,0.0,0.0,0.9013,0.0,0.9013,0.9013,0.9013,0.0987
seq45,0.0,0.8564,2.5691,0.8564,0.8564,0.0,0.0,0.8564,0.8564,3.4254,0.0,0.0,0.0,0.0,0.8564,1.7127,0.0,0.0,2.5691,0.0,0.1436
seq46,0.0,0.8569,2.5708,0.8569,0.8569,0.0,0.0,0.8569,0.8569,3.4277,0.0,0.0,0.0,0.0,0.8569,1.7139,0.0,0.0,2.5708,0.0,0.1431
seq47,0.0,0.8574,2.5722,0.8574,0.8574,0.0,0.0,0.0,0.8574,3.4297,0.0,0.0,0.0,0.0,0.8574,1.7148,0.0,0.8574,2.5722,0.0,0.1426
seq48,0.0,0.8668,2.6004,0.8668,0.8668,0.8668,0.0,1.7336,0.8668,1.7336,0.0,0.0,0.0,0.0,0.8668,2.6004,0.0,0.8668,2.6004,0.0,0.1332
seq49,0.0,0.8572,2.5716,0.8572,0.8572,0.0,0.0,1.7144,0.8572,1.7144,0.0,0.0,0.0,0.0,0.8572,1.7144,0.8572,0.8572,3.4288,0.0,0.1428
seq50,0.0,0.8371,2.5112,0.8371,0.8371,0.0,0.0,1.6741,0.8371,1.6741,0.0,0.0,0.0,0.0,0.8371,1.6741,0.0,0.8371,2.5112,0.0,0.1629
seq51,0.0,0.8555,2.5666,0.8555,0.8555,0.0,0.0,1.7111,0.8555,1.7111,0.0,0.0,0.0,0.0,0.8555,1.7111,0.0,0.8555,2.5666,0.0,0.1445
seq52,0.0,0.8565,2.5695,0.8565,0.8565,0.0,0.0,1.713,0.8565,1.713,0.0,0.0,0.0,0.0,0.8565,1.713,0.0,0.8565,2.5695,0.0,0.1435
seq53,0.0,0.8633,2.5898,0.8633,0.8633,0.0,0.0,1.7265,0.8633,1.7265,0.0,0.0,0.0,0.0,0.8633,1.7265,0.0,0.8633,2.5898,0.0,0.1367
seq54,0.0,0.8664,2.5991,0.0,0.8664,0.0,0.0,0.8664,0.8664,1.7327,0.0,0.0,0.0,0.0,0.8664,0.8664,1.7327,1.7327,2.5991,0.0,0.1336
seq55,0.0,0.8643,2.593,0.0,0.8643,0.0,0.0,0.8643,0.8643,1.7287,0.0,0.0,0.0,0.0,0.8643,0.8643,1.7287,1.7287,2.593,0.0,0.1357
seq56,0.0,0.8553,2.566,0.0,0.8553,0.0,0.0,1.7107,0.8553,0.8553,0.0,0.0,0.0,0.0,0.8553,1.7107,0.0,2.566,2.566,0.0,0.1447
seq57,0.0,0.0,1.725,0.8625,0.8625,0.0,0.8625,0.0,0.8625,2.5875,0.0,0.0,0.0,0.0,0.0,1.725,0.0,2.5875,3.45,0.0,0.1375
seq58,0.0,0.8645,2.5935,0.0,0.8645,0.0,0.0,0.0,0.8645,1.729,0.0,0.0,0.0,0.0,0.8645,1.729,0.8645,2.5935,2.5935,0.0,0.1355
seq59,0.0,0.8702,3.4808,1.7404,0.8702,0.0,0.0,1.7404,0.0,1.7404,0.0,0.0,0.0,0.0,0.0,1.7404,0.0,0.8702,2.6106,0.0,0.1298
seq60,0.0,0.8345,0.8345,0.8345,0.8345,0.0,0.0,1.6691,0.8345,1.6691,0.0,0.0,0.0,0.0,2.5036,1.6691,0.0,0.8345,2.5036,0.0,0.1655
seq61,0.0,0.8328,0.8328,0.0,0.8328,0.0,0.0,1.6655,1.6655,1.6655,0.0,0.0,0.0,0.0,2.4983,1.6655,0.0,0.8328,2.4983,0.0,0.1672
seq62,1.7895,0.0,4.4738,3.579,0.0,0.0,0.0,3.579,3.579,3.579,0.0,1.7895,0.8948,0.8948,1.7895,4.4738,0.0,0.8948,0.8948,0.0,0.1052
seq63,0.8996,0.0,0.0,0.0,0.8996,0.0,0.8996,1.7991,0.8996,0.0,0.0,1.7991,1.7991,0.0,0.8996,0.0,2.6987,0.0,0.8996,0.0,0.1004
seq64,0.9342,5.6053,0.0,1.8684,1.8684,1.8684,0.0,2.8027,1.8684,0.9342,0.9342,1.8684,0.0,0.0,0.0,4.6711,0.9342,1.8684,0.0,0.9342,0.0658
seq65,0.9374,5.6242,0.0,0.9374,0.9374,2.8121,0.0,2.8121,1.8747,0.0,0.0,0.9374,1.8747,0.0,0.9374,3.7495,0.9374,2.8121,0.0,0.9374,0.0626
seq66,0.0,0.936,0.0,0.0,2.8081,1.872,1.872,0.0,0.0,1.872,0.0,0.0,0.936,0.936,0.936,1.872,0.936,1.872,0.0,0.0,0.064
seq67,1.8751,3.7502,0.9375,0.0,1.8751,3.7502,0.0,0.9375,0.0,0.9375,0.0,0.9375,0.0,0.0,0.0,0.9375,0.0,1.8751,0.9375,0.9375,0.0625
seq68,1.8008,1.8008,0.9004,0.0,0.9004,2.7012,0.0,0.0,0.0,0.0,0.0,0.9004,2.7012,0.9004,0.0,0.0,0.0,2.7012,2.7012,0.0,0.0996
seq69,0.9275,0.0,1.855,6.4924,0.0,0.0,0.9275,2.7825,1.855,4.6374,0.0,3.71,0.0,3.71,0.9275,2.7825,0.9275,0.0,0.9275,0.9275,0.0725
seq70,8.0569,0.0,0.0,7.1617,0.8952,0.0,0.0,0.0,7.1617,4.476,0.0,0.8952,0.0,0.0,0.0,0.8952,0.0,0.0,2.6856,0.0,0.1048
seq71,0.9393,0.9393,0.9393,1.8787,0.9393,1.8787,2.818,0.0,1.8787,0.0,0.9393,0.0,0.0,4.6967,0.0,0.9393,0.0,0.0,0.0,0.0,0.0607
seq72,1.855,5.5651,3.71,0.9275,0.9275,3.71,0.0,0.9275,0.9275,1.855,0.0,0.9275,1.855,0.0,2.7825,1.855,3.71,1.855,0.0,0.9275,0.0725
seq73,0.0,5.2288,0.0,0.0,1.7429,1.7429,0.0,1.7429,0.0,0.0,0.0,0.0,0.0,0.0,3.4859,0.0,1.7429,0.0,0.0,0.0,0.1285
seq74,0.0,5.2726,0.0,0.0,0.8788,1.7575,0.0,0.8788,0.0,0.8788,0.0,0.0,0.0,0.0,4.3938,0.0,0.8788,0.8788,0.0,0.0,0.1212
seq75,3.6746,0.0,0.0,0.9186,0.0,4.5932,0.9186,1.8373,3.6746,4.5932,0.0,0.0,0.0,0.0,0.0,1.8373,1.8373,0.0,0.0,0.9186,0.0814
seq76,3.6606,0.0,0.0,0.9152,0.0,4.5758,0.0,1.8303,3.6606,3.6606,0.0,0.9152,0.0,0.0,0.0,0.9152,2.7455,0.9152,0.0,0.9152,0.0848
seq77,0.0,0.0,0.8674,1.7348,2.6022,0.8674,0.0,1.7348,2.6022,1.7348,0.0,0.8674,0.0,0.8674,2.6022,0.0,0.0,0.8674,0.0,0.0,0.1326
seq78,0.0,0.0,0.8629,0.8629,1.7258,0.8629,0.0,2.5888,2.5888,1.7258,0.0,0.8629,0.0,0.8629,2.5888,0.0,0.0,1.7258,0.0,0.0,0.1371
seq79,0.9016,0.0,0.0,0.0,0.9016,1.8033,0.0,0.9016,1.8033,1.8033,0.9016,0.9016,0.0,0.0,0.0,0.9016,0.0,3.6065,0.9016,0.9016,0.0984
seq80,1.902,5.706,0.951,0.951,0.0,1.902,0.0,1.902,0.951,0.951,0.0,0.951,1.902,0.0,0.0,2.853,1.902,3.804,0.951,0.951,0.049
seq81,0.9442,5.6654,0.0,0.9442,0.9442,2.8327,0.0,1.8885,1.8885,0.9442,0.0,1.8885,1.8885,0.0,0.9442,1.8885,1.8885,2.8327,0.0,0.9442,0.0558
seq82,0.0,5.6736,0.0,0.9456,0.0,4.728,0.0,0.9456,0.0,0.9456,0.0,1.8912,2.8368,0.0,0.9456,1.8912,3.7824,1.8912,0.9456,0.0,0.0544
seq83,1.7937,0.8969,0.8969,0.0,0.8969,2.6906,0.0,0.8969,0.0,0.0,0.0,0.0,2.6906,0.8969,0.0,0.0,0.8969,2.6906,2.6906,0.0,0.1031
seq84,0.0,0.0,0.0,0.0,3.3485,0.8371,0.0,0.8371,5.8599,0.8371,0.0,0.0,0.0,0.0,2.5114,0.8371,0.0,0.0,0.0,0.0,0.1629
seq85,0.9525,5.7149,0.0,0.9525,1.905,2.8574,0.0,0.0,0.9525,0.9525,0.0,0.9525,0.9525,0.9525,0.0,2.8574,3.8099,1.905,0.0,0.9525,0.0475
seq86,1.8517,0.9258,0.0,3.7034,0.0,0.9258,0.0,0.9258,0.9258,1.8517,0.0,0.0,0.9258,0.0,0.0,0.0,2.7775,0.9258,0.0,0.0,0.0742
seq87,1.7945,0.8973,0.0,2.6918,0.0,0.8973,0.0,0.8973,0.8973,1.7945,0.0,0.0,0.8973,0.0,0.0,0.0,2.6918,0.0,1.7945,0.0,0.1027
seq88,0.0,5.2183,0.0,0.0,0.0,3.4789,0.0,1.7394,0.0,0.0,0.0,0.0,0.0,0.0,3.4789,0.0,0.0,1.7394,0.0,0.0,0.1303
seq89,1.8848,5.6544,0.0,0.9424,0.9424,2.8272,0.0,3.7696,1.8848,0.0,0.0,1.8848,1.8848,0.0,0.9424,2.8272,0.0,2.8272,0.0,0.9424,0.0576
seq90,0.0,5.7638,0.0,0.9606,0.9606,3.8425,0.0,2.8819,0.0,0.9606,0.0,1.9213,1.9213,0.0,0.0,3.8425,0.9606,3.8425,0.0,0.9606,0.0394
seq91,0.0,0.0,0.9272,5.563,0.0,0.0,0.9272,3.7087,0.9272,1.8543,1.8543,5.563,0.0,2.7815,0.9272,2.7815,1.8543,0.0,2.7815,0.9272,0.0728
seq92,0.8578,0.0,0.0,0.8578,0.8578,0.8578,0.0,0.8578,2.5735,0.8578,0.8578,0.0,0.8578,0.8578,1.7157,0.8578,0.0,0.0,0.0,0.8578,0.1422
seq93,0.0,5.5845,0.9308,1.8615,0.9308,0.9308,0.9308,1.8615,2.7923,0.9308,0.0,1.8615,1.8615,0.0,0.0,1.8615,0.9308,2.7923,0.9308,0.9308,0.0692
seq94,0.0,1.7749,0.0,0.0,1.7749,0.0,0.0,0.0,0.8875,0.8875,0.0,0.0,1.7749,0.0,1.7749,1.7749,0.0,0.8875,0.0,0.8875,0.1125
seq95,1.8541,2.7811,0.927,0.0,0.927,1.8541,0.0,0.0,0.0,0.927,0.0,0.927,2.7811,0.927,0.0,0.0,0.0,2.7811,1.8541,0.0,0.073
seq96,1.8618,1.8618,0.9309,0.9309,3.7237,0.0,0.0,1.8618,0.9309,0.9309,0.0,0.9309,2.7927,0.0,0.0,0.9309,0.0,0.9309,0.0,0.0,0.0691
seq97,2.796,1.864,0.0,0.932,2.796,0.0,0.0,1.864,0.932,1.864,0.0,0.0,3.7281,0.0,0.0,0.932,0.0,0.932,0.0,0.0,0.068
seq98,0.935,1.8701,0.0,0.935,3.7401,0.935,0.0,1.8701,0.935,0.935,0.0,0.0,3.7401,0.0,0.0,0.935,0.0,1.8701,0.0,0.0,0.065
seq99,0.9462,1.8924,0.0,0.9462,2.8386,0.0,0.0,1.8924,0.9462,1.8924,0.0,0.9462,3.7849,0.0,0.0,0.9462,0.0,1.8924,0.0,0.0,0.0538
seq100,1.8481,1.8481,0.0,3.6963,7.3926,1.8481,0.0,3.6963,1.8481,3.6963,0.0,0.0,7.3926,0.0,0.0,1.8481,0.0,1.8481,0.0,0.0,0.0759
seq101,0.9202,0.0,0.0,1.8405,3.6809,0.9202,0.0,2.7607,0.9202,0.9202,0.0,0.0,3.6809,0.0,0.0,0.9202,0.0,1.8405,0.0,0.0,0.0798
seq102,0.9382,1.8764,0.0,1.8764,3.7528,0.0,0.0,1.8764,0.9382,0.9382,0.9382,0.9382,3.7528,0.0,0.0,0.0,0.0,0.9382,0.0,0.0,0.0618
seq103,0.929,1.8581,0.0,1.8581,2.7871,0.929,0.0,1.8581,0.929,1.8581,0.929,0.0,3.7162,0.0,0.0,0.0,0.0,0.929,0.0,0.0,0.071
seq104,0.9068,0.0,0.0,1.8137,3.6273,0.9068,0.0,1.8137,1.8137,1.8137,0.9068,0.0,3.6273,0.0,0.0,0.0,0.0,0.9068,0.0,0.0,0.0932
seq105,0.9209,1.8418,0.0,1.8418,3.6835,0.9209,0.0,0.9209,0.9209,0.9209,0.9209,0.0,3.6835,0.0,0.0,0.9209,0.0,0.9209,0.0,0.0,0.0791
seq106,1.8356,0.0,0.9178,1.8356,3.6712,0.0,0.0,1.8356,0.9178,0.9178,0.9178,0.9178,2.7534,0.0,0.0,0.9178,0.0,0.9178,0.0,0.0,0.0822
seq107,1.8491,0.0,0.0,1.8491,2.7736,0.0,0.0,2.7736,0.9245,0.9245,0.9245,0.9245,3.6981,0.0,0.0,0.9245,0.0,0.9245,0.0,0.0,0.0755
seq108,2.7565,0.0,0.0,1.8376,2.7565,0.0,0.0,1.8376,0.9188,1.8376,0.9188,0.0,3.6753,0.0,0.0,0.9188,0.0,0.9188,0.0,0.0,0.0812
seq109,0.9111,0.0,0.0,1.8223,2.7334,0.0,0.0,1.8223,1.8223,0.9111,0.9111,0.9111,3.6446,0.0,0.0,0.9111,0.0,1.8223,0.0,0.0,0.0889
seq110,0.9225,0.0,0.9225,5.5347,0.9225,0.0,0.9225,2.7674,1.8449,5.5347,0.0,3.6898,0.0,3.6898,0.0,2.7674,0.9225,0.0,2.7674,0.0,0.0775
seq111,0.0,0.0,1.7619,2.6429,1.7619,1.7619,0.0,2.6429,5.2858,5.2858,0.0,0.881,0.881,0.881,4.4049,1.7619,0.881,1.7619,0.0,0.0,0.11900000000000001
seq112,2.6916,0.0,0.8972,0.0,0.0,1.7944,0.8972,2.6916,0.0,1.7944,1.7944,0.0,0.8972,0.8972,0.8972,0.0,0.0,0.0,0.8972,0.0,0.1028
seq113,0.9392,0.0,0.0,0.0,0.9392,0.0,0.9392,0.0,0.0,1.8783,0.0,0.0,2.8175,0.0,0.9392,0.9392,1.8783,0.0,0.0,0.0,0.0608
seq114,3.6941,0.0,8.3117,2.7706,2.7706,1.847,0.9235,0.0,5.5411,0.0,0.0,8.3117,0.9235,1.847,4.6176,0.0,0.0,5.5411,0.0,3.6941,0.0765
seq115,0.0,4.7239,0.0,0.9448,0.9448,2.8343,0.0,2.8343,1.8895,1.8895,0.0,1.8895,1.8895,0.0,0.9448,2.8343,0.9448,2.8343,0.0,0.9448,0.0552
seq116,0.9288,0.0,0.9288,5.5726,0.0,0.0,0.9288,1.8575,1.8575,5.5726,0.0,4.6438,0.0,3.7151,0.0,3.7151,0.9288,0.0,1.8575,0.9288,0.0712
seq117,1.7928,0.8964,0.8964,0.0,0.8964,2.6891,0.0,0.0,0.0,0.0,0.0,0.8964,3.5855,0.8964,0.0,0.0,0.0,2.6891,2.6891,0.0,0.1036
seq118,0.9272,0.0,0.0,0.0,2.7817,0.0,0.0,0.9272,1.8545,1.8545,0.0,1.8545,2.7817,2.7817,5.5634,0.9272,1.8545,0.9272,0.0,0.0,0.0728
seq119,0.0,1.8011,1.8011,0.9006,0.0,1.8011,0.0,0.0,0.0,1.8011,0.0,1.8011,1.8011,0.0,1.8011,0.0,1.8011,1.8011,0.9006,0.0,0.0994
seq120,1.784,0.0,1.784,1.784,0.0,0.892,0.0,0.892,3.568,5.3521,0.892,0.892,0.0,4.46,2.676,0.0,2.676,3.568,0.892,0.892,0.10800000000000001
seq121,0.9181,0.0,0.0,1.8362,0.9181,2.7543,0.9181,3.6723,1.8362,4.5904,0.9181,1.8362,2.7543,0.9181,2.7543,0.0,0.0,0.9181,0.0,2.7543,0.0819
seq122,0.0,3.4882,0.0,0.0,0.8721,2.6162,0.0,0.0,0.0,0.8721,0.0,0.0,0.0,0.0,5.2323,0.0,0.0,1.7441,0.0,0.8721,0.1279
seq123,0.9177,1.8354,0.9177,0.0,0.0,1.8354,0.0,0.0,0.0,1.8354,0.0,1.8354,2.7531,0.0,0.9177,0.0,0.9177,2.7531,1.8354,0.0,0.0823
seq124,0.0,1.7647,1.7647,0.8824,0.0,1.7647,0.0,0.8824,0.0,1.7647,0.0,0.8824,0.8824,0.0,2.6471,0.0,1.7647,1.7647,0.8824,0.0,0.1176
seq125,2.7594,14.7168,5.5188,1.8396,1.8396,8.2782,0.0,0.9198,13.797,4.599,3.6792,2.7594,11.9574,4.599,4.599,5.5188,3.6792,4.599,0.9198,1.8396,0.0802
seq126,0.0,0.0,0.0,0.0,0.0,1.8734,0.0,0.0,0.0,0.9367,0.0,0.9367,1.8734,0.9367,0.9367,2.8101,0.0,0.9367,0.0,0.0,0.0633
seq127,0.0,0.9623,0.9623,0.0,0.0,0.9623,0.9623,0.9623,0.0,0.9623,0.0,1.9245,0.9623,0.0,0.0,3.8491,0.9623,1.9245,0.0,1.9245,0.0377
seq128,0.0,1.7188,0.0,0.8594,1.7188,0.0,0.0,0.0,0.0,0.0,0.0,0.0,0.8594,0.0,1.7188,1.7188,0.0,0.0,0.0,0.8594,0.1406
seq129,0.0,0.0,0.0,0.852,0.852,0.852,0.852,0.0,0.852,0.0,0.852,0.0,0.852,0.0,0.852,1.7039,0.0,0.852,0.852,0.852,0.14800000000000002
seq130,1.8576,2.7864,0.9288,0.0,0.9288,0.9288,0.0,0.0,0.0,1.8576,0.0,0.9288,2.7864,0.9288,0.0,0.0,0.9288,1.8576,1.8576,0.0,0.0712
seq131,1.8722,4.6806,0.0,0.9361,0.0,2.8084,0.0,2.8084,0.9361,0.9361,0.0,0.9361,1.8722,0.0,0.9361,2.8084,0.0,1.8722,0.9361,0.9361,0.0639
seq132,0.0,1.8031,1.8031,0.0,0.0,1.8031,0.0,0.0,0.0,1.8031,0.0,1.8031,1.8031,0.0,0.9015,0.0,0.9015,2.7046,2.7046,0.0,0.0985
seq133,11.4774,0.0,0.8829,4.4144,0.8829,0.0,0.0,0.8829,2.6486,3.5315,0.8829,0.8829,0.0,0.0,0.8829,0.8829,0.0,0.0,4.4144,0.0,0.1171
seq134,6.2272,0.0,0.8896,7.1168,0.8896,0.0,0.0,0.8896,5.3376,3.5584,0.8896,0.8896,0.0,0.0,0.8896,0.8896,0.0,0.0,4.448,0.0,0.1104
seq135,1.8025,0.9013,0.9013,0.0,0.9013,1.8025,0.9013,0.9013,0.0,0.0,0.0,0.0,1.8025,0.9013,0.0,0.0,0.9013,2.7038,3.6051,0.0,0.0987
seq136,0.9177,0.0,0.0,0.0,0.0,1.8354,1.8354,0.9177,0.0,0.0,3.6708,1.8354,0.9177,0.0,0.9177,0.0,0.9177,0.0,0.9177,0.9177,0.0823
seq137,0.8878,0.0,0.0,0.0,0.0,0.0,0.0,2.6634,0.8878,0.8878,0.8878,0.8878,0.0,0.8878,0.8878,0.0,0.0,0.0,0.0,1.7756,0.1122
seq138,0.8855,0.0,0.0,0.0,0.0,0.0,0.0,2.6564,0.8855,1.7709,0.0,0.8855,0.0,0.8855,0.8855,0.0,0.0,0.0,0.0,1.7709,0.1145
seq139,0.8833,0.0,0.0,0.0,0.0,0.0,0.0,1.7665,0.8833,1.7665,0.8833,0.8833,0.0,0.8833,0.8833,0.0,0.0,0.0,0.0,1.7665,0.1167
seq140,0.8966,0.0,0.0,0.0,0.0,0.0,0.0,2.6897,0.8966,1.7931,0.8966,0.8966,0.0,0.8966,0.8966,0.0,0.0,0.0,0.0,0.8966,0.1034
seq141,0.8956,0.0,0.0,0.0,0.0,0.0,0.0,2.6868,0.0,1.7912,0.8956,0.8956,0.0,0.8956,0.8956,0.0,0.0,0.0,0.0,1.7912,0.1044
seq142,0.8874,0.0,0.0,0.0,0.0,0.0,0.0,2.6623,0.8874,1.7748,0.8874,0.0,0.0,0.8874,0.8874,0.0,0.0,0.0,0.0,1.7748,0.1126
seq143,0.8967,0.0,0.0,0.0,0.0,0.0,0.0,1.7934,0.8967,1.7934,0.8967,0.8967,0.0,0.8967,0.8967,0.0,0.0,0.0,0.0,1.7934,0.1033
seq144,0.9312,0.0,0.9312,3.7249,0.9312,0.0,0.9312,1.8624,1.8624,5.5873,0.0,2.7937,0.0,5.5873,0.0,3.7249,0.9312,0.0,2.7937,0.9312,0.0688
seq145,0.9277,0.0,0.9277,4.6384,0.9277,0.0,0.0,1.8554,1.8554,5.5661,0.0,2.783,0.0,5.5661,0.0,3.7107,0.9277,0.0,2.783,0.9277,0.0723
seq146,7.4113,0.0,0.9264,0.0,0.0,3.7056,0.9264,0.9264,3.7056,4.632,1.8528,0.0,0.0,1.8528,0.0,0.9264,3.7056,0.0,0.9264,0.0,0.0736
seq147,4.6652,0.0,0.0,0.933,1.8661,1.8661,1.8661,0.933,0.933,1.8661,0.0,0.0,0.933,0.0,0.0,0.0,0.0,3.7322,0.0,0.0,0.067
seq148,1.9019,0.0,0.0,0.951,0.0,1.9019,2.8529,0.951,0.951,4.7548,0.0,0.0,1.9019,0.0,0.0,1.9019,0.0,5.7058,0.0,0.0,0.049
seq149,0.8899,0.8899,0.0,0.0,0.0,0.8899,0.8899,0.0,0.0,2.6697,0.0,0.8899,0.0,1.7798,5.3395,0.0,0.0,0.0,0.0,0.0,0.1101
seq150,0.0,0.0,0.0,0.8845,0.0,0.0,0.0,0.0,1.769,0.0,0.0,0.0,0.0,0.8845,1.769,0.8845,0.8845,0.8845,0.8845,0.8845,0.1155
seq151,0.0,0.0,0.0,0.0,2.6057,0.8686,0.0,1.7371,2.6057,1.7371,0.0,0.0,0.0,0.0,0.8686,0.0,0.0,0.8686,0.0,0.0,0.1314
seq152,0.0,0.0,0.0,0.0,2.7102,2.7102,3.6136,2.7102,0.9034,0.9034,0.0,0.0,0.0,0.0,1.8068,0.0,1.8068,2.7102,0.0,0.0,0.0966
seq153,2.7099,0.0,0.9033,0.0,1.8066,1.8066,0.0,0.0,3.6132,3.6132,0.0,0.0,0.0,0.0,0.0,0.0,0.9033,1.8066,0.0,0.0,0.0967
seq154,0.8786,0.0,0.8786,0.8786,0.8786,0.8786,0.0,2.6357,1.7571,0.8786,0.0,0.0,0.0,0.0,0.0,0.8786,0.0,0.0,0.8786,0.0,0.1214
seq155,0.9157,0.0,0.0,0.0,0.9157,0.9157,0.9157,0.9157,3.6628,2.7471,1.8314,0.0,0.9157,0.0,0.0,0.9157,0.0,1.8314,0.0,0.0,0.0843
seq156,0.0,0.0,1.8268,1.8268,1.8268,0.9134,0.0,1.8268,0.0,1.8268,0.0,1.8268,0.0,1.8268,0.0,0.0,0.0,1.8268,0.0,0.0,0.0866
seq157,1.8632,0.0,0.0,0.0,0.0,2.7948,0.0,2.7948,2.7948,3.7264,0.0,0.0,0.9316,1.8632,1.8632,0.9316,1.8632,1.8632,0.9316,0.0,0.0684
seq158,0.8863,0.0,0.8863,0.8863,0.8863,0.8863,0.0,2.659,1.7727,0.8863,0.0,0.0,0.0,0.0,0.0,0.8863,0.0,0.0,0.8863,0.0,0.1137
seq159,0.8912,0.0,0.8912,0.0,0.8912,2.6737,0.0,2.6737,2.6737,1.7825,0.8912,0.8912,0.0,0.8912,0.0,0.8912,0.8912,0.8912,0.8912,0.0,0.1088
seq160,0.8808,0.0,0.8808,0.8808,0.8808,0.8808,0.0,2.6425,1.7616,0.8808,0.0,0.0,0.0,0.0,0.0,0.8808,0.0,0.0,0.8808,0.0,0.1192
seq161,0.9567,0.0,0.0,0.0,0.9567,3.8267,1.9133,0.9567,0.0,3.8267,0.0,0.0,0.9567,0.0,0.0,1.9133,0.0,4.7833,0.0,0.0,0.0433
seq162,0.0,0.0,0.0,0.0,0.0,2.4997,0.0,0.0,0.0,7.499,0.0,0.0,0.0,0.0,5.8325,0.0,0.0,0.0,0.0,0.0,0.1668
seq163,0.0,0.0,0.0,0.8935,0.8935,0.8935,0.0,1.787,3.574,3.574,1.787,0.8935,0.0,0.8935,0.8935,1.787,0.0,0.8935,2.6805,0.0,0.1065
seq164,0.0,0.0,0.0,0.873,0.873,0.873,0.0,1.7459,0.873,3.4919,1.7459,0.873,0.0,0.873,3.4919,1.7459,0.0,0.873,2.6189,0.0,0.127
seq165,0.878,0.0,0.878,0.878,0.878,0.878,0.0,2.6341,1.7561,0.878,0.0,0.0,0.0,0.0,0.0,0.878,0.0,0.0,0.878,0.0,0.122
seq166,0.8658,0.0,0.8658,0.0,1.7316,0.8658,0.8658,0.8658,1.7316,0.0,0.0,0.0,0.0,0.0,0.8658,0.0,0.0,1.7316,0.8658,0.0,0.1342
seq167,0.0,0.0,0.0,0.0,0.0,2.7461,0.0,1.8307,0.0,5.4922,0.0,0.0,0.9154,0.0,2.7461,0.9154,0.9154,2.7461,0.0,0.0,0.0846
seq168,1.7643,0.0,0.0,0.8822,0.0,3.5286,0.0,1.7643,5.293,5.293,0.0,0.0,0.0,0.0,0.0,0.0,0.8822,0.8822,0.8822,0.0,0.1178
seq169,8.7253,0.0,0.8725,6.1077,0.0,0.0,0.0,2.6176,0.8725,2.6176,0.8725,0.8725,0.0,2.6176,3.4901,0.0,0.8725,0.0,1.7451,0.8725,0.1275
seq170,9.1892,0.0,0.9189,3.6757,0.0,0.0,0.9189,2.7568,0.9189,4.5946,1.8378,2.7568,0.0,2.7568,0.9189,0.0,0.9189,0.0,1.8378,0.9189,0.0811
seq171,0.0,0.0,0.9257,7.406,0.0,0.0,0.9257,2.7772,0.9257,4.6287,1.8515,3.703,0.0,3.703,0.9257,2.7772,1.8515,0.0,1.8515,0.9257,0.0743
seq172,0.847,0.0,0.0,0.0,2.5411,0.0,0.0,0.847,0.847,2.5411,0.0,0.0,0.0,0.0,3.3882,1.6941,0.0,0.847,0.0,0.847,0.153
seq173,6.8926,0.0,0.8616,6.031,0.0,0.0,0.0,3.4463,0.8616,5.1695,0.0,0.0,0.0,1.7232,3.4463,0.0,1.7232,0.0,1.7232,0.8616,0.1384
seq174,0.0,0.0,0.8916,9.808,0.0,0.0,0.0,2.6749,0.8916,2.6749,0.0,1.7833,0.0,3.5665,3.5665,2.6749,2.6749,0.0,1.7833,0.8916,0.1084
seq175,0.0,0.0,0.0,0.0,4.5212,2.7127,3.617,1.8085,0.0,0.9042,0.0,0.9042,0.0,0.9042,0.9042,0.9042,0.0,3.617,0.0,0.0,0.0958
seq176,2.6803,0.0,0.8934,6.254,0.8934,0.0,0.0,1.7869,3.5737,4.4671,0.0,0.8934,0.0,6.254,0.0,0.8934,0.8934,0.0,4.4671,0.8934,0.1066
seq177,1.7593,0.0,0.8797,1.7593,0.8797,2.639,3.5187,1.7593,0.8797,1.7593,0.0,0.0,2.639,0.0,3.5187,3.5187,0.0,2.639,0.8797,2.639,0.1203
seq178,5.5388,0.0,0.0,0.9231,1.8463,5.5388,0.0,0.9231,0.0,4.6157,1.8463,0.0,0.0,1.8463,1.8463,1.8463,2.7694,0.9231,0.0,0.0,0.0769
seq179,2.7728,0.0,1.8485,0.9243,0.0,0.9243,0.0,4.6214,2.7728,0.9243,0.0,2.7728,0.0,2.7728,0.9243,3.6971,0.9243,5.5456,0.0,0.9243,0.0757
seq180,4.5231,0.0,1.8092,1.8092,0.0,0.9046,0.0,3.6184,3.6184,1.8092,0.0,1.8092,0.0,2.7138,1.8092,3.6184,0.9046,2.7138,0.0,0.0,0.0954
seq181,5.4086,0.0,1.8029,2.7043,0.0,0.0,0.0,2.7043,3.6057,1.8029,0.0,0.9014,0.0,2.7043,1.8029,3.6057,0.9014,3.6057,0.0,0.0,0.0986
seq182,0.8931,0.0,2.6793,3.5725,0.0,0.8931,0.8931,3.5725,3.5725,2.6793,0.0,2.6793,0.0,1.7862,1.7862,4.4656,0.0,0.0,1.7862,0.0,0.1069
seq183,2.7458,0.0,1.8306,0.9153,0.0,0.9153,0.0,3.6611,3.6611,1.8306,0.0,2.7458,0.0,2.7458,0.9153,3.6611,0.9153,4.5764,0.0,0.9153,0.0847
seq184,1.804,0.0,2.7059,3.6079,0.0,0.0,0.0,3.6079,2.7059,3.6079,0.0,3.6079,0.902,0.902,1.804,4.5099,0.0,0.902,0.902,0.0,0.098
seq185,2.7326,0.0,1.8217,1.8217,0.0,0.9109,0.0,4.5543,3.6434,1.8217,0.0,1.8217,0.0,1.8217,1.8217,4.5543,0.9109,3.6434,0.0,0.0,0.0891
seq186,7.2062,0.0,1.8015,2.7023,0.0,0.0,0.0,2.7023,3.6031,1.8015,0.0,0.9008,0.0,2.7023,1.8015,1.8015,1.8015,2.7023,0.0,0.0,0.0992
seq187,1.7026,1.7026,0.0,0.0,1.7026,0.8513,0.0,0.8513,2.5539,0.8513,0.8513,0.0,0.8513,0.8513,4.2565,0.8513,0.8513,0.8513,1.7026,0.0,0.1487
seq188,8.2919,0.0,0.9213,0.9213,2.764,2.764,1.8427,0.9213,0.0,6.4493,0.0,0.0,2.764,0.9213,2.764,1.8427,1.8427,4.6066,0.0,1.8427,0.0787
seq189,3.7429,1.8714,0.0,0.0,1.8714,0.9357,0.0,1.8714,3.7429,2.8072,0.0,0.0,1.8714,0.0,0.0,0.0,0.9357,2.8072,0.0,0.0,0.0643
seq190,0.0,0.0,0.0,0.0,2.7338,3.6451,0.9113,0.0,0.0,0.0,0.0,0.0,0.0,0.0,1.8226,0.0,0.9113,0.9113,0.0,2.7338,0.0887
seq191,1.7774,0.0,0.0,0.8887,2.6661,4.4435,0.8887,1.7774,3.5548,0.8887,0.8887,0.0,0.0,0.0,0.0,1.7774,0.0,0.8887,0.0,0.0,0.1113
seq192,3.533,0.0,0.0,0.0,0.8832,0.8832,0.8832,0.8832,0.0,2.6497,0.0,0.8832,0.0,0.0,1.7665,0.8832,1.7665,0.0,0.8832,0.8832,0.1168
seq193,0.0,0.0,0.0,2.661,0.887,0.0,1.774,0.887,0.887,0.887,0.0,0.0,0.887,0.0,0.887,0.0,0.887,1.774,0.0,0.887,0.113
seq194,0.0,0.0,0.0,0.0,0.0,0.0,0.7968,0.0,3.1872,0.0,0.0,0.0,0.0,0.0,6.3743,0.0,0.0,0.0,3.9839,0.0,0.2032
seq195,0.0,0.0,0.0,0.0,0.0,0.0,0.0,0.0,4.9744,0.0,0.0,0.0,0.0,0.0,6.6325,0.0,0.0,0.0,3.3162,0.0,0.1709
seq196,0.8837,0.0,0.0,0.8837,1.7674,0.0,0.0,0.8837,0.8837,0.8837,0.0,0.0,0.0,0.8837,0.8837,1.7674,2.6511,0.0,0.0,0.8837,0.1163
seq197,0.0,0.0,0.0,0.0,0.0,0.0,0.0,0.0,5.1557,3.4371,0.0,0.0,0.0,0.0,6.8743,0.0,0.0,0.0,0.0,0.0,0.1407
seq198,0.0,0.0,0.0,0.0,0.0,1.6512,0.0,0.0,3.3024,1.6512,0.0,0.0,0.0,0.0,6.6048,0.0,1.6512,0.0,0.0,0.0,0.1744
seq199,0.0,0.0,0.0,0.0,0.0,0.0,0.0,0.0,3.1762,1.5881,0.0,0.0,0.0,0.0,6.3523,0.0,0.0,0.0,3.1762,0.0,0.20600000000000002
seq200,9.1212,0.9121,2.7364,0.0,0.9121,0.0,0.9121,0.9121,0.9121,6.3849,0.0,0.9121,0.0,0.9121,4.5606,2.7364,3.6485,0.9121,0.9121,0.0,0.0879
seq201,0.0,5.3904,0.0,0.0,2.6952,0.8984,0.0,1.7968,0.0,0.8984,0.0,0.8984,0.8984,0.8984,6.2888,0.0,4.492,0.8984,0.0,1.7968,0.1016
seq202,0.0,0.0,0.0,0.0,0.0,0.0,0.0,0.0,3.3216,0.0,0.0,0.0,0.0,0.0,8.304,0.0,0.0,0.0,3.3216,0.0,0.1696
seq203,0.0,0.0,0.0,0.0,0.0,0.8478,0.0,0.0,3.3911,0.0,0.0,0.0,0.0,0.0,6.7823,0.0,1.6956,0.0,0.8478,0.0,0.1522
seq204,0.0,0.0,0.0,0.0,0.0,1.6311,0.0,0.0,3.2621,0.0,0.0,0.0,0.0,0.0,6.5242,0.0,0.0,0.0,1.6311,0.0,0.1845
seq205,0.0,0.0,0.0,0.0,0.0,0.0,0.0,0.0,3.2481,0.0,0.0,0.0,0.0,0.0,6.4963,0.0,0.0,0.0,3.2481,0.0,0.188
seq206,0.0,0.0,0.0,0.0,0.0,0.0,0.0,0.0,2.3552,0.0,0.0,0.0,0.0,0.0,7.0655,0.0,0.0,0.0,4.7103,0.0,0.2149
seq207,5.3908,0.0,0.0,3.5938,0.8985,0.8985,1.7969,0.8985,0.0,8.0861,0.0,0.0,0.0,3.5938,2.6954,0.8985,0.8985,1.7969,0.0,0.8985,0.1015
seq208,0.8858,0.0,0.8858,0.0,0.8858,0.0,0.0,0.0,1.7717,0.0,0.0,0.0,1.7717,0.0,0.8858,0.0,2.6575,1.7717,1.7717,0.0,0.1142
seq209,0.0,0.0,0.0,0.0,4.4403,2.6642,0.0,1.7761,4.4403,0.8881,0.0,0.8881,0.0,0.8881,0.0,0.8881,0.0,3.5522,0.0,0.0,0.1119
seq210,2.6368,5.2737,0.0,0.8789,0.8789,1.7579,0.8789,1.7579,0.0,3.5158,0.0,0.0,1.7579,0.0,7.9105,0.0,0.0,1.7579,0.0,0.0,0.1211
seq211,4.5392,0.9078,1.8157,1.8157,0.9078,0.0,1.8157,0.9078,0.9078,3.6314,0.9078,1.8157,0.0,1.8157,1.8157,1.8157,1.8157,0.9078,1.8157,0.9078,0.0922
seq212,0.0,0.0,0.0,0.0,0.0,0.0,0.0,0.8473,0.8473,0.8473,0.0,0.0,2.5418,0.0,1.6946,0.0,0.0,0.0,4.2364,0.0,0.1527
seq213,6.3371,0.0,0.0,0.0,0.0,2.7159,0.0,1.8106,3.6212,1.8106,0.9053,0.0,0.0,0.0,0.0,0.9053,0.0,0.9053,0.0,0.0,0.0947
seq214,1.8156,0.0,0.0,0.0,0.9078,4.539,0.0,1.8156,5.4469,3.6312,0.0,0.0,0.0,0.0,0.0,0.0,1.8156,1.8156,0.0,0.0,0.0922
seq215,5.4756,0.0,0.0,0.0,0.0,0.0,0.0,0.0,5.4756,5.4756,0.0,0.0,0.0,0.0,0.0,5.4756,0.0,0.0,0.0,0.0,0.0874
seq216,0.0,0.0,0.0,0.0,0.0,0.0,0.0,0.0,7.1226,5.3419,0.0,0.0,0.0,0.0,0.0,0.0,0.0,0.0,0.0,0.0,0.1097
seq217,1.8624,1.8624,0.9312,0.9312,0.0,0.0,1.8624,0.9312,0.0,0.0,0.9312,0.0,0.0,2.7936,1.8624,1.8624,0.9312,0.9312,0.0,0.0,0.0688
seq218,1.857,1.857,0.9285,0.0,0.0,0.0,1.857,0.9285,0.0,0.0,0.9285,0.0,0.0,1.857,1.857,1.857,0.9285,0.9285,0.0,0.0,0.0715
seq219,2.8247,3.7662,0.9416,0.0,0.0,0.0,0.0,0.0,1.8831,0.9416,0.9416,0.0,9.4155,0.9416,0.9416,2.8247,0.9416,0.0,0.9416,0.0,0.0584
seq220,5.8305,0.0,0.0,0.0,0.0,0.0,0.0,0.0,1.9435,5.8305,0.0,0.0,1.9435,0.0,1.9435,0.0,0.0,1.9435,0.0,0.0,0.0283
seq221,2.9011,0.0,0.0,0.0,0.0,0.0,0.0,0.0,1.9341,3.8682,0.0,0.0,0.967,0.0,1.9341,0.0,0.0,0.967,0.0,0.0,0.033
seq222,2.898,0.0,0.0,0.0,0.0,0.0,0.0,0.0,1.932,4.8299,0.0,0.0,1.932,0.0,1.932,0.0,0.0,0.966,0.0,0.0,0.034
seq223,2.9245,0.0,0.0,0.0,0.0,0.0,0.0,0.0,1.9497,3.8993,0.0,0.0,1.9497,0.0,1.9497,0.0,0.0,0.9748,0.0,0.0,0.0252
seq224,1.927,0.0,0.0,0.0,0.0,0.0,0.0,0.0,1.927,3.854,0.0,0.0,0.9635,0.0,1.927,0.0,0.0,0.9635,0.0,0.0,0.0365
seq225,3.8632,0.0,0.0,0.0,0.0,0.0,0.0,0.0,1.9316,5.7949,0.0,0.0,0.0,0.0,1.9316,0.0,0.0,1.9316,0.0,0.0,0.0342
seq226,0.0,0.0,0.0,2.7017,1.8011,4.5028,0.0,2.7017,7.2045,3.6023,0.0,0.9006,1.8011,3.6023,0.9006,0.0,0.0,0.9006,0.0,0.0,0.0994
seq227,2.8786,0.0,0.0,0.0,0.0,0.0,0.0,0.0,1.9191,4.7977,0.0,0.0,0.0,0.0,0.9595,0.0,0.0,0.9595,0.0,0.0,0.0405
seq228,8.8295,0.0,0.0,0.0,0.0,0.0,0.0,0.0,1.9621,0.0,0.0,0.0,0.0,0.0,1.9621,0.0,0.0,0.0,0.0,0.0,0.0189
seq229,0.0,0.0,0.0,0.0,0.0,4.5983,3.6786,0.0,0.0,0.0,0.0,0.0,0.0,0.9197,0.0,0.9197,0.0,1.8393,0.0,0.0,0.0803
seq230,4.3854,0.0,0.0,1.7542,0.8771,3.5083,0.0,3.5083,6.1396,1.7542,0.8771,1.7542,0.8771,0.0,1.7542,0.0,0.0,2.6313,0.8771,0.0,0.1229
seq231,2.7296,0.0,3.6394,3.6394,0.0,2.7296,0.0,1.8197,1.8197,6.369,0.0,1.8197,1.8197,0.0,0.9099,2.7296,0.9099,0.9099,0.0,0.0,0.0901
seq232,2.6935,0.0,2.6935,3.5914,0.0,1.7957,0.0,1.7957,2.6935,6.2849,0.8978,1.7957,0.0,0.8978,1.7957,2.6935,0.8978,0.8978,0.0,0.0,0.1022
seq233,2.6926,0.0,2.6926,2.6926,0.0,2.6926,0.8975,2.6926,1.7951,7.1802,0.0,1.7951,1.7951,0.0,1.7951,0.8975,0.8975,0.8975,0.0,0.0,0.1025
seq234,0.8723,0.0,0.0,0.0,1.7446,0.0,0.0,1.7446,2.6169,3.4892,0.0,0.0,0.0,0.0,1.7446,1.7446,0.0,0.8723,0.0,0.0,0.1277
seq235,0.0,1.7421,0.0,0.871,1.7421,0.871,0.0,0.0,3.4841,0.871,0.871,0.0,1.7421,0.871,1.7421,0.0,0.871,1.7421,0.871,2.6131,0.129
seq236,0.0,7.238,0.0,0.0,1.8095,3.619,0.0,1.8095,0.9048,0.0,0.0,0.0,0.9048,0.0,1.8095,0.0,0.9048,0.9048,0.0,0.0,0.0952
seq237,0.9175,0.0,0.0,0.0,2.7524,3.6698,2.7524,3.6698,1.8349,1.8349,0.9175,0.0,0.0,0.0,0.0,0.0,0.0,0.9175,0.0,0.0,0.0825
seq238,0.0,2.6152,0.8717,0.8717,0.0,0.0,0.0,0.8717,0.0,6.102,0.0,0.0,0.0,0.0,3.4869,1.7434,0.0,2.6152,1.7434,0.8717,0.1283
seq239,0.0,2.8007,0.0,0.0,1.8671,1.8671,0.0,0.9336,0.0,2.8007,1.8671,0.9336,0.0,1.8671,2.8007,0.0,1.8671,2.8007,0.0,0.9336,0.0664
seq240,0.8894,0.8894,0.8894,0.0,0.0,0.0,3.5578,0.8894,0.0,4.4472,0.8894,0.0,3.5578,0.0,2.6683,0.8894,0.8894,2.6683,1.7789,0.0,0.1106
seq241,2.7852,0.0,1.8568,1.8568,0.9284,0.9284,0.9284,2.7852,2.7852,2.7852,0.0,3.7136,0.0,1.8568,0.9284,4.6421,1.8568,1.8568,0.0,0.0,0.0716
seq242,0.94,0.0,0.0,0.0,1.8799,2.8199,0.0,0.0,2.8199,2.8199,0.0,0.0,0.0,0.0,2.8199,0.94,0.0,0.94,0.0,0.0,0.06
seq243,0.9419,0.9419,0.0,0.0,0.0,1.8837,0.0,1.8837,0.9419,0.9419,0.0,0.0,0.0,0.0,0.0,3.7675,1.8837,1.8837,0.0,0.9419,0.0581
seq244,0.9258,0.9258,2.7775,0.9258,0.9258,0.9258,0.0,0.9258,0.9258,0.9258,0.9258,0.9258,0.9258,0.0,0.0,0.0,3.7034,0.9258,0.0,0.9258,0.0742
seq245,2.7574,0.9191,0.0,0.9191,0.9191,1.8383,0.0,0.9191,0.0,1.8383,0.0,0.9191,0.0,2.7574,0.9191,1.8383,0.9191,0.0,0.0,0.9191,0.0809
seq246,1.878,0.939,2.817,0.0,0.0,0.0,0.939,0.939,0.0,0.939,0.0,0.939,0.939,1.878,0.0,0.939,2.817,1.878,0.0,0.939,0.061
seq247,0.0,0.0,0.0,0.0,4.6561,1.8624,0.0,0.9312,0.0,0.0,0.0,1.8624,0.0,0.9312,0.9312,1.8624,1.8624,1.8624,0.9312,0.0,0.0688
seq248,0.0,0.0,1.8046,0.9023,1.8046,2.7069,0.0,0.0,0.9023,0.0,0.0,0.0,0.0,0.9023,0.0,1.8046,0.9023,0.9023,0.9023,3.6091,0.0977
seq249,1.8741,0.0,0.0,0.0,1.8741,1.8741,2.8111,0.0,0.0,1.8741,0.937,0.0,1.8741,0.937,0.0,0.937,0.937,2.8111,0.937,0.937,0.063
seq250,2.8342,0.0,0.0,1.8895,0.9447,1.8895,0.0,3.779,1.8895,1.8895,0.0,4.7237,0.0,5.6685,0.0,2.8342,4.7237,1.8895,0.0,0.9447,0.0553
seq251,1.8815,1.8815,0.0,0.9407,0.0,0.9407,0.0,0.9407,0.9407,0.9407,0.9407,0.9407,1.8815,0.0,0.0,0.0,1.8815,1.8815,0.0,2.8222,0.0593
seq252,1.8299,0.0,0.0,0.915,0.0,0.0,0.0,1.8299,4.5748,2.7449,0.0,0.0,0.0,0.0,0.0,0.915,0.0,0.0,0.0,0.915,0.085
seq253,1.8114,0.9057,0.9057,0.0,0.0,0.9057,0.0,0.0,1.8114,3.6227,0.0,0.9057,0.0,0.9057,0.9057,0.0,0.0,0.0,0.0,0.9057,0.0943
seq254,1.7365,0.0,0.0,0.0,2.6048,1.7365,0.8683,1.7365,6.0778,1.7365,0.0,0.0,0.0,0.0,0.0,0.0,0.0,0.0,0.8683,0.0,0.1317
seq255,6.6747,0.0,0.0,0.0,0.0,0.0,0.0,0.0,2.8606,4.7677,0.0,0.0,0.9535,0.0,1.9071,0.0,0.0,1.9071,0.0,0.0,0.0465
seq256,6.6747,0.0,0.0,0.0,0.0,0.0,0.0,0.0,2.8606,4.7677,0.0,0.0,0.9535,0.0,1.9071,0.0,0.0,1.9071,0.0,0.0,0.0465
seq257,4.8511,0.0,0.0,0.0,0.0,0.0,0.0,0.0,1.9405,5.8214,0.0,0.0,1.9405,0.0,1.9405,0.0,0.0,1.9405,0.0,0.0,0.0298
seq258,2.9045,0.0,0.0,0.0,0.0,0.0,0.0,0.0,1.9364,5.8091,0.0,0.0,1.9364,0.0,1.9364,0.0,0.0,0.9682,0.0,0.0,0.0318
seq259,8.3868,7.4549,3.7275,5.5912,1.8637,5.5912,1.8637,2.7956,3.7275,8.3868,5.5912,6.5231,2.7956,2.7956,2.7956,9.3187,0.9319,8.3868,0.0,4.6593,0.0681
seq260,0.8877,5.3261,0.0,0.8877,0.8877,3.5508,2.6631,0.8877,0.0,0.8877,0.0,0.0,0.8877,0.8877,5.3261,0.0,0.0,0.8877,0.0,2.6631,0.1123
seq261,1.9018,1.9018,0.9509,0.0,0.0,0.0,0.9509,0.9509,0.0,2.8527,0.0,0.9509,0.0,0.0,0.0,0.0,0.9509,0.9509,0.0,0.0,0.0491
seq262,0.9373,1.8746,0.9373,0.9373,0.9373,0.0,1.8746,0.9373,0.0,2.8119,0.0,1.8746,0.9373,0.0,0.9373,1.8746,2.8119,0.9373,0.9373,1.8746,0.0627
seq263,1.8461,1.8461,1.8461,0.0,0.0,0.0,0.923,0.923,0.0,2.7691,0.0,0.923,0.0,0.0,0.923,0.0,1.8461,0.923,0.0,0.0,0.077
seq264,1.7249,6.8997,0.0,0.0,0.0,2.5874,0.8625,0.0,1.7249,1.7249,0.0,0.0,0.0,0.0,6.0373,2.5874,0.0,1.7249,0.0,3.4499,0.1375
seq265,3.576,5.3641,0.0,0.894,0.894,2.682,0.0,2.682,0.0,0.894,0.0,0.0,0.894,0.894,3.576,0.0,0.894,0.0,0.894,2.682,0.106
seq266,8.2799,0.0,0.0,0.0,0.0,0.92,0.0,0.0,4.5999,5.5199,0.0,1.84,0.0,0.0,0.0,0.0,0.92,2.76,0.92,0.0,0.08
seq267,2.6153,5.2307,0.0,1.7436,0.0,2.6153,0.0,0.8718,0.0,2.6153,0.0,0.0,0.0,0.0,6.1025,2.6153,2.6153,0.8718,0.0,1.7436,0.1282
seq268,0.0,0.0,0.0,0.0,0.0,0.0,0.0,0.928,2.7841,0.928,0.0,0.0,3.7121,0.928,0.0,0.928,0.0,0.928,0.0,0.0,0.07200000000000001
seq269,1.8045,0.9022,1.8045,2.7067,0.0,0.9022,0.0,3.609,6.3157,2.7067,0.0,3.609,0.0,0.9022,0.0,1.8045,1.8045,1.8045,0.0,0.9022,0.0978
seq270,2.6404,0.0,0.0,1.7603,0.8801,2.6404,0.0,0.8801,0.8801,1.7603,0.0,0.8801,0.8801,0.0,0.8801,0.0,1.7603,0.0,1.7603,0.0,0.1199
seq271,1.7223,0.8611,1.7223,0.0,0.8611,0.0,0.0,0.8611,0.8611,1.7223,0.0,0.0,0.0,0.0,0.8611,0.0,2.5834,0.8611,2.5834,0.0,0.1389
seq272,0.9288,0.0,3.7152,0.9288,0.0,0.0,0.0,3.7152,3.7152,2.7864,0.9288,1.8576,2.7864,4.644,0.0,6.5016,1.8576,2.7864,0.0,1.8576,0.0712
seq273,9.1896,0.0,0.919,0.0,2.7569,1.8379,0.919,0.919,0.919,2.7569,0.919,4.5948,1.8379,1.8379,2.7569,1.8379,1.8379,0.919,0.0,0.0,0.081
seq274,3.5852,0.8963,0.8963,1.7926,0.0,2.6889,0.8963,2.6889,1.7926,7.1704,0.0,1.7926,0.0,5.3778,2.6889,0.0,0.8963,1.7926,0.8963,0.8963,0.1037
seq275,0.0,5.5985,0.9331,0.9331,2.7993,7.4647,0.0,0.9331,0.0,0.9331,0.0,1.8662,0.9331,0.0,0.0,0.9331,4.6654,0.0,0.0,2.7993,0.0669
seq276,0.0,5.3113,0.0,0.0,0.0,1.7704,0.0,0.8852,0.0,0.8852,0.0,0.0,0.0,0.0,5.3113,0.0,0.0,1.7704,0.0,0.0,0.1148
seq277,6.1917,0.0,0.8845,7.0762,0.8845,0.0,0.0,0.8845,5.3072,3.5381,0.8845,0.8845,0.0,0.0,0.8845,0.8845,0.0,0.0,4.4227,0.0,0.1155
seq278,0.8904,0.0,0.0,0.0,0.0,0.0,0.0,2.6713,0.8904,1.7809,0.8904,0.8904,0.0,0.0,0.8904,0.0,0.0,0.0,0.0,1.7809,0.1096
seq279,0.8947,0.0,0.0,0.0,0.0,0.0,0.0,1.7894,0.8947,1.7894,0.8947,0.8947,0.0,0.8947,0.8947,0.0,0.0,0.0,0.0,1.7894,0.1053
seq280,0.9379,0.0,0.0,0.0,0.0,0.0,0.0,2.8138,0.9379,1.8759,0.9379,0.9379,0.0,0.9379,0.0,0.0,0.0,0.0,0.0,1.8759,0.0621
seq281,1.8772,0.0,0.0,0.9386,0.9386,2.8158,1.8772,1.8772,1.8772,3.7544,0.0,0.0,1.8772,0.0,0.0,0.9386,0.0,4.6929,0.0,0.0,0.0614
seq282,0.0,0.0,0.879,0.879,0.0,1.758,0.879,0.879,1.758,0.879,0.0,0.0,0.0,0.879,0.879,0.879,0.0,0.879,1.758,0.0,0.121
seq283,0.0,0.0,0.0,0.0,2.8295,0.0,0.0,0.9432,0.9432,3.7727,0.0,0.0,0.9432,0.0,0.0,1.8863,0.9432,0.9432,0.0,0.0,0.0568
seq284,0.8825,0.0,0.8825,0.8825,0.8825,0.8825,0.0,2.6475,1.765,0.8825,0.0,0.0,0.0,0.0,0.0,0.8825,0.0,0.0,0.8825,0.0,0.1175
seq285,0.8716,0.0,0.8716,0.8716,0.8716,0.8716,0.0,2.6148,1.7432,0.8716,0.0,0.0,0.0,0.0,0.0,0.8716,0.0,0.0,0.8716,0.0,0.1284
seq286,0.8787,0.0,1.7574,0.0,0.0,0.0,0.8787,0.8787,3.5149,6.151,0.8787,0.0,0.0,0.8787,2.6362,0.0,0.8787,2.6362,0.0,0.0,0.1213
seq287,0.905,0.0,1.81,3.62,0.0,0.905,0.905,1.81,3.62,2.715,0.0,2.715,0.0,1.81,1.81,5.43,1.81,0.0,1.81,0.0,0.095
seq288,5.2107,0.0,0.0,0.0,0.0,4.3423,0.0,5.2107,5.2107,0.0,0.0,0.0,0.0,0.0,0.8685,0.0,0.0,0.0,0.0,0.0,0.1315
seq289,0.0,2.6556,0.0,0.8852,2.6556,4.4259,0.8852,1.7704,0.0,1.7704,0.8852,0.0,0.0,0.0,2.6556,0.0,0.0,3.5407,0.0,0.0,0.1148
seq290,0.0,3.5749,0.0,0.8937,0.0,0.8937,0.0,0.0,0.8937,7.1499,0.8937,0.0,0.8937,0.0,2.6812,0.8937,0.8937,2.6812,0.0,0.0,0.1063
seq291,2.8408,0.0,0.0,0.0,0.0,0.0,0.9469,0.0,0.0,0.0,0.0,0.9469,0.9469,0.0,0.0,0.9469,0.9469,1.8939,0.0,0.9469,0.0531
seq292,0.0,1.68,0.0,0.0,0.0,0.0,0.0,0.0,1.68,3.36,0.0,0.0,0.0,0.0,3.36,0.0,0.0,0.0,0.0,0.0,0.16
seq293,0.0,0.9026,0.9026,0.0,0.0,0.0,0.9026,0.0,0.9026,1.8052,0.0,0.0,0.9026,0.0,0.9026,2.7078,0.0,0.9026,0.0,0.0,0.0974
seq294,0.8752,0.0,0.0,0.0,0.0,1.7503,0.8752,0.0,0.8752,1.7503,1.7503,0.0,0.0,0.0,1.7503,0.8752,0.0,0.0,0.0,0.0,0.1248
seq295,0.0,0.0,0.0,0.0,0.0,0.8885,0.0,0.8885,3.554,0.0,0.0,0.8885,0.8885,0.0,2.6655,0.0,0.0,0.0,0.0,0.8885,0.1115
seq296,0.8373,0.0,0.0,0.0,0.0,0.0,0.8373,1.6746,0.0,0.8373,2.5119,0.0,0.0,0.0,2.5119,0.0,0.8373,0.0,0.0,0.0,0.1627
seq297,0.8561,0.0,0.0,0.0,0.0,0.0,0.8561,0.8561,0.0,0.8561,2.5683,0.0,0.0,0.8561,2.5683,0.0,0.8561,0.0,0.0,0.0,0.1439
seq298,0.8488,0.0,0.0,0.0,0.0,0.0,0.8488,1.6976,0.0,0.0,2.5464,0.0,0.0,0.8488,2.5464,0.0,0.8488,0.0,0.0,0.0,0.1512
seq299,0.8412,0.0,0.0,0.0,0.0,0.0,0.0,1.6825,0.0,0.8412,2.5237,0.0,0.0,0.8412,2.5237,0.0,0.8412,0.0,0.0,0.0,0.1588
seq300,0.848,0.0,0.0,0.0,0.0,0.0,0.848,1.696,0.0,0.848,1.696,0.0,0.0,0.848,2.5441,0.0,0.848,0.0,0.0,0.0,0.152
seq301,0.8809,0.0,0.0,0.0,0.0,0.0,0.8809,1.7618,0.0,0.8809,2.6427,0.0,0.0,0.8809,1.7618,0.0,0.8809,0.0,0.0,0.0,0.1191
seq302,0.8532,0.0,0.0,0.0,0.0,0.0,0.8532,1.7064,0.0,0.8532,2.5596,0.0,0.0,0.8532,2.5596,0.0,0.0,0.0,0.0,0.0,0.1468
seq303,0.8516,0.0,0.0,0.0,0.0,0.0,0.8516,1.7032,0.0,0.8516,1.7032,0.0,0.0,0.8516,2.5548,0.0,0.8516,0.0,0.0,0.0,0.1484
seq304,0.8619,0.0,0.0,0.0,0.0,0.0,0.8619,0.8619,0.0,0.8619,2.5858,0.0,0.0,0.8619,2.5858,0.0,0.8619,0.0,0.0,0.0,0.1381
seq305,1.8398,0.0,0.0,0.0,2.7597,0.0,0.0,0.9199,0.0,0.9199,0.0,0.0,0.0,0.0,0.9199,0.0,0.0,1.8398,0.9199,0.9199,0.0801
seq306,0.9511,0.0,0.0,0.0,0.9511,0.0,0.9511,0.0,0.0,0.0,0.0,0.0,3.8044,0.0,0.9511,0.0,2.8533,0.9511,0.0,0.0,0.0489
seq307,1.7936,0.0,0.0,0.0,0.8968,0.8968,0.0,0.0,0.8968,0.0,0.0,0.0,0.8968,0.0,0.0,1.7936,0.8968,1.7936,0.8968,0.0,0.1032
seq308,0.0,0.0,0.0,0.0,0.9431,0.0,0.0,0.9431,0.9431,0.9431,0.0,0.0,2.8293,0.0,0.0,2.8293,0.9431,0.0,0.9431,0.0,0.0569
seq309,0.9409,0.9409,0.9409,0.0,0.0,0.0,1.8818,0.9409,0.0,0.0,0.0,0.9409,0.0,0.0,0.9409,0.0,2.8227,0.0,0.9409,0.0,0.0591
seq310,0.8926,1.7853,0.0,0.0,0.8926,2.6779,0.0,0.0,0.8926,0.0,0.0,0.8926,0.8926,0.0,0.0,0.0,0.8926,0.0,1.7853,0.0,0.1074
seq311,0.8917,1.7834,0.0,0.8917,0.8917,2.6751,0.0,0.0,1.7834,0.0,0.0,0.0,0.8917,0.0,0.0,0.0,0.0,0.0,0.8917,0.8917,0.1083
seq312,0.8944,1.7889,0.0,0.0,0.8944,2.6833,0.0,0.0,0.8944,0.0,0.0,0.8944,0.8944,0.8944,0.0,0.0,0.0,0.0,1.7889,0.0,0.1056
seq313,0.8902,0.0,0.0,0.0,1.7804,0.8902,0.0,2.6706,1.7804,0.8902,0.0,0.0,0.0,0.0,0.0,1.7804,0.0,0.0,0.8902,0.0,0.1098
seq314,1.7563,0.0,0.0,0.0,0.8781,0.8781,0.0,0.0,0.0,1.7563,0.0,0.0,0.8781,0.0,1.7563,0.8781,0.8781,0.8781,0.8781,0.8781,0.1219
seq315,0.0,0.0,0.8595,0.0,0.0,2.5786,0.0,0.8595,0.0,0.0,0.0,0.8595,0.8595,0.8595,3.4381,0.8595,0.0,0.8595,0.0,0.0,0.1405
seq316,0.0,0.0,0.8644,0.0,0.0,2.5931,0.0,0.0,0.0,0.0,0.0,1.7287,0.8644,0.8644,3.4574,0.0,0.0,1.7287,0.0,0.0,0.1356
seq317,1.8361,0.9181,0.9181,0.9181,0.0,0.9181,0.0,0.0,0.0,0.9181,0.0,0.9181,0.0,0.0,0.9181,1.8361,0.9181,1.8361,0.0,0.9181,0.0819
seq318,0.0,0.0,0.0,0.9221,1.8442,1.8442,0.9221,2.7662,0.0,0.9221,0.0,0.9221,0.0,0.9221,0.9221,0.0,0.9221,0.9221,0.0,0.0,0.0779
seq319,0.9628,0.0,0.0,0.0,0.0,0.0,0.0,0.9628,0.0,1.9256,0.0,0.9628,0.0,1.9256,0.0,4.8141,1.9256,0.9628,0.0,0.0,0.0372
seq320,0.0,0.0,0.0,0.0,1.8374,2.7561,0.0,0.0,0.9187,2.7561,0.0,0.0,0.0,0.9187,1.8374,0.0,1.8374,0.9187,0.0,0.0,0.0813
seq321,2.5788,0.0,0.0,0.0,0.0,1.7192,0.0,0.0,0.8596,0.0,0.0,0.0,0.8596,0.0,1.7192,0.8596,0.0,1.7192,1.7192,0.8596,0.1404
seq322,1.8185,0.0,0.0,0.0,0.0,0.0,1.8185,0.0,0.0,0.0,0.0,0.0,0.9093,0.0,1.8185,2.7278,0.9093,2.7278,0.9093,0.0,0.0907
seq323,2.5788,0.0,0.0,0.0,0.0,1.7192,0.0,0.0,0.8596,0.0,0.0,0.0,0.8596,0.0,1.7192,0.8596,0.0,1.7192,1.7192,0.8596,0.1404
seq324,0.875,0.0,0.875,0.0,1.7499,0.875,0.0,0.0,0.0,1.7499,0.0,0.0,1.7499,1.7499,2.6249,0.0,0.0,0.0,0.875,0.0,0.125
seq325,1.8589,0.9294,0.0,2.7883,0.0,0.0,0.9294,0.0,0.9294,0.9294,0.0,0.9294,0.9294,0.0,0.0,0.9294,1.8589,0.9294,0.0,0.0,0.0706
seq326,2.693,0.0,0.8977,0.0,0.0,3.5906,0.0,0.0,0.8977,1.7953,0.8977,0.0,0.0,0.0,0.8977,0.8977,0.0,0.0,0.0,0.0,0.1023
seq327,0.0,0.0,0.0,0.0,0.0,2.7387,0.0,0.9129,0.9129,1.8258,0.0,0.0,2.7387,0.0,0.9129,2.7387,0.0,0.0,0.0,0.9129,0.0871
seq328,1.9012,0.9506,0.0,1.9012,0.0,2.8518,0.0,0.0,0.0,0.9506,0.0,0.0,1.9012,2.8518,0.0,0.0,0.0,1.9012,0.0,0.0,0.0494
seq329,0.0,0.0,0.0,0.0,0.0,2.6129,0.0,2.6129,1.7419,0.871,0.0,0.0,0.0,0.0,1.7419,1.7419,0.0,2.6129,0.0,0.0,0.129
seq330,0.0,0.8267,0.0,0.0,0.8267,0.8267,0.0,0.8267,0.0,0.0,0.0,0.8267,0.0,0.8267,4.1335,1.6534,0.8267,0.8267,0.0,0.0,0.1733
seq331,0.0,0.0,0.0,0.0,4.7769,0.0,0.0,0.9554,1.9108,0.9554,0.0,0.0,0.0,0.0,2.8661,0.0,0.0,1.9108,0.9554,0.9554,0.0446
seq332,0.0,0.0,0.0,0.0,4.6735,0.0,0.0,0.9347,1.8694,0.9347,0.0,0.0,0.0,0.0,2.8041,0.0,0.0,1.8694,0.9347,0.9347,0.0653
seq333,0.0,0.0,0.0,0.0,0.0,3.5915,0.0,2.6937,0.8979,0.8979,0.0,0.0,0.0,0.0,2.6937,1.7958,0.0,2.6937,0.0,0.0,0.1021
seq334,1.551,0.0,0.0,0.0,0.7755,0.0,0.0,1.551,3.8774,2.3264,0.0,0.0,0.0,0.0,2.3264,0.0,0.0,0.7755,0.0,0.0,0.2245
seq335,0.0,0.0,0.0,0.0,0.0,3.3819,0.0,0.8455,0.8455,0.0,0.0,0.0,0.8455,0.8455,5.0729,0.0,1.691,0.0,0.0,0.8455,0.1545
seq336,0.0,0.0,0.0,0.0,0.0,3.3447,0.0,0.8362,0.0,0.0,0.0,0.0,0.0,0.8362,5.8533,0.8362,1.6724,0.0,0.0,0.8362,0.1638
seq337,0.9386,0.0,0.0,0.0,1.8772,2.8157,0.0,1.8772,0.9386,3.7543,0.0,0.0,0.9386,0.0,0.0,1.8772,0.0,0.9386,0.0,0.0,0.0614
seq338,2.6915,0.8972,0.8972,1.7943,1.7943,0.8972,0.8972,1.7943,0.8972,0.8972,0.0,0.0,0.0,0.8972,0.0,0.0,0.0,0.0,0.0,1.7943,0.1028
seq339,0.0,0.8388,2.5163,0.8388,0.8388,0.0,0.0,1.6775,0.8388,1.6775,0.0,0.0,0.0,0.0,0.8388,1.6775,0.0,0.8388,2.5163,0.0,0.1612
seq340,2.6287,0.0,1.7525,1.7525,1.7525,0.0,0.0,0.0,3.505,1.7525,0.0,0.0,0.0,0.0,0.0,0.0,0.0,0.8762,0.8762,0.8762,0.1238
seq341,2.82,0.0,0.0,0.0,1.88,1.88,0.0,2.82,0.0,2.82,0.0,0.0,0.94,0.0,0.0,0.94,0.94,0.94,0.94,0.0,0.06
seq342,2.7382,0.0,0.0,0.0,0.9127,1.8255,0.0,1.8255,0.0,1.8255,0.0,0.0,0.9127,0.9127,0.9127,0.9127,0.9127,0.9127,1.8255,0.0,0.0873
seq343,1.788,0.0,0.0,0.0,0.0,1.788,0.0,2.6821,0.0,0.894,0.0,0.0,0.894,0.894,0.894,1.788,0.894,0.894,1.788,0.894,0.106
seq344,2.7171,0.0,0.0,0.0,0.0,1.8114,0.0,1.8114,0.0,0.9057,0.0,0.0,0.9057,0.9057,0.9057,1.8114,0.9057,0.9057,0.9057,1.8114,0.0943
seq345,1.7909,0.0,0.8955,0.0,0.0,0.8955,0.0,1.7909,0.0,0.8955,0.0,0.8955,0.8955,0.8955,0.8955,1.7909,0.8955,0.8955,0.8955,1.7909,0.1045
seq346,2.689,0.0,0.8963,0.0,0.0,0.8963,0.0,1.7927,0.0,0.8963,0.0,0.8963,0.8963,0.8963,0.8963,0.8963,0.8963,0.8963,0.8963,1.7927,0.1037
seq347,2.8008,0.0,0.0,0.0,1.8672,2.8008,0.0,0.9336,0.0,4.668,0.9336,0.9336,0.0,0.9336,0.0,0.0,0.0,0.0,0.9336,0.0,0.0664
seq348,1.8864,0.0,0.0,0.0,0.0,2.8296,0.0,0.9432,0.0,3.7728,1.8864,0.0,0.0,0.9432,0.0,0.9432,0.9432,1.8864,0.9432,0.0,0.0568
seq349,1.8425,0.0,0.0,0.0,0.9213,2.7638,0.0,0.0,0.0,4.6063,1.8425,0.9213,0.0,0.9213,0.0,1.8425,0.0,0.0,0.9213,0.0,0.0787
seq350,1.8561,0.0,0.0,0.9281,0.0,2.7842,0.0,0.0,0.0,4.6403,1.8561,0.0,0.0,0.0,0.0,0.9281,1.8561,0.9281,0.9281,0.0,0.0719
seq351,0.946,0.946,2.8381,0.946,0.0,1.8921,0.0,0.0,2.8381,0.946,0.0,0.946,0.946,0.946,0.0,0.946,0.0,0.946,0.0,0.0,0.054000000000000006
seq352,0.0,0.0,0.0,4.6931,0.0,0.9386,0.0,0.9386,0.0,3.7545,0.0,0.0,0.9386,0.9386,1.8772,1.8772,0.9386,0.0,0.0,0.0,0.0614
seq353,0.0,0.0,0.0,0.0,1.7937,0.8968,0.0,2.6905,1.7937,2.6905,0.0,1.7937,1.7937,0.0,0.8968,0.0,1.7937,0.0,0.0,0.0,0.1032
seq354,1.8851,0.0,1.8851,0.0,0.9426,0.0,1.8851,0.9426,0.0,0.0,0.0,0.9426,2.8277,0.0,0.9426,0.9426,2.8277,0.9426,0.0,0.0,0.0574
seq355,0.8725,0.8725,0.8725,0.0,0.0,3.49,0.8725,0.0,0.0,0.0,1.745,0.0,0.0,2.6175,1.745,0.8725,0.0,0.0,0.8725,1.745,0.1275
seq356,0.0,0.9323,2.7969,0.9323,0.9323,0.0,0.0,2.7969,0.0,1.8646,0.9323,0.9323,0.9323,0.0,0.0,2.7969,0.9323,0.9323,0.0,0.0,0.0677
seq357,0.0,0.9112,2.7337,0.9112,0.9112,0.0,0.0,2.7337,0.0,1.8225,0.9112,0.9112,0.9112,0.0,0.0,2.7337,0.9112,0.9112,0.0,0.0,0.0888
seq358,1.7811,0.8906,0.0,0.0,2.6717,0.0,0.0,0.8906,1.7811,0.8906,0.0,0.0,0.8906,1.7811,2.6717,0.0,1.7811,0.0,0.8906,0.8906,0.1094
seq359,0.8991,0.0,1.7982,1.7982,0.0,0.0,0.0,0.0,3.5964,3.5964,0.0,1.7982,0.0,0.0,0.0,1.7982,0.8991,1.7982,0.0,0.0,0.1009
seq360,2.7129,0.0,1.8086,1.8086,0.0,0.0,0.0,0.0,3.6171,1.8086,0.0,1.8086,0.0,0.0,0.0,1.8086,0.9043,1.8086,0.0,0.0,0.0957
seq361,3.3756,0.0,0.0,0.0,0.8439,0.0,0.0,0.0,10.1269,0.0,0.0,0.0,0.0,0.0,0.0,0.0,0.0,3.3756,0.0,0.0,0.1561
seq362,0.9327,0.0,0.0,0.0,0.9327,0.0,0.9327,0.0,0.0,1.8653,0.9327,1.8653,3.7306,1.8653,0.9327,1.8653,2.798,0.0,0.9327,0.0,0.0673
seq363,0.0,0.0,0.9046,0.0,0.0,0.9046,0.9046,2.7137,2.7137,4.5229,0.0,0.9046,0.0,0.9046,0.9046,0.9046,0.0,1.8091,0.0,0.9046,0.0954
seq364,0.0,0.0,0.8624,0.8624,0.0,1.7247,0.0,1.7247,1.7247,1.7247,0.0,0.8624,0.8624,2.5871,0.8624,0.0,0.0,0.8624,2.5871,0.8624,0.1376
seq365,9.7271,0.0,0.0,0.0,0.0,0.0,0.0,0.0,7.9585,0.0,0.0,0.0,0.0,0.0,0.0,0.0,0.0,0.0,0.8843,0.0,0.1157
seq366,8.1135,0.0,0.0,0.0,0.0,0.0,0.0,0.0,10.818,0.0,0.0,0.0,0.0,0.0,0.0,0.0,0.0,0.0,0.0,0.0,0.0985
seq367,6.5658,0.0,0.0,0.0,0.0,0.0,0.0,0.0,0.0,0.0,0.0,0.0,0.0,0.0,9.8487,0.0,0.0,0.0,0.8207,0.0,0.1793
seq368,4.328,0.0,0.0,0.0,0.0,0.0,0.0,0.0,3.4624,0.0,0.0,0.0,0.0,0.0,10.3871,0.0,0.0,0.0,0.0,0.0,0.1344
seq369,1.744,0.0,0.872,2.616,0.872,0.872,0.0,0.872,2.616,2.616,0.0,0.0,0.0,0.0,1.744,1.744,0.0,0.872,0.872,0.872,0.128
seq370,5.177,0.0,0.0,0.0,6.9027,0.0,0.0,0.0,7.7655,0.0,0.0,0.0,0.0,0.0,0.0,0.0,0.0,0.0,0.0,0.0,0.1372
seq371,1.6981,0.0,0.0,0.0,6.7925,0.0,0.0,0.8491,4.2453,1.6981,0.0,0.0,0.0,0.0,3.3963,0.0,0.0,0.8491,0.0,0.0,0.1509
seq372,5.3648,0.0,0.0,0.0,0.8941,0.0,0.0,0.0,8.0472,6.259,0.0,0.0,0.0,0.0,0.0,0.0,0.0,0.0,0.0,0.0,0.1059
seq373,5.315,0.0,0.0,0.0,0.8858,0.0,0.0,6.2009,7.9726,0.0,0.0,0.0,0.0,0.0,0.0,0.0,0.0,0.0,0.0,0.0,0.1142
seq374,0.9297,0.9297,0.9297,2.7891,0.0,0.9297,0.0,0.9297,0.9297,5.5782,0.0,0.0,0.0,0.9297,1.8594,1.8594,1.8594,0.9297,0.0,0.0,0.0703
seq375,0.0,0.8463,0.8463,0.0,0.8463,0.8463,0.0,0.0,0.8463,5.9242,0.0,0.0,0.8463,0.0,4.2315,0.0,1.6926,0.8463,0.8463,0.8463,0.1537
seq376,3.7231,0.0,0.0,0.0,1.8616,3.7231,0.0,2.7924,0.0,4.6539,0.9308,0.9308,0.0,0.9308,0.0,0.9308,0.0,0.9308,0.9308,0.0,0.0692
seq377,0.9091,0.0,0.9091,1.8183,0.0,0.0,0.0,0.9091,2.7274,3.6365,0.0,4.5457,0.0,0.0,0.9091,2.7274,0.9091,1.8183,0.0,0.0,0.0909
seq378,1.8094,0.0,0.9047,2.7141,0.0,0.9047,0.9047,2.7141,0.9047,2.7141,0.0,0.9047,0.0,0.0,0.9047,1.8094,2.7141,1.8094,0.0,0.0,0.0953
seq379,2.2745,0.0,0.0,0.0,6.0652,0.0,0.0,0.7582,4.5489,0.7582,0.0,0.0,0.0,0.0,4.5489,0.0,0.0,0.0,0.0,0.0,0.2418
seq380,0.0,2.7747,0.0,0.0,0.9249,0.9249,0.9249,0.0,0.0,0.9249,0.9249,0.9249,4.6246,0.0,2.7747,2.7747,2.7747,0.0,0.9249,0.9249,0.0751
seq381,0.0,0.0,1.8385,1.8385,0.9193,0.9193,1.8385,1.8385,3.677,0.9193,0.9193,0.9193,0.0,1.8385,0.0,3.677,0.0,1.8385,0.0,0.0,0.0807
seq382,3.437,0.0,0.8593,0.0,0.8593,1.7185,0.0,0.8593,4.2963,3.437,0.0,0.0,0.0,0.0,4.2963,0.0,0.0,2.5778,0.0,0.0,0.1407
seq383,0.9166,0.0,0.9166,1.8333,0.0,3.6666,0.0,0.9166,0.9166,3.6666,0.0,0.0,3.6666,1.8333,0.9166,2.7499,0.0,0.0,0.9166,0.9166,0.0834
seq384,0.9296,0.9296,0.0,3.7183,0.0,0.0,0.9296,3.7183,1.8591,0.9296,0.9296,1.8591,0.9296,0.9296,0.0,0.9296,1.8591,2.7887,0.0,0.9296,0.0704
seq385,2.6061,1.7374,0.0,0.0,1.7374,0.8687,0.0,0.8687,2.6061,0.8687,0.8687,0.0,0.8687,0.8687,4.3435,0.8687,0.8687,0.8687,1.7374,0.0,0.1313
seq386,7.8847,0.0,0.0,0.0,0.8761,0.0,0.0,0.8761,6.1325,1.7522,0.0,0.0,0.0,0.0,5.2565,0.0,0.0,0.8761,0.0,0.0,0.1239
seq387,4.5322,0.0,0.0,0.0,0.9064,0.0,0.0,0.0,11.7836,0.0,0.0,0.0,0.0,0.0,0.0,0.0,0.0,7.2515,0.0,0.0,0.0936
seq388,0.8431,0.0,0.0,0.0,5.0588,0.0,0.0,1.6863,5.0588,2.5294,0.0,0.0,0.0,0.0,6.7451,0.0,0.0,0.8431,0.0,0.0,0.1569
seq389,0.912,0.0,1.8239,3.6479,0.912,0.0,0.912,2.7359,0.912,0.0,2.7359,2.7359,0.0,0.0,0.0,4.5599,0.0,0.912,0.0,1.8239,0.08800000000000001
seq390,0.0,0.0,0.0,0.0,0.8797,0.8797,1.7593,0.0,1.7593,1.7593,0.8797,2.639,2.639,2.639,3.5186,0.0,0.0,0.8797,3.5186,0.8797,0.1203
seq391,1.9435,0.0,0.0,0.9717,0.0,0.9717,0.9717,0.0,0.0,0.0,0.9717,0.9717,1.9435,1.9435,7.7739,2.9152,4.8587,0.9717,0.0,0.0,0.0283
seq392,2.6927,0.8976,0.8976,2.6927,0.8976,0.8976,0.8976,4.4878,1.7951,0.8976,0.0,0.8976,0.0,1.7951,2.6927,0.8976,0.8976,0.0,0.0,0.8976,0.1024
seq393,0.0,1.7662,2.6494,0.0,0.8831,0.8831,0.0,2.6494,0.0,3.5325,0.0,0.8831,0.8831,3.5325,2.6494,2.6494,0.8831,0.8831,0.8831,0.0,0.1169
seq394,0.9016,4.5078,1.8031,0.0,1.8031,3.6062,1.8031,0.9016,2.7047,1.8031,0.0,0.9016,1.8031,0.0,0.9016,0.9016,0.0,0.0,0.0,1.8031,0.0984
seq395,4.5501,0.0,0.91,0.0,2.7301,5.4601,0.91,1.82,0.91,1.82,0.0,0.0,0.0,0.91,0.0,1.82,0.91,1.82,0.91,0.91,0.09
seq396,2.7425,0.0,0.9142,0.0,1.8283,4.5708,0.9142,0.9142,0.9142,2.7425,0.9142,0.9142,0.0,0.9142,0.0,2.7425,0.9142,2.7425,0.9142,0.9142,0.0858
seq397,1.8128,0.0,0.9064,0.0,2.7192,5.4384,0.9064,0.9064,0.9064,1.8128,0.0,0.0,0.0,0.9064,0.0,1.8128,1.8128,4.532,0.9064,0.9064,0.0936
seq398,1.827,0.0,0.9135,0.0,2.7404,4.5674,0.9135,0.9135,0.9135,1.827,0.9135,0.0,0.0,0.9135,0.0,2.7404,1.827,3.6539,0.9135,0.9135,0.0865
seq399,0.0,0.9002,0.0,1.8003,0.9002,1.8003,0.9002,1.8003,0.0,3.6007,0.0,2.7005,3.6007,0.9002,2.7005,0.9002,1.8003,1.8003,0.9002,0.0,0.0998
seq400,0.0,1.8321,0.0,1.8321,0.9161,1.8321,0.9161,1.8321,0.0,4.5804,0.0,2.7482,1.8321,0.9161,1.8321,1.8321,1.8321,1.8321,0.9161,0.0,0.0839
seq401,7.3161,0.0,0.0,0.0,0.9145,8.2306,0.0,0.0,12.8031,0.0,0.0,0.0,0.0,0.0,0.0,0.0,0.0,0.0,0.0,0.0,0.0855
seq402,1.8153,0.0,0.9077,1.8153,2.723,0.9077,0.0,2.723,0.9077,1.8153,0.9077,0.9077,0.0,0.9077,1.8153,3.6307,2.723,3.6307,0.0,0.9077,0.0923
seq403,6.4186,0.0,0.9169,2.7508,1.8339,3.6678,0.9169,0.0,0.9169,2.7508,1.8339,0.0,0.0,0.0,2.7508,0.9169,2.7508,0.9169,0.0,0.0,0.0831
seq404,2.6117,0.8706,2.6117,1.7411,0.0,0.0,0.8706,0.8706,2.6117,4.3529,1.7411,0.0,0.0,0.8706,6.094,0.8706,0.8706,0.8706,0.0,0.8706,0.1294
seq405,3.6608,0.0,1.8304,0.0,2.7456,5.4912,0.9152,2.7456,0.9152,2.7456,0.9152,0.0,0.0,0.9152,0.0,1.8304,1.8304,1.8304,0.9152,0.9152,0.0848
seq406,0.9129,1.8257,0.9129,3.6514,1.8257,0.9129,2.7386,0.9129,2.7386,3.6514,0.9129,0.0,1.8257,0.0,3.6514,1.8257,0.9129,0.0,0.0,0.9129,0.0871
seq407,0.9083,0.9083,0.9083,0.9083,1.8166,2.7249,0.0,0.9083,0.0,3.6332,0.0,1.8166,1.8166,0.9083,0.9083,0.9083,2.7249,2.7249,0.9083,4.5416,0.0917
seq408,4.5414,0.0,2.7248,0.9083,1.8165,0.0,0.0,2.7248,2.7248,1.8165,0.0,4.5414,0.0,1.8165,0.9083,4.5414,0.9083,0.0,0.9083,0.0,0.0917
seq409,2.7565,0.0,0.9188,0.0,0.0,0.0,0.9188,5.5131,2.7565,4.5942,0.0,2.7565,0.0,0.9188,1.8377,4.5942,1.8377,0.9188,0.0,0.9188,0.0812
seq410,9.072,0.0,0.0,0.0,0.9072,0.0,0.0,0.0,13.608,0.0,0.0,0.0,0.0,0.0,0.0,0.0,0.0,9.9792,0.0,0.0,0.0928
seq411,5.1619,0.0,0.0,0.0,0.8603,2.581,0.0,0.8603,6.8825,5.1619,0.0,0.0,0.0,0.0,6.8825,0.0,0.0,3.4413,0.0,0.0,0.1397
seq412,0.0,5.3594,0.0,0.0,0.0,8.9323,5.3594,4.4662,0.0,0.0,0.0,0.0,1.7865,0.0,4.4662,0.0,0.0,3.5729,0.0,0.0,0.1068
seq413,0.8965,0.0,3.586,3.586,0.8965,0.0,0.0,2.6895,3.586,7.1721,0.8965,3.586,0.0,0.8965,0.8965,1.793,1.793,0.8965,0.0,1.793,0.1035
seq414,4.2943,0.0,2.5766,1.7177,1.7177,0.0,0.8589,0.8589,2.5766,7.7297,0.0,0.0,0.8589,1.7177,6.012,1.7177,0.0,1.7177,0.8589,0.0,0.1411
seq415,2.7751,0.0,3.7002,2.7751,2.7751,0.925,0.925,2.7751,2.7751,3.7002,0.0,4.6252,1.8501,1.8501,0.925,5.5503,0.0,2.7751,0.0,0.925,0.075
seq416,4.6782,0.0,0.9356,0.9356,0.9356,0.9356,0.0,2.8069,3.7425,4.6782,0.0,4.6782,0.0,8.4207,0.0,2.8069,4.6782,2.8069,0.0,0.0,0.0644
seq417,0.9463,0.0,1.8926,2.8389,0.9463,0.9463,0.0,1.8926,2.8389,4.7316,0.0,7.5705,0.0,8.5168,0.0,3.7853,4.7316,1.8926,0.0,0.0,0.0537
seq418,3.6496,0.0,2.7372,1.8248,0.9124,0.9124,0.0,3.6496,1.8248,6.3868,0.0,4.562,0.0,3.6496,1.8248,4.562,1.8248,3.6496,0.0,0.0,0.0876
seq419,2.724,3.632,0.908,0.908,0.908,1.816,0.0,2.724,2.724,0.0,0.908,0.908,3.632,5.4481,7.2641,3.632,0.908,3.632,1.816,0.0,0.092
seq420,0.9311,3.7246,0.9311,0.9311,3.7246,0.9311,0.9311,2.7934,7.4491,0.0,0.0,6.518,6.518,1.8623,1.8623,2.7934,0.9311,1.8623,0.9311,0.0,0.0689
seq421,2.79,0.0,2.79,1.86,0.0,1.86,0.93,2.79,5.5801,9.3002,0.0,4.6501,0.93,0.93,0.0,6.5101,1.86,8.3701,0.0,0.93,0.07
seq422,1.8175,0.0,5.4525,6.3613,0.9088,2.7263,0.9088,4.5438,5.4525,6.3613,0.0,5.4525,1.8175,1.8175,0.9088,3.635,0.9088,3.635,0.0,1.8175,0.0912
seq423,6.0852,0.0,3.4773,6.0852,1.7386,0.0,0.8693,0.8693,3.4773,9.5625,0.8693,0.0,0.8693,5.2159,7.8239,1.7386,0.0,2.608,0.8693,0.8693,0.1307
