,sequence,molecular_weight,net_charge_at_pH7point4,aa_counts,aa_percentages,aromaticity,instability_index,isoelectric_point,sec_struc,helix,turn,sheet,epsilon_prot,with_reduced_cysteines,with_disulfid_bridges,gravy,flexibility,length
0,ALLEKSKK,916.1166,1.601406281,"{'A': 1, 'C': 0, 'D': 0, 'E': 1, 'F': 0, 'G': 0, 'H': 0, 'I': 0, 'K': 3, 'L': 2, 'M': 0, 'N': 0, 'P': 0, 'Q': 0, 'R': 0, 'S': 1, 'T': 0, 'V': 0, 'W': 0, 'Y': 0}","{'A': 0.125, 'C': 0.0, 'D': 0.0, 'E': 0.125, 'F': 0.0, 'G': 0.0, 'H': 0.0, 'I': 0.0, 'K': 0.375, 'L': 0.25, 'M': 0.0, 'N': 0.0, 'P': 0.0, 'Q': 0.0, 'R': 0.0, 'S': 0.125, 'T': 0.0, 'V': 0.0, 'W': 0.0, 'Y': 0.0}",0,8.75,9.703918457,"(0.25, 0.125, 0.5)",0.25,0.125,0.5,"(0, 0)",0,0,-0.825,[],8
0,VSLVKAALKE,1057.2842,0.521352883,"{'A': 2, 'C': 0, 'D': 0, 'E': 1, 'F': 0, 'G': 0, 'H': 0, 'I': 0, 'K': 2, 'L': 2, 'M': 0, 'N': 0, 'P': 0, 'Q': 0, 'R': 0, 'S': 1, 'T': 0, 'V': 2, 'W': 0, 'Y': 0}","{'A': 0.2, 'C': 0.0, 'D': 0.0, 'E': 0.1, 'F': 0.0, 'G': 0.0, 'H': 0.0, 'I': 0.0, 'K': 0.2, 'L': 0.2, 'M': 0.0, 'N': 0.0, 'P': 0.0, 'Q': 0.0, 'R': 0.0, 'S': 0.1, 'T': 0.0, 'V': 0.2, 'W': 0.0, 'Y': 0.0}",0,-2.37,8.562194824,"(0.4, 0.1, 0.5)",0.4,0.1,0.5,"(0, 0)",0,0,0.75,[0.9741428571428572],10
0,LLDFKLSDAK,1149.3365,-0.446665349,"{'A': 1, 'C': 0, 'D': 2, 'E': 0, 'F': 1, 'G': 0, 'H': 0, 'I': 0, 'K': 2, 'L': 3, 'M': 0, 'N': 0, 'P': 0, 'Q': 0, 'R': 0, 'S': 1, 'T': 0, 'V': 0, 'W': 0, 'Y': 0}","{'A': 0.1, 'C': 0.0, 'D': 0.2, 'E': 0.0, 'F': 0.1, 'G': 0.0, 'H': 0.0, 'I': 0.0, 'K': 0.2, 'L': 0.3, 'M': 0.0, 'N': 0.0, 'P': 0.0, 'Q': 0.0, 'R': 0.0, 'S': 0.1, 'T': 0.0, 'V': 0.0, 'W': 0.0, 'Y': 0.0}",0.1,-22.06,5.959777832,"(0.4, 0.1, 0.4)",0.4,0.1,0.4,"(0, 0)",0,0,0.04,[0.9743690476190477],10
0,GAYTFKIRRK,1239.469,3.549885853,"{'A': 1, 'C': 0, 'D': 0, 'E': 0, 'F': 1, 'G': 1, 'H': 0, 'I': 1, 'K': 2, 'L': 0, 'M': 0, 'N': 0, 'P': 0, 'Q': 0, 'R': 2, 'S': 0, 'T': 1, 'V': 0, 'W': 0, 'Y': 1}","{'A': 0.1, 'C': 0.0, 'D': 0.0, 'E': 0.0, 'F': 0.1, 'G': 0.1, 'H': 0.0, 'I': 0.1, 'K': 0.2, 'L': 0.0, 'M': 0.0, 'N': 0.0, 'P': 0.0, 'Q': 0.0, 'R': 0.2, 'S': 0.0, 'T': 0.1, 'V': 0.0, 'W': 0.0, 'Y': 0.1}",0.2,38.12,11.097229,"(0.30000000000000004, 0.1, 0.1)",0.3,0.1,0.1,"(1490, 1490)",1490,1490,-1.01,[1.0187976190476191],10
0,FKRAKKWVFR,1365.67,4.549885853,"{'A': 1, 'C': 0, 'D': 0, 'E': 0, 'F': 2, 'G': 0, 'H': 0, 'I': 0, 'K': 3, 'L': 0, 'M': 0, 'N': 0, 'P': 0, 'Q': 0, 'R': 2, 'S': 0, 'T': 0, 'V': 1, 'W': 1, 'Y': 0}","{'A': 0.1, 'C': 0.0, 'D': 0.0, 'E': 0.0, 'F': 0.2, 'G': 0.0, 'H': 0.0, 'I': 0.0, 'K': 0.3, 'L': 0.0, 'M': 0.0, 'N': 0.0, 'P': 0.0, 'Q': 0.0, 'R': 0.2, 'S': 0.0, 'T': 0.0, 'V': 0.1, 'W': 0.1, 'Y': 0.0}",0.3,18.08,12.0244751,"(0.4, 0.0, 0.1)",0.4,0,0.1,"(5500, 5500)",5500,5500,-1,[1.0169166666666667],10
0,QSLRDWICWVLGK,1603.885,0.530865273,"{'A': 0, 'C': 1, 'D': 1, 'E': 0, 'F': 0, 'G': 1, 'H': 0, 'I': 1, 'K': 1, 'L': 2, 'M': 0, 'N': 0, 'P': 0, 'Q': 1, 'R': 1, 'S': 1, 'T': 0, 'V': 1, 'W': 2, 'Y': 0}","{'A': 0.0, 'C': 0.07692307692307693, 'D': 0.07692307692307693, 'E': 0.0, 'F': 0.0, 'G': 0.07692307692307693, 'H': 0.0, 'I': 0.07692307692307693, 'K': 0.07692307692307693, 'L': 0.15384615384615385, 'M': 0.0, 'N': 0.0, 'P': 0.0, 'Q': 0.07692307692307693, 'R': 0.07692307692307693, 'S': 0.07692307692307693, 'T': 0.0, 'V': 0.07692307692307693, 'W': 0.15384615384615385, 'Y': 0.0}",0.153846154,63,8.222106934,"(0.46153846153846156, 0.15384615384615385, 0.15384615384615385)",0.461538462,0.153846154,0.153846154,"(11000, 11000)",11000,11000,0.030769231,"[0.9448571428571428, 0.9605714285714284, 0.9380833333333333, 0.9380238095238095]",13
0,SISLDVDSLSTNKLL,1604.7971,-1.748384312,"{'A': 0, 'C': 0, 'D': 2, 'E': 0, 'F': 0, 'G': 0, 'H': 0, 'I': 1, 'K': 1, 'L': 4, 'M': 0, 'N': 1, 'P': 0, 'Q': 0, 'R': 0, 'S': 4, 'T': 1, 'V': 1, 'W': 0, 'Y': 0}","{'A': 0.0, 'C': 0.0, 'D': 0.13333333333333333, 'E': 0.0, 'F': 0.0, 'G': 0.0, 'H': 0.0, 'I': 0.06666666666666667, 'K': 0.06666666666666667, 'L': 0.26666666666666666, 'M': 0.0, 'N': 0.06666666666666667, 'P': 0.0, 'Q': 0.0, 'R': 0.0, 'S': 0.26666666666666666, 'T': 0.06666666666666667, 'V': 0.06666666666666667, 'W': 0.0, 'Y': 0.0}",0,12.26,4.206848145,"(0.4, 0.3333333333333333, 0.26666666666666666)",0.4,0.333333333,0.266666667,"(0, 0)",0,0,0.373333333,"[0.9765357142857144, 1.0288690476190478, 1.0060238095238097, 0.989952380952381, 1.0370833333333334, 1.0078809523809524]",15
0,RRLRRFFVFRR,1608.9395,5.557302158,"{'A': 0, 'C': 0, 'D': 0, 'E': 0, 'F': 3, 'G': 0, 'H': 0, 'I': 0, 'K': 0, 'L': 1, 'M': 0, 'N': 0, 'P': 0, 'Q': 0, 'R': 6, 'S': 0, 'T': 0, 'V': 1, 'W': 0, 'Y': 0}","{'A': 0.0, 'C': 0.0, 'D': 0.0, 'E': 0.0, 'F': 0.2727272727272727, 'G': 0.0, 'H': 0.0, 'I': 0.0, 'K': 0.0, 'L': 0.09090909090909091, 'M': 0.0, 'N': 0.0, 'P': 0.0, 'Q': 0.0, 'R': 0.5454545454545454, 'S': 0.0, 'T': 0.0, 'V': 0.09090909090909091, 'W': 0.0, 'Y': 0.0}",0.272727273,182.8181818,12.69891357,"(0.4545454545454546, 0.0, 0.09090909090909091)",0.454545455,0,0.090909091,"(0, 0)",0,0,-0.963636364,"[0.9452857142857144, 0.9528928571428572]",11
0,SLIRKLLLESSDLK,1614.9245,0.249759254,"{'A': 0, 'C': 0, 'D': 1, 'E': 1, 'F': 0, 'G': 0, 'H': 0, 'I': 1, 'K': 2, 'L': 5, 'M': 0, 'N': 0, 'P': 0, 'Q': 0, 'R': 1, 'S': 3, 'T': 0, 'V': 0, 'W': 0, 'Y': 0}","{'A': 0.0, 'C': 0.0, 'D': 0.07142857142857142, 'E': 0.07142857142857142, 'F': 0.0, 'G': 0.0, 'H': 0.0, 'I': 0.07142857142857142, 'K': 0.14285714285714285, 'L': 0.35714285714285715, 'M': 0.0, 'N': 0.0, 'P': 0.0, 'Q': 0.0, 'R': 0.07142857142857142, 'S': 0.21428571428571427, 'T': 0.0, 'V': 0.0, 'W': 0.0, 'Y': 0.0}",0,24.67142857,8.309997559,"(0.4285714285714286, 0.21428571428571427, 0.4285714285714286)",0.428571429,0.214285714,0.428571429,"(0, 0)",0,0,0.128571429,"[0.958202380952381, 0.987404761904762, 0.9940476190476191, 1.0360833333333335, 1.0055714285714286]",14
0,SLRLTDWVDWLSSN,1691.8378,-1.745903838,"{'A': 0, 'C': 0, 'D': 2, 'E': 0, 'F': 0, 'G': 0, 'H': 0, 'I': 0, 'K': 0, 'L': 3, 'M': 0, 'N': 1, 'P': 0, 'Q': 0, 'R': 1, 'S': 3, 'T': 1, 'V': 1, 'W': 2, 'Y': 0}","{'A': 0.0, 'C': 0.0, 'D': 0.14285714285714285, 'E': 0.0, 'F': 0.0, 'G': 0.0, 'H': 0.0, 'I': 0.0, 'K': 0.0, 'L': 0.21428571428571427, 'M': 0.0, 'N': 0.07142857142857142, 'P': 0.0, 'Q': 0.0, 'R': 0.07142857142857142, 'S': 0.21428571428571427, 'T': 0.07142857142857142, 'V': 0.07142857142857142, 'W': 0.14285714285714285, 'Y': 0.0}",0.142857143,28.81428571,4.206848145,"(0.42857142857142855, 0.2857142857142857, 0.21428571428571427)",0.428571429,0.285714286,0.214285714,"(11000, 11000)",11000,11000,-0.307142857,"[0.9972023809523808, 0.9491071428571428, 0.978309523809524, 0.9987142857142857, 0.9485595238095238]",14
0,QYSTLGCGAIGGGARPGR,1720.9072,1.530393671,"{'A': 2, 'C': 1, 'D': 0, 'E': 0, 'F': 0, 'G': 6, 'H': 0, 'I': 1, 'K': 0, 'L': 1, 'M': 0, 'N': 0, 'P': 1, 'Q': 1, 'R': 2, 'S': 1, 'T': 1, 'V': 0, 'W': 0, 'Y': 1}","{'A': 0.1111111111111111, 'C': 0.05555555555555555, 'D': 0.0, 'E': 0.0, 'F': 0.0, 'G': 0.3333333333333333, 'H': 0.0, 'I': 0.05555555555555555, 'K': 0.0, 'L': 0.05555555555555555, 'M': 0.0, 'N': 0.0, 'P': 0.05555555555555555, 'Q': 0.05555555555555555, 'R': 0.1111111111111111, 'S': 0.05555555555555555, 'T': 0.05555555555555555, 'V': 0.0, 'W': 0.0, 'Y': 0.05555555555555555}",0.055555556,20.23333333,9.504089355,"(0.16666666666666666, 0.4444444444444444, 0.16666666666666666)",0.166666667,0.444444444,0.166666667,"(1490, 1490)",1490,1490,-0.272222222,"[1.002190476190476, 0.9564642857142858, 1.003190476190476, 0.9734285714285714, 0.9756428571428569, 1.0110714285714284, 0.998345238095238, 1.0080476190476189, 1.0026309523809522]",18
0,DSLCFIWDWDWLSV,1784.9823,-3.465711048,"{'A': 0, 'C': 1, 'D': 3, 'E': 0, 'F': 1, 'G': 0, 'H': 0, 'I': 1, 'K': 0, 'L': 2, 'M': 0, 'N': 0, 'P': 0, 'Q': 0, 'R': 0, 'S': 2, 'T': 0, 'V': 1, 'W': 3, 'Y': 0}","{'A': 0.0, 'C': 0.07142857142857142, 'D': 0.21428571428571427, 'E': 0.0, 'F': 0.07142857142857142, 'G': 0.0, 'H': 0.0, 'I': 0.07142857142857142, 'K': 0.0, 'L': 0.14285714285714285, 'M': 0.0, 'N': 0.0, 'P': 0.0, 'Q': 0.0, 'R': 0.0, 'S': 0.14285714285714285, 'T': 0.0, 'V': 0.07142857142857142, 'W': 0.21428571428571427, 'Y': 0.0}",0.285714286,31.85714286,3.422790527,"(0.5714285714285714, 0.14285714285714285, 0.14285714285714285)",0.571428571,0.142857143,0.142857143,"(16500, 16500)",16500,16500,0.485714286,"[0.9492499999999999, 0.9426190476190477, 0.9807976190476191, 0.92875, 0.9977857142857142]",14
0,FRKVVAITFFTFVTSA,1834.1639,1.554922157,"{'A': 2, 'C': 0, 'D': 0, 'E': 0, 'F': 4, 'G': 0, 'H': 0, 'I': 1, 'K': 1, 'L': 0, 'M': 0, 'N': 0, 'P': 0, 'Q': 0, 'R': 1, 'S': 1, 'T': 3, 'V': 3, 'W': 0, 'Y': 0}","{'A': 0.125, 'C': 0.0, 'D': 0.0, 'E': 0.0, 'F': 0.25, 'G': 0.0, 'H': 0.0, 'I': 0.0625, 'K': 0.0625, 'L': 0.0, 'M': 0.0, 'N': 0.0, 'P': 0.0, 'Q': 0.0, 'R': 0.0625, 'S': 0.0625, 'T': 0.1875, 'V': 0.1875, 'W': 0.0, 'Y': 0.0}",0.25,14.1875,11.00079346,"(0.5, 0.0625, 0.125)",0.5,0.0625,0.125,"(0, 0)",0,0,1.2875,"[0.9795714285714284, 0.953297619047619, 0.9700357142857143, 0.934, 0.9461547619047618, 0.962595238095238, 0.9373809523809523]",16
0,RKGGVPPAIGAKLSPEKR,1861.1964,3.551006614,"{'A': 2, 'C': 0, 'D': 0, 'E': 1, 'F': 0, 'G': 3, 'H': 0, 'I': 1, 'K': 3, 'L': 1, 'M': 0, 'N': 0, 'P': 3, 'Q': 0, 'R': 2, 'S': 1, 'T': 0, 'V': 1, 'W': 0, 'Y': 0}","{'A': 0.1111111111111111, 'C': 0.0, 'D': 0.0, 'E': 0.05555555555555555, 'F': 0.0, 'G': 0.16666666666666666, 'H': 0.0, 'I': 0.05555555555555555, 'K': 0.16666666666666666, 'L': 0.05555555555555555, 'M': 0.0, 'N': 0.0, 'P': 0.16666666666666666, 'Q': 0.0, 'R': 0.1111111111111111, 'S': 0.05555555555555555, 'T': 0.0, 'V': 0.05555555555555555, 'W': 0.0, 'Y': 0.0}",0,86.42777778,11.097229,"(0.16666666666666666, 0.38888888888888884, 0.2222222222222222)",0.166666667,0.388888889,0.222222222,"(0, 0)",0,0,-0.827777778,"[1.035309523809524, 1.010857142857143, 0.9910357142857142, 0.9911547619047619, 1.0183571428571427, 0.9966071428571429, 1.03075, 0.9859642857142857, 1.0473928571428572]",18
0,GFSGVFFTGAIGGSGGARAF,1863.0361,0.557427749,"{'A': 3, 'C': 0, 'D': 0, 'E': 0, 'F': 4, 'G': 7, 'H': 0, 'I': 1, 'K': 0, 'L': 0, 'M': 0, 'N': 0, 'P': 0, 'Q': 0, 'R': 1, 'S': 2, 'T': 1, 'V': 1, 'W': 0, 'Y': 0}","{'A': 0.15, 'C': 0.0, 'D': 0.0, 'E': 0.0, 'F': 0.2, 'G': 0.35, 'H': 0.0, 'I': 0.05, 'K': 0.0, 'L': 0.0, 'M': 0.0, 'N': 0.0, 'P': 0.0, 'Q': 0.0, 'R': 0.05, 'S': 0.1, 'T': 0.05, 'V': 0.05, 'W': 0.0, 'Y': 0.0}",0.2,9.105,9.750061035,"(0.30000000000000004, 0.44999999999999996, 0.15)",0.3,0.45,0.15,"(0, 0)",0,0,0.785,"[0.9664285714285713, 0.9649166666666666, 0.98125, 0.9766428571428571, 0.9688928571428571, 0.9765714285714286, 1.0166190476190475, 1.0094761904761906, 1.017642857142857, 1.0150833333333331, 1.0186190476190473]",20
0,GSVLGGAIRRLLGAFGGFK,1876.2089,2.554897038,"{'A': 2, 'C': 0, 'D': 0, 'E': 0, 'F': 2, 'G': 6, 'H': 0, 'I': 1, 'K': 1, 'L': 3, 'M': 0, 'N': 0, 'P': 0, 'Q': 0, 'R': 2, 'S': 1, 'T': 0, 'V': 1, 'W': 0, 'Y': 0}","{'A': 0.10526315789473684, 'C': 0.0, 'D': 0.0, 'E': 0.0, 'F': 0.10526315789473684, 'G': 0.3157894736842105, 'H': 0.0, 'I': 0.05263157894736842, 'K': 0.05263157894736842, 'L': 0.15789473684210525, 'M': 0.0, 'N': 0.0, 'P': 0.0, 'Q': 0.0, 'R': 0.10526315789473684, 'S': 0.05263157894736842, 'T': 0.0, 'V': 0.05263157894736842, 'W': 0.0, 'Y': 0.0}",0.105263158,35.76315789,12.00848389,"(0.3684210526315789, 0.3684210526315789, 0.2631578947368421)",0.368421053,0.368421053,0.263157895,"(0, 0)",0,0,0.694736842,"[0.9901309523809523, 0.9803333333333333, 0.9731071428571427, 0.9959047619047618, 0.9819404761904762, 0.9643333333333333, 0.9712142857142856, 0.9912738095238095, 0.9716666666666666, 0.9649047619047619]",19
0,FWDVSLGRGRLLGRRL,1901.2218,2.557798879,"{'A': 0, 'C': 0, 'D': 1, 'E': 0, 'F': 1, 'G': 3, 'H': 0, 'I': 0, 'K': 0, 'L': 4, 'M': 0, 'N': 0, 'P': 0, 'Q': 0, 'R': 4, 'S': 1, 'T': 0, 'V': 1, 'W': 1, 'Y': 0}","{'A': 0.0, 'C': 0.0, 'D': 0.0625, 'E': 0.0, 'F': 0.0625, 'G': 0.1875, 'H': 0.0, 'I': 0.0, 'K': 0.0, 'L': 0.25, 'M': 0.0, 'N': 0.0, 'P': 0.0, 'Q': 0.0, 'R': 0.25, 'S': 0.0625, 'T': 0.0, 'V': 0.0625, 'W': 0.0625, 'Y': 0.0}",0.125,39.86875,12.00006104,"(0.4375, 0.25, 0.25)",0.4375,0.25,0.25,"(5500, 5500)",5500,5500,-0.1375,"[0.9687619047619048, 1.0146190476190475, 0.9969285714285715, 1.00075, 0.9927857142857142, 0.9780238095238095, 0.9893690476190476]",16
0,RTQRRRRRPTRVTGR,1952.2393,7.557251922,"{'A': 0, 'C': 0, 'D': 0, 'E': 0, 'F': 0, 'G': 1, 'H': 0, 'I': 0, 'K': 0, 'L': 0, 'M': 0, 'N': 0, 'P': 1, 'Q': 1, 'R': 8, 'S': 0, 'T': 3, 'V': 1, 'W': 0, 'Y': 0}","{'A': 0.0, 'C': 0.0, 'D': 0.0, 'E': 0.0, 'F': 0.0, 'G': 0.06666666666666667, 'H': 0.0, 'I': 0.0, 'K': 0.0, 'L': 0.0, 'M': 0.0, 'N': 0.0, 'P': 0.06666666666666667, 'Q': 0.06666666666666667, 'R': 0.5333333333333333, 'S': 0.0, 'T': 0.2, 'V': 0.06666666666666667, 'W': 0.0, 'Y': 0.0}",0,158.5733333,12.84515381,"(0.06666666666666667, 0.13333333333333333, 0.0)",0.066666667,0.133333333,0,"(0, 0)",0,0,-2.626666667,"[1.0124880952380952, 1.0127857142857142, 1.0133452380952381, 1.0171785714285713, 0.9972619047619047, 1.0053571428571428]",15
0,ALGLSVNAKSLEELSLDKS,1974.2132,-1.394520881,"{'A': 2, 'C': 0, 'D': 1, 'E': 2, 'F': 0, 'G': 1, 'H': 0, 'I': 0, 'K': 2, 'L': 5, 'M': 0, 'N': 1, 'P': 0, 'Q': 0, 'R': 0, 'S': 4, 'T': 0, 'V': 1, 'W': 0, 'Y': 0}","{'A': 0.10526315789473684, 'C': 0.0, 'D': 0.05263157894736842, 'E': 0.10526315789473684, 'F': 0.0, 'G': 0.05263157894736842, 'H': 0.0, 'I': 0.0, 'K': 0.10526315789473684, 'L': 0.2631578947368421, 'M': 0.0, 'N': 0.05263157894736842, 'P': 0.0, 'Q': 0.0, 'R': 0.0, 'S': 0.21052631578947367, 'T': 0.0, 'V': 0.05263157894736842, 'W': 0.0, 'Y': 0.0}",0,22.16315789,4.679260254,"(0.3157894736842105, 0.3157894736842105, 0.47368421052631576)",0.315789474,0.315789474,0.473684211,"(0, 0)",0,0,0.073684211,"[0.9728690476190477, 1.0242261904761907, 0.9982142857142856, 1.039702380952381, 1.0201309523809525, 1.0080833333333334, 1.0606309523809525, 1.0286071428571428, 0.9963571428571427, 1.0411785714285715]",19
0,FRLRRARKKRKRKGR,2012.465,10.54725467,"{'A': 1, 'C': 0, 'D': 0, 'E': 0, 'F': 1, 'G': 1, 'H': 0, 'I': 0, 'K': 4, 'L': 1, 'M': 0, 'N': 0, 'P': 0, 'Q': 0, 'R': 7, 'S': 0, 'T': 0, 'V': 0, 'W': 0, 'Y': 0}","{'A': 0.06666666666666667, 'C': 0.0, 'D': 0.0, 'E': 0.0, 'F': 0.06666666666666667, 'G': 0.06666666666666667, 'H': 0.0, 'I': 0.0, 'K': 0.26666666666666666, 'L': 0.06666666666666667, 'M': 0.0, 'N': 0.0, 'P': 0.0, 'Q': 0.0, 'R': 0.4666666666666667, 'S': 0.0, 'T': 0.0, 'V': 0.0, 'W': 0.0, 'Y': 0.0}",0.066666667,98.16666667,12.78155518,"(0.13333333333333333, 0.06666666666666667, 0.13333333333333333)",0.133333333,0.066666667,0.133333333,"(0, 0)",0,0,-2.606666667,"[0.998904761904762, 1.0209404761904761, 1.0489285714285717, 1.0454285714285716, 1.0362142857142858, 1.0739761904761906]",15
0,WRRLVRLRALRFKRK,2054.5395,7.552290973,"{'A': 1, 'C': 0, 'D': 0, 'E': 0, 'F': 1, 'G': 0, 'H': 0, 'I': 0, 'K': 2, 'L': 3, 'M': 0, 'N': 0, 'P': 0, 'Q': 0, 'R': 6, 'S': 0, 'T': 0, 'V': 1, 'W': 1, 'Y': 0}","{'A': 0.06666666666666667, 'C': 0.0, 'D': 0.0, 'E': 0.0, 'F': 0.06666666666666667, 'G': 0.0, 'H': 0.0, 'I': 0.0, 'K': 0.13333333333333333, 'L': 0.2, 'M': 0.0, 'N': 0.0, 'P': 0.0, 'Q': 0.0, 'R': 0.4, 'S': 0.0, 'T': 0.0, 'V': 0.06666666666666667, 'W': 0.06666666666666667, 'Y': 0.0}",0.133333333,84.91333333,12.70098877,"(0.4, 0.0, 0.26666666666666666)",0.4,0,0.266666667,"(5500, 5500)",5500,5500,-1.033333333,"[0.9819166666666668, 0.9567142857142857, 0.9838095238095238, 0.9654047619047619, 0.9671666666666668, 0.9949642857142857]",15
0,DSLLDVGISLSLELLDVKK,2057.3845,-2.445098104,"{'A': 0, 'C': 0, 'D': 3, 'E': 1, 'F': 0, 'G': 1, 'H': 0, 'I': 1, 'K': 2, 'L': 6, 'M': 0, 'N': 0, 'P': 0, 'Q': 0, 'R': 0, 'S': 3, 'T': 0, 'V': 2, 'W': 0, 'Y': 0}","{'A': 0.0, 'C': 0.0, 'D': 0.15789473684210525, 'E': 0.05263157894736842, 'F': 0.0, 'G': 0.05263157894736842, 'H': 0.0, 'I': 0.05263157894736842, 'K': 0.10526315789473684, 'L': 0.3157894736842105, 'M': 0.0, 'N': 0.0, 'P': 0.0, 'Q': 0.0, 'R': 0.0, 'S': 0.15789473684210525, 'T': 0.0, 'V': 0.10526315789473684, 'W': 0.0, 'Y': 0.0}",0,9.157894737,4.226013184,"(0.47368421052631576, 0.21052631578947367, 0.3684210526315789)",0.473684211,0.210526316,0.368421053,"(0, 0)",0,0,0.584210526,"[0.96525, 1.0023095238095239, 0.9659523809523808, 1.0080357142857141, 0.9719761904761907, 1.0106071428571428, 0.9710476190476192, 1.0222738095238095, 0.9643928571428573, 0.992309523809524]",19
0,RDWSVDCIIWWDWVCGK,2167.4667,-1.492745126,"{'A': 0, 'C': 2, 'D': 3, 'E': 0, 'F': 0, 'G': 1, 'H': 0, 'I': 2, 'K': 1, 'L': 0, 'M': 0, 'N': 0, 'P': 0, 'Q': 0, 'R': 1, 'S': 1, 'T': 0, 'V': 2, 'W': 4, 'Y': 0}","{'A': 0.0, 'C': 0.11764705882352941, 'D': 0.17647058823529413, 'E': 0.0, 'F': 0.0, 'G': 0.058823529411764705, 'H': 0.0, 'I': 0.11764705882352941, 'K': 0.058823529411764705, 'L': 0.0, 'M': 0.0, 'N': 0.0, 'P': 0.0, 'Q': 0.0, 'R': 0.058823529411764705, 'S': 0.058823529411764705, 'T': 0.0, 'V': 0.11764705882352941, 'W': 0.23529411764705882, 'Y': 0.0}",0.235294118,-9.417647059,4.428894043,"(0.47058823529411764, 0.11764705882352941, 0.0)",0.470588235,0.117647059,0,"(22000, 22125)",22000,22125,-0.076470588,"[1.0044642857142858, 0.9382380952380952, 0.955107142857143, 0.9485952380952379, 0.9364166666666668, 0.9390833333333333, 0.9677142857142859, 0.9164404761904763]",17
0,CFKPSLLLGDRLSSNAQKLS,2177.5231,1.528359681,"{'A': 1, 'C': 1, 'D': 1, 'E': 0, 'F': 1, 'G': 1, 'H': 0, 'I': 0, 'K': 2, 'L': 5, 'M': 0, 'N': 1, 'P': 1, 'Q': 1, 'R': 1, 'S': 4, 'T': 0, 'V': 0, 'W': 0, 'Y': 0}","{'A': 0.05, 'C': 0.05, 'D': 0.05, 'E': 0.0, 'F': 0.05, 'G': 0.05, 'H': 0.0, 'I': 0.0, 'K': 0.1, 'L': 0.25, 'M': 0.0, 'N': 0.05, 'P': 0.05, 'Q': 0.05, 'R': 0.05, 'S': 0.2, 'T': 0.0, 'V': 0.0, 'W': 0.0, 'Y': 0.0}",0.05,9.46,9.312438965,"(0.3, 0.35000000000000003, 0.3)",0.3,0.35,0.3,"(0, 0)",0,0,-0.095,"[0.9740476190476189, 0.993047619047619, 0.991654761904762, 1.004738095238095, 1.0001785714285714, 0.989595238095238, 0.994857142857143, 1.0334166666666667, 1.0200595238095238, 1.0258928571428574, 1.011845238095238]",20
0,FAILRKRKKFAVGAYRPVR,2276.7732,6.547330024,"{'A': 3, 'C': 0, 'D': 0, 'E': 0, 'F': 2, 'G': 1, 'H': 0, 'I': 1, 'K': 3, 'L': 1, 'M': 0, 'N': 0, 'P': 1, 'Q': 0, 'R': 4, 'S': 0, 'T': 0, 'V': 2, 'W': 0, 'Y': 1}","{'A': 0.15789473684210525, 'C': 0.0, 'D': 0.0, 'E': 0.0, 'F': 0.10526315789473684, 'G': 0.05263157894736842, 'H': 0.0, 'I': 0.05263157894736842, 'K': 0.15789473684210525, 'L': 0.05263157894736842, 'M': 0.0, 'N': 0.0, 'P': 0.05263157894736842, 'Q': 0.0, 'R': 0.21052631578947367, 'S': 0.0, 'T': 0.0, 'V': 0.10526315789473684, 'W': 0.0, 'Y': 0.05263157894736842}",0.157894737,49.34210526,12.01654053,"(0.3684210526315789, 0.10526315789473684, 0.21052631578947367)",0.368421053,0.105263158,0.210526316,"(1490, 1490)",1490,1490,-0.278947368,"[1.0253928571428572, 1.0060119047619047, 1.0473571428571429, 1.0314285714285716, 0.9900952380952381, 1.0215357142857142, 0.9830238095238095, 1.0040238095238094, 0.9742142857142856, 0.9684404761904762]",19
0,DWICWRPVSDILRLSLRR,2284.6844,1.533741995,"{'A': 0, 'C': 1, 'D': 2, 'E': 0, 'F': 0, 'G': 0, 'H': 0, 'I': 2, 'K': 0, 'L': 3, 'M': 0, 'N': 0, 'P': 1, 'Q': 0, 'R': 4, 'S': 2, 'T': 0, 'V': 1, 'W': 2, 'Y': 0}","{'A': 0.0, 'C': 0.05555555555555555, 'D': 0.1111111111111111, 'E': 0.0, 'F': 0.0, 'G': 0.0, 'H': 0.0, 'I': 0.1111111111111111, 'K': 0.0, 'L': 0.16666666666666666, 'M': 0.0, 'N': 0.0, 'P': 0.05555555555555555, 'Q': 0.0, 'R': 0.2222222222222222, 'S': 0.1111111111111111, 'T': 0.0, 'V': 0.05555555555555555, 'W': 0.1111111111111111, 'Y': 0.0}",0.111111111,107.9222222,10.19610596,"(0.4444444444444444, 0.16666666666666666, 0.16666666666666666)",0.444444444,0.166666667,0.166666667,"(11000, 11000)",11000,11000,-0.161111111,"[0.9770357142857142, 0.9790714285714285, 0.9623452380952381, 1.010857142857143, 1.0010000000000001, 0.9680000000000002, 0.9878690476190476, 0.993107142857143, 0.9671071428571428]",18
0,KRKLFKAGGRQRFLKCARQ,2291.7698,7.522826656,"{'A': 2, 'C': 1, 'D': 0, 'E': 0, 'F': 2, 'G': 2, 'H': 0, 'I': 0, 'K': 4, 'L': 2, 'M': 0, 'N': 0, 'P': 0, 'Q': 2, 'R': 4, 'S': 0, 'T': 0, 'V': 0, 'W': 0, 'Y': 0}","{'A': 0.10526315789473684, 'C': 0.05263157894736842, 'D': 0.0, 'E': 0.0, 'F': 0.10526315789473684, 'G': 0.10526315789473684, 'H': 0.0, 'I': 0.0, 'K': 0.21052631578947367, 'L': 0.10526315789473684, 'M': 0.0, 'N': 0.0, 'P': 0.0, 'Q': 0.10526315789473684, 'R': 0.21052631578947367, 'S': 0.0, 'T': 0.0, 'V': 0.0, 'W': 0.0, 'Y': 0.0}",0.105263158,36.55263158,12.01702881,"(0.21052631578947367, 0.10526315789473684, 0.21052631578947367)",0.210526316,0.105263158,0.210526316,"(0, 0)",0,0,-1.163157895,"[1.0449761904761905, 0.9891190476190476, 1.0219285714285715, 1.0146071428571428, 1.0111309523809524, 1.0155595238095236, 0.9988333333333334, 0.9776785714285714, 0.9888928571428572, 1.0143333333333335]",19
0,FKKFAKKKKWKRLKKKAR,2347.9806,11.5323467,"{'A': 2, 'C': 0, 'D': 0, 'E': 0, 'F': 2, 'G': 0, 'H': 0, 'I': 0, 'K': 10, 'L': 1, 'M': 0, 'N': 0, 'P': 0, 'Q': 0, 'R': 2, 'S': 0, 'T': 0, 'V': 0, 'W': 1, 'Y': 0}","{'A': 0.1111111111111111, 'C': 0.0, 'D': 0.0, 'E': 0.0, 'F': 0.1111111111111111, 'G': 0.0, 'H': 0.0, 'I': 0.0, 'K': 0.5555555555555556, 'L': 0.05555555555555555, 'M': 0.0, 'N': 0.0, 'P': 0.0, 'Q': 0.0, 'R': 0.1111111111111111, 'S': 0.0, 'T': 0.0, 'V': 0.0, 'W': 0.05555555555555555, 'Y': 0.0}",0.166666667,14.48888889,12.07305908,"(0.2222222222222222, 0.0, 0.16666666666666666)",0.222222222,0,0.166666667,"(5500, 5500)",5500,5500,-1.994444444,"[1.064154761904762, 1.0520476190476191, 1.0558690476190478, 1.0552142857142859, 1.0122380952380954, 1.076892857142857, 1.0190238095238096, 1.0207738095238095, 1.0653333333333335]",18
0,LRDIWDWICVFDQLLLKW,2362.7877,-1.468241758,"{'A': 0, 'C': 1, 'D': 3, 'E': 0, 'F': 1, 'G': 0, 'H': 0, 'I': 2, 'K': 1, 'L': 4, 'M': 0, 'N': 0, 'P': 0, 'Q': 1, 'R': 1, 'S': 0, 'T': 0, 'V': 1, 'W': 3, 'Y': 0}","{'A': 0.0, 'C': 0.05555555555555555, 'D': 0.16666666666666666, 'E': 0.0, 'F': 0.05555555555555555, 'G': 0.0, 'H': 0.0, 'I': 0.1111111111111111, 'K': 0.05555555555555555, 'L': 0.2222222222222222, 'M': 0.0, 'N': 0.0, 'P': 0.0, 'Q': 0.05555555555555555, 'R': 0.05555555555555555, 'S': 0.0, 'T': 0.0, 'V': 0.05555555555555555, 'W': 0.16666666666666666, 'Y': 0.0}",0.222222222,18.09444444,4.428894043,"(0.611111111111111, 0.0, 0.2222222222222222)",0.611111111,0,0.222222222,"(16500, 16500)",16500,16500,0.477777778,"[0.9958571428571427, 0.9295476190476192, 0.9500595238095239, 0.93725, 0.9518571428571428, 0.9507380952380954, 0.9868452380952382, 0.9638452380952381, 0.9594404761904765]",18
0,ERKQIAIGESIGGTTHLAFGGSPA,2397.6418,-0.297382089,"{'A': 3, 'C': 0, 'D': 0, 'E': 2, 'F': 1, 'G': 5, 'H': 1, 'I': 3, 'K': 1, 'L': 1, 'M': 0, 'N': 0, 'P': 1, 'Q': 1, 'R': 1, 'S': 2, 'T': 2, 'V': 0, 'W': 0, 'Y': 0}","{'A': 0.125, 'C': 0.0, 'D': 0.0, 'E': 0.08333333333333333, 'F': 0.041666666666666664, 'G': 0.20833333333333334, 'H': 0.041666666666666664, 'I': 0.125, 'K': 0.041666666666666664, 'L': 0.041666666666666664, 'M': 0.0, 'N': 0.0, 'P': 0.041666666666666664, 'Q': 0.041666666666666664, 'R': 0.041666666666666664, 'S': 0.08333333333333333, 'T': 0.08333333333333333, 'V': 0.0, 'W': 0.0, 'Y': 0.0}",0.041666667,57.39583333,6.855529785,"(0.20833333333333331, 0.3333333333333333, 0.24999999999999997)",0.208333333,0.333333333,0.25,"(0, 0)",0,0,-0.133333333,"[1.0158571428571428, 0.9904999999999999, 1.0190238095238096, 1.0157976190476192, 1.002547619047619, 0.9923214285714285, 1.0314166666666666, 1.011202380952381, 0.9957619047619048, 0.9914285714285714, 0.9719523809523809, 0.9732857142857143, 0.9815476190476189, 0.9627142857142856, 1.0060357142857141]",24
0,SLEKESELEELDALKSNLQLE,2417.6185,-5.742519337,"{'A': 1, 'C': 0, 'D': 1, 'E': 6, 'F': 0, 'G': 0, 'H': 0, 'I': 0, 'K': 2, 'L': 6, 'M': 0, 'N': 1, 'P': 0, 'Q': 1, 'R': 0, 'S': 3, 'T': 0, 'V': 0, 'W': 0, 'Y': 0}","{'A': 0.047619047619047616, 'C': 0.0, 'D': 0.047619047619047616, 'E': 0.2857142857142857, 'F': 0.0, 'G': 0.0, 'H': 0.0, 'I': 0.0, 'K': 0.09523809523809523, 'L': 0.2857142857142857, 'M': 0.0, 'N': 0.047619047619047616, 'P': 0.0, 'Q': 0.047619047619047616, 'R': 0.0, 'S': 0.14285714285714285, 'T': 0.0, 'V': 0.0, 'W': 0.0, 'Y': 0.0}",0,54.87142857,4.207946777,"(0.2857142857142857, 0.19047619047619047, 0.6190476190476191)",0.285714286,0.19047619,0.619047619,"(0, 0)",0,0,-0.814285714,"[1.0498809523809525, 1.0684523809523812, 1.0247738095238097, 1.0741785714285714, 1.039059523809524, 0.9980595238095237, 1.045809523809524, 1.003297619047619, 1.0109166666666667, 1.0462738095238096, 1.008547619047619, 1.0187738095238095]",21
0,RNAVLGGGIGAIIGFIITGGALGRAR,2480.9089,2.557377513,"{'A': 4, 'C': 0, 'D': 0, 'E': 0, 'F': 1, 'G': 8, 'H': 0, 'I': 5, 'K': 0, 'L': 2, 'M': 0, 'N': 1, 'P': 0, 'Q': 0, 'R': 3, 'S': 0, 'T': 1, 'V': 1, 'W': 0, 'Y': 0}","{'A': 0.15384615384615385, 'C': 0.0, 'D': 0.0, 'E': 0.0, 'F': 0.038461538461538464, 'G': 0.3076923076923077, 'H': 0.0, 'I': 0.19230769230769232, 'K': 0.0, 'L': 0.07692307692307693, 'M': 0.0, 'N': 0.038461538461538464, 'P': 0.0, 'Q': 0.0, 'R': 0.11538461538461539, 'S': 0.0, 'T': 0.038461538461538464, 'V': 0.038461538461538464, 'W': 0.0, 'Y': 0.0}",0.038461538,15.53846154,12.30108643,"(0.3461538461538462, 0.34615384615384615, 0.23076923076923078)",0.346153846,0.346153846,0.230769231,"(0, 0)",0,0,0.9,"[1.005297619047619, 0.9924642857142858, 0.9943809523809523, 0.9734642857142856, 1.0072142857142856, 0.9776309523809523, 0.9648095238095236, 0.9645357142857142, 0.9769285714285714, 0.9358928571428571, 0.9565952380952379, 0.9594761904761905, 0.9821666666666666, 0.9843690476190476, 0.9855714285714285, 0.9845833333333334, 0.9859166666666668]",26
0,DSIEWILKKAAAELSKEVSRNQ,2515.816,-0.446280262,"{'A': 3, 'C': 0, 'D': 1, 'E': 3, 'F': 0, 'G': 0, 'H': 0, 'I': 2, 'K': 3, 'L': 2, 'M': 0, 'N': 1, 'P': 0, 'Q': 1, 'R': 1, 'S': 3, 'T': 0, 'V': 1, 'W': 1, 'Y': 0}","{'A': 0.13636363636363635, 'C': 0.0, 'D': 0.045454545454545456, 'E': 0.13636363636363635, 'F': 0.0, 'G': 0.0, 'H': 0.0, 'I': 0.09090909090909091, 'K': 0.13636363636363635, 'L': 0.09090909090909091, 'M': 0.0, 'N': 0.045454545454545456, 'P': 0.0, 'Q': 0.045454545454545456, 'R': 0.045454545454545456, 'S': 0.13636363636363635, 'T': 0.0, 'V': 0.045454545454545456, 'W': 0.045454545454545456, 'Y': 0.0}",0.045454545,47.27272727,6.255310059,"(0.2727272727272727, 0.18181818181818182, 0.36363636363636365)",0.272727273,0.181818182,0.363636364,"(5500, 5500)",5500,5500,-0.65,"[0.9933452380952381, 0.9898809523809524, 1.0268928571428573, 1.0089404761904763, 0.9931071428571427, 1.0163452380952382, 1.0175119047619048, 1.0423809523809526, 0.9951547619047622, 1.0431190476190477, 1.0418809523809525, 1.034904761904762, 1.0049285714285716]",22
0,GAKAVLKQLGKLKEKIWLWRR,2522.0886,5.545995429,"{'A': 2, 'C': 0, 'D': 0, 'E': 1, 'F': 0, 'G': 2, 'H': 0, 'I': 1, 'K': 5, 'L': 4, 'M': 0, 'N': 0, 'P': 0, 'Q': 1, 'R': 2, 'S': 0, 'T': 0, 'V': 1, 'W': 2, 'Y': 0}","{'A': 0.09523809523809523, 'C': 0.0, 'D': 0.0, 'E': 0.047619047619047616, 'F': 0.0, 'G': 0.09523809523809523, 'H': 0.0, 'I': 0.047619047619047616, 'K': 0.23809523809523808, 'L': 0.19047619047619047, 'M': 0.0, 'N': 0.0, 'P': 0.0, 'Q': 0.047619047619047616, 'R': 0.09523809523809523, 'S': 0.0, 'T': 0.0, 'V': 0.047619047619047616, 'W': 0.09523809523809523, 'Y': 0.0}",0.095238095,40.95238095,11.21966553,"(0.38095238095238093, 0.09523809523809523, 0.3333333333333333)",0.380952381,0.095238095,0.333333333,"(11000, 11000)",11000,11000,-0.504761905,"[0.9994999999999999, 1.0308333333333333, 0.9977261904761905, 0.9881904761904763, 1.0314523809523808, 1.0402023809523808, 1.0073928571428572, 1.06725, 1.0355119047619048, 1.033452380952381, 0.9795119047619048, 0.9838809523809524]",21
0,RKFRKLRRRACRFIRRFR,2522.0886,10.52771225,"{'A': 1, 'C': 1, 'D': 0, 'E': 0, 'F': 3, 'G': 0, 'H': 0, 'I': 1, 'K': 2, 'L': 1, 'M': 0, 'N': 0, 'P': 0, 'Q': 0, 'R': 9, 'S': 0, 'T': 0, 'V': 0, 'W': 0, 'Y': 0}","{'A': 0.05555555555555555, 'C': 0.05555555555555555, 'D': 0.0, 'E': 0.0, 'F': 0.16666666666666666, 'G': 0.0, 'H': 0.0, 'I': 0.05555555555555555, 'K': 0.1111111111111111, 'L': 0.05555555555555555, 'M': 0.0, 'N': 0.0, 'P': 0.0, 'Q': 0.0, 'R': 0.5, 'S': 0.0, 'T': 0.0, 'V': 0.0, 'W': 0.0, 'Y': 0.0}",0.166666667,135.3055556,12.54571533,"(0.2777777777777778, 0.0, 0.1111111111111111)",0.277777778,0,0.111111111,"(0, 0)",0,0,-1.516666667,"[0.979559523809524, 1.0181309523809525, 0.9966071428571429, 0.9957857142857143, 0.9815357142857144, 0.957702380952381, 0.9864642857142857, 0.9476071428571429, 0.9614642857142858]",18
0,NGSILLRGKGVSVGAPAVSTWHWF,2539.8866,1.591548598,"{'A': 2, 'C': 0, 'D': 0, 'E': 0, 'F': 1, 'G': 4, 'H': 1, 'I': 1, 'K': 1, 'L': 2, 'M': 0, 'N': 1, 'P': 1, 'Q': 0, 'R': 1, 'S': 3, 'T': 1, 'V': 3, 'W': 2, 'Y': 0}","{'A': 0.08333333333333333, 'C': 0.0, 'D': 0.0, 'E': 0.0, 'F': 0.041666666666666664, 'G': 0.16666666666666666, 'H': 0.041666666666666664, 'I': 0.041666666666666664, 'K': 0.041666666666666664, 'L': 0.08333333333333333, 'M': 0.0, 'N': 0.041666666666666664, 'P': 0.041666666666666664, 'Q': 0.0, 'R': 0.041666666666666664, 'S': 0.125, 'T': 0.041666666666666664, 'V': 0.125, 'W': 0.08333333333333333, 'Y': 0.0}",0.125,20.1375,11.00079346,"(0.37499999999999994, 0.375, 0.16666666666666666)",0.375,0.375,0.166666667,"(11000, 11000)",11000,11000,0.329166667,"[0.9850000000000001, 1.0029880952380952, 1.0004523809523809, 1.0199523809523812, 1.0002738095238095, 0.9944285714285716, 1.0293928571428572, 0.9838571428571429, 1.0184642857142858, 0.9862142857142857, 1.0085833333333334, 0.9876071428571429, 0.9818095238095239, 1.0086428571428572, 0.9695357142857143]",24
0,FAKKKKKAFKKFKKKRAFKFR,2689.3847,12.52984111,"{'A': 3, 'C': 0, 'D': 0, 'E': 0, 'F': 5, 'G': 0, 'H': 0, 'I': 0, 'K': 11, 'L': 0, 'M': 0, 'N': 0, 'P': 0, 'Q': 0, 'R': 2, 'S': 0, 'T': 0, 'V': 0, 'W': 0, 'Y': 0}","{'A': 0.14285714285714285, 'C': 0.0, 'D': 0.0, 'E': 0.0, 'F': 0.23809523809523808, 'G': 0.0, 'H': 0.0, 'I': 0.0, 'K': 0.5238095238095238, 'L': 0.0, 'M': 0.0, 'N': 0.0, 'P': 0.0, 'Q': 0.0, 'R': 0.09523809523809523, 'S': 0.0, 'T': 0.0, 'V': 0.0, 'W': 0.0, 'Y': 0.0}",0.238095238,3.576190476,12.0791626,"(0.23809523809523808, 0.0, 0.14285714285714285)",0.238095238,0,0.142857143,"(0, 0)",0,0,-1.547619048,"[1.0645238095238096, 1.06675, 1.0390000000000001, 1.0285357142857143, 1.0681547619047622, 1.0367500000000003, 1.0053452380952383, 1.0763214285714287, 1.0507023809523812, 1.049809523809524, 1.0243333333333335, 1.0211904761904762]",21
0,PSISRLDWLGDVDSIISWIDKVKS,2730.0756,-1.101922304,"{'A': 0, 'C': 0, 'D': 4, 'E': 0, 'F': 0, 'G': 1, 'H': 0, 'I': 4, 'K': 2, 'L': 2, 'M': 0, 'N': 0, 'P': 1, 'Q': 0, 'R': 1, 'S': 5, 'T': 0, 'V': 2, 'W': 2, 'Y': 0}","{'A': 0.0, 'C': 0.0, 'D': 0.16666666666666666, 'E': 0.0, 'F': 0.0, 'G': 0.041666666666666664, 'H': 0.0, 'I': 0.16666666666666666, 'K': 0.08333333333333333, 'L': 0.08333333333333333, 'M': 0.0, 'N': 0.0, 'P': 0.041666666666666664, 'Q': 0.0, 'R': 0.041666666666666664, 'S': 0.20833333333333334, 'T': 0.0, 'V': 0.08333333333333333, 'W': 0.08333333333333333, 'Y': 0.0}",0.083333333,24.2625,4.578186035,"(0.41666666666666663, 0.2916666666666667, 0.08333333333333333)",0.416666667,0.291666667,0.083333333,"(11000, 11000)",11000,11000,-0.004166667,"[0.9791547619047618, 1.0109285714285714, 0.9561904761904761, 0.9892738095238097, 1.0044880952380952, 1.004202380952381, 0.9769285714285714, 1.0236190476190477, 1.000202380952381, 0.9748214285714285, 0.9814999999999999, 0.9981666666666668, 0.9557738095238095, 0.9826428571428572, 1.0157857142857143]",24
0,YNISILEKALSIKLGEKELTTRLL,2746.2457,0.550767661,"{'A': 1, 'C': 0, 'D': 0, 'E': 3, 'F': 0, 'G': 1, 'H': 0, 'I': 3, 'K': 3, 'L': 6, 'M': 0, 'N': 1, 'P': 0, 'Q': 0, 'R': 1, 'S': 2, 'T': 2, 'V': 0, 'W': 0, 'Y': 1}","{'A': 0.041666666666666664, 'C': 0.0, 'D': 0.0, 'E': 0.125, 'F': 0.0, 'G': 0.041666666666666664, 'H': 0.0, 'I': 0.125, 'K': 0.125, 'L': 0.25, 'M': 0.0, 'N': 0.041666666666666664, 'P': 0.0, 'Q': 0.0, 'R': 0.041666666666666664, 'S': 0.08333333333333333, 'T': 0.08333333333333333, 'V': 0.0, 'W': 0.0, 'Y': 0.041666666666666664}",0.041666667,25.7,8.430725098,"(0.41666666666666663, 0.16666666666666666, 0.41666666666666663)",0.416666667,0.166666667,0.416666667,"(1490, 1490)",1490,1490,0.133333333,"[0.9955357142857143, 1.030547619047619, 1.0116904761904761, 0.9900119047619048, 0.9998928571428569, 1.0270000000000001, 0.9840119047619049, 1.0374404761904763, 0.9819404761904762, 1.042702380952381, 1.0475238095238095, 1.0429285714285714, 1.042, 1.003797619047619, 1.0321785714285714]",24
0,SKSIRLSKEIQRLEEVSDSTNFLS,2767.053,-0.748024342,"{'A': 0, 'C': 0, 'D': 1, 'E': 3, 'F': 1, 'G': 0, 'H': 0, 'I': 2, 'K': 2, 'L': 3, 'M': 0, 'N': 1, 'P': 0, 'Q': 1, 'R': 2, 'S': 6, 'T': 1, 'V': 1, 'W': 0, 'Y': 0}","{'A': 0.0, 'C': 0.0, 'D': 0.041666666666666664, 'E': 0.125, 'F': 0.041666666666666664, 'G': 0.0, 'H': 0.0, 'I': 0.08333333333333333, 'K': 0.08333333333333333, 'L': 0.125, 'M': 0.0, 'N': 0.041666666666666664, 'P': 0.0, 'Q': 0.041666666666666664, 'R': 0.08333333333333333, 'S': 0.25, 'T': 0.041666666666666664, 'V': 0.041666666666666664, 'W': 0.0, 'Y': 0.0}",0.041666667,26.69166667,5.980529785,"(0.29166666666666663, 0.2916666666666667, 0.25)",0.291666667,0.291666667,0.25,"(0, 0)",0,0,-0.6625,"[1.0008809523809525, 1.0336190476190477, 1.0290833333333336, 1.0237976190476192, 0.9930000000000001, 1.0402142857142858, 1.0179166666666668, 1.0030238095238093, 1.0441190476190478, 1.021809523809524, 0.9987500000000001, 1.0483690476190477, 1.0362380952380954, 1.0266904761904763, 1.0092261904761906]",24
0,RRAKFVLRGKISLRLRALRSVSSF,2817.388,7.552290973,"{'A': 2, 'C': 0, 'D': 0, 'E': 0, 'F': 2, 'G': 1, 'H': 0, 'I': 1, 'K': 2, 'L': 4, 'M': 0, 'N': 0, 'P': 0, 'Q': 0, 'R': 6, 'S': 4, 'T': 0, 'V': 2, 'W': 0, 'Y': 0}","{'A': 0.08333333333333333, 'C': 0.0, 'D': 0.0, 'E': 0.0, 'F': 0.08333333333333333, 'G': 0.041666666666666664, 'H': 0.0, 'I': 0.041666666666666664, 'K': 0.08333333333333333, 'L': 0.16666666666666666, 'M': 0.0, 'N': 0.0, 'P': 0.0, 'Q': 0.0, 'R': 0.25, 'S': 0.16666666666666666, 'T': 0.0, 'V': 0.08333333333333333, 'W': 0.0, 'Y': 0.0}",0.083333333,81.27083333,12.70098877,"(0.375, 0.20833333333333331, 0.25)",0.375,0.208333333,0.25,"(0, 0)",0,0,-0.045833333,"[0.9855119047619048, 0.9839880952380953, 0.9984166666666667, 0.9984523809523809, 1.0109642857142858, 0.9722857142857142, 1.0227619047619048, 0.9772857142857144, 1.0033333333333334, 0.9682738095238096, 0.9896785714285714, 0.9772619047619048, 0.9701309523809526, 0.9981190476190476, 0.999297619047619]",24
0,GAIRICRVWLPCLIRQWLISIAKL,2822.5285,3.505865185,"{'A': 2, 'C': 2, 'D': 0, 'E': 0, 'F': 0, 'G': 1, 'H': 0, 'I': 5, 'K': 1, 'L': 4, 'M': 0, 'N': 0, 'P': 1, 'Q': 1, 'R': 3, 'S': 1, 'T': 0, 'V': 1, 'W': 2, 'Y': 0}","{'A': 0.08333333333333333, 'C': 0.08333333333333333, 'D': 0.0, 'E': 0.0, 'F': 0.0, 'G': 0.041666666666666664, 'H': 0.0, 'I': 0.20833333333333334, 'K': 0.041666666666666664, 'L': 0.16666666666666666, 'M': 0.0, 'N': 0.0, 'P': 0.041666666666666664, 'Q': 0.041666666666666664, 'R': 0.125, 'S': 0.041666666666666664, 'T': 0.0, 'V': 0.041666666666666664, 'W': 0.08333333333333333, 'Y': 0.0}",0.083333333,33.725,10.78692627,"(0.5, 0.125, 0.25)",0.5,0.125,0.25,"(11000, 11125)",11000,11125,1.041666667,"[0.9508690476190477, 0.9662619047619049, 0.9356190476190476, 0.9430714285714286, 0.9514285714285716, 0.9699523809523809, 0.9272499999999999, 0.9598571428571431, 0.9555595238095238, 0.9758095238095239, 0.9679166666666665, 0.9378809523809524, 0.9667261904761906, 0.9601666666666666, 0.9926904761904763]",24
0,FKLSLGFFRLLKGGALHWHEVHSF,2827.288,1.663416648,"{'A': 1, 'C': 0, 'D': 0, 'E': 1, 'F': 4, 'G': 3, 'H': 3, 'I': 0, 'K': 2, 'L': 5, 'M': 0, 'N': 0, 'P': 0, 'Q': 0, 'R': 1, 'S': 2, 'T': 0, 'V': 1, 'W': 1, 'Y': 0}","{'A': 0.041666666666666664, 'C': 0.0, 'D': 0.0, 'E': 0.041666666666666664, 'F': 0.16666666666666666, 'G': 0.125, 'H': 0.125, 'I': 0.0, 'K': 0.08333333333333333, 'L': 0.20833333333333334, 'M': 0.0, 'N': 0.0, 'P': 0.0, 'Q': 0.0, 'R': 0.041666666666666664, 'S': 0.08333333333333333, 'T': 0.0, 'V': 0.041666666666666664, 'W': 0.041666666666666664, 'Y': 0.0}",0.208333333,2.979166667,9.994567871,"(0.4583333333333333, 0.20833333333333331, 0.2916666666666667)",0.458333333,0.208333333,0.291666667,"(5500, 5500)",5500,5500,0.295833333,"[0.9977142857142858, 0.9529642857142858, 0.9608928571428572, 0.9817738095238097, 0.9560119047619049, 0.9792738095238097, 1.0204880952380952, 0.9887857142857144, 1.0040119047619047, 0.9864285714285714, 0.9751190476190476, 0.9802738095238096, 0.957547619047619, 0.9704642857142858, 0.9952738095238096]",24
0,SILEQEAIEALSELSDLELRDVNISK,2915.2067,-5.742805626,"{'A': 2, 'C': 0, 'D': 2, 'E': 5, 'F': 0, 'G': 0, 'H': 0, 'I': 3, 'K': 1, 'L': 5, 'M': 0, 'N': 1, 'P': 0, 'Q': 1, 'R': 1, 'S': 4, 'T': 0, 'V': 1, 'W': 0, 'Y': 0}","{'A': 0.07692307692307693, 'C': 0.0, 'D': 0.07692307692307693, 'E': 0.19230769230769232, 'F': 0.0, 'G': 0.0, 'H': 0.0, 'I': 0.11538461538461539, 'K': 0.038461538461538464, 'L': 0.19230769230769232, 'M': 0.0, 'N': 0.038461538461538464, 'P': 0.0, 'Q': 0.038461538461538464, 'R': 0.038461538461538464, 'S': 0.15384615384615385, 'T': 0.0, 'V': 0.038461538461538464, 'W': 0.0, 'Y': 0.0}",0,80.45384615,4.002258301,"(0.34615384615384615, 0.19230769230769232, 0.46153846153846156)",0.346153846,0.192307692,0.461538462,"(0, 0)",0,0,-0.107692308,"[1.031857142857143, 1.0008809523809523, 1.00525, 1.0435952380952382, 0.9914404761904763, 0.9967738095238097, 1.0257142857142858, 1.0241785714285716, 0.9881309523809525, 1.0368809523809523, 1.0223452380952383, 0.9931190476190476, 1.0436785714285715, 0.9796666666666667, 1.0220595238095238, 1.0147380952380953, 0.9762380952380953]",26
0,RKFRKRIFVGRAIKVLVGGFGFRLC,2924.6053,7.525307131,"{'A': 1, 'C': 1, 'D': 0, 'E': 0, 'F': 4, 'G': 4, 'H': 0, 'I': 2, 'K': 3, 'L': 2, 'M': 0, 'N': 0, 'P': 0, 'Q': 0, 'R': 5, 'S': 0, 'T': 0, 'V': 3, 'W': 0, 'Y': 0}","{'A': 0.04, 'C': 0.04, 'D': 0.0, 'E': 0.0, 'F': 0.16, 'G': 0.16, 'H': 0.0, 'I': 0.08, 'K': 0.12, 'L': 0.08, 'M': 0.0, 'N': 0.0, 'P': 0.0, 'Q': 0.0, 'R': 0.2, 'S': 0.0, 'T': 0.0, 'V': 0.12, 'W': 0.0, 'Y': 0.0}",0.16,13.992,12.18341064,"(0.44, 0.16, 0.12)",0.44,0.16,0.12,"(0, 0)",0,0,0.356,"[0.9837023809523809, 0.9749166666666667, 0.975404761904762, 0.9783095238095237, 0.9905238095238095, 0.9731309523809525, 0.9770238095238094, 0.9732261904761905, 1.0160714285714287, 0.9531071428571428, 0.9795476190476189, 0.9730238095238095, 0.9955357142857143, 0.9798095238095237, 0.9555238095238097, 0.997797619047619]",25
0,ILEPISNAKQSLSLSKWVSNQWIRKT,3027.4754,2.551031732,"{'A': 1, 'C': 0, 'D': 0, 'E': 1, 'F': 0, 'G': 0, 'H': 0, 'I': 3, 'K': 3, 'L': 3, 'M': 0, 'N': 2, 'P': 1, 'Q': 2, 'R': 1, 'S': 5, 'T': 1, 'V': 1, 'W': 2, 'Y': 0}","{'A': 0.038461538461538464, 'C': 0.0, 'D': 0.0, 'E': 0.038461538461538464, 'F': 0.0, 'G': 0.0, 'H': 0.0, 'I': 0.11538461538461539, 'K': 0.11538461538461539, 'L': 0.11538461538461539, 'M': 0.0, 'N': 0.07692307692307693, 'P': 0.038461538461538464, 'Q': 0.07692307692307693, 'R': 0.038461538461538464, 'S': 0.19230769230769232, 'T': 0.038461538461538464, 'V': 0.038461538461538464, 'W': 0.07692307692307693, 'Y': 0.0}",0.076923077,44.25769231,10.28973389,"(0.34615384615384615, 0.3076923076923077, 0.19230769230769232)",0.346153846,0.307692308,0.192307692,"(11000, 11000)",11000,11000,-0.419230769,"[1.035, 1.024202380952381, 1.0188809523809523, 1.0495119047619048, 1.0186190476190478, 1.028952380952381, 0.9986309523809522, 1.0360952380952382, 0.9903214285714287, 1.0217142857142858, 1.0124166666666667, 0.9648809523809525, 1.0054523809523812, 1.0181309523809525, 0.9980833333333333, 0.991404761904762, 0.9662738095238096]",26
0,GSLRIRLRCRVRLRLRRRRRRCR,3063.7628,12.5081196,"{'A': 0, 'C': 2, 'D': 0, 'E': 0, 'F': 0, 'G': 1, 'H': 0, 'I': 1, 'K': 0, 'L': 4, 'M': 0, 'N': 0, 'P': 0, 'Q': 0, 'R': 13, 'S': 1, 'T': 0, 'V': 1, 'W': 0, 'Y': 0}","{'A': 0.0, 'C': 0.08695652173913043, 'D': 0.0, 'E': 0.0, 'F': 0.0, 'G': 0.043478260869565216, 'H': 0.0, 'I': 0.043478260869565216, 'K': 0.0, 'L': 0.17391304347826086, 'M': 0.0, 'N': 0.0, 'P': 0.0, 'Q': 0.0, 'R': 0.5652173913043478, 'S': 0.043478260869565216, 'T': 0.0, 'V': 0.043478260869565216, 'W': 0.0, 'Y': 0.0}",0,167.5826087,12.52301025,"(0.2608695652173913, 0.08695652173913043, 0.17391304347826086)",0.260869565,0.086956522,0.173913043,"(0, 125)",0,125,-1.339130435,"[0.9900238095238096, 0.9574880952380953, 0.9790714285714286, 0.9483214285714286, 0.9828095238095238, 0.9534642857142858, 0.9802142857142858, 0.9562976190476191, 0.9852857142857142, 0.9650833333333334, 0.9956428571428572, 0.9906190476190476, 0.9958333333333332, 0.9970595238095238]",23
0,SWDWCELLLEFGWSLGNAGANALNKTAL,3080.4268,-2.771092642,"{'A': 4, 'C': 1, 'D': 1, 'E': 2, 'F': 1, 'G': 3, 'H': 0, 'I': 0, 'K': 1, 'L': 6, 'M': 0, 'N': 3, 'P': 0, 'Q': 0, 'R': 0, 'S': 2, 'T': 1, 'V': 0, 'W': 3, 'Y': 0}","{'A': 0.14285714285714285, 'C': 0.03571428571428571, 'D': 0.03571428571428571, 'E': 0.07142857142857142, 'F': 0.03571428571428571, 'G': 0.10714285714285714, 'H': 0.0, 'I': 0.0, 'K': 0.03571428571428571, 'L': 0.21428571428571427, 'M': 0.0, 'N': 0.10714285714285714, 'P': 0.0, 'Q': 0.0, 'R': 0.0, 'S': 0.07142857142857142, 'T': 0.03571428571428571, 'V': 0.0, 'W': 0.10714285714285714, 'Y': 0.0}",0.142857143,16.44285714,4.136779785,"(0.3571428571428571, 0.2857142857142857, 0.42857142857142855)",0.357142857,0.285714286,0.428571429,"(16500, 16500)",16500,16500,0.15,"[1.0036309523809526, 0.9440000000000003, 0.9722023809523809, 0.9718690476190476, 1.005904761904762, 0.9497976190476191, 0.9983095238095236, 0.9579166666666667, 1.0124285714285715, 0.9707142857142856, 1.0107857142857142, 1.0053809523809523, 0.995440476190476, 1.0199285714285713, 0.9984880952380953, 1.0199047619047619, 0.9977619047619047, 0.9989761904761904, 1.0310833333333334]",28
0,WDWDWISIDWICEEWEESDVKEASV,3156.3442,-8.462166351,"{'A': 1, 'C': 1, 'D': 4, 'E': 5, 'F': 0, 'G': 0, 'H': 0, 'I': 3, 'K': 1, 'L': 0, 'M': 0, 'N': 0, 'P': 0, 'Q': 0, 'R': 0, 'S': 3, 'T': 0, 'V': 2, 'W': 5, 'Y': 0}","{'A': 0.04, 'C': 0.04, 'D': 0.16, 'E': 0.2, 'F': 0.0, 'G': 0.0, 'H': 0.0, 'I': 0.12, 'K': 0.04, 'L': 0.0, 'M': 0.0, 'N': 0.0, 'P': 0.0, 'Q': 0.0, 'R': 0.0, 'S': 0.12, 'T': 0.0, 'V': 0.08, 'W': 0.2, 'Y': 0.0}",0.2,36.22,3.544006348,"(0.4, 0.12, 0.24000000000000002)",0.4,0.12,0.24,"(27500, 27500)",27500,27500,-0.644,"[0.9776190476190477, 0.9967619047619048, 0.9497857142857145, 0.9951547619047618, 0.9383333333333332, 0.9781071428571428, 0.971345238095238, 1.0195833333333335, 1.0053333333333334, 0.9807738095238095, 1.0651428571428572, 1.0400000000000003, 1.0385119047619047, 1.050452380952381, 1.0169642857142858, 1.0755714285714286]",25
0,SLLRNIKVKNKEKLEEWIGRKLLSDVK,3237.8361,3.241953287,"{'A': 0, 'C': 0, 'D': 1, 'E': 3, 'F': 0, 'G': 1, 'H': 0, 'I': 2, 'K': 6, 'L': 5, 'M': 0, 'N': 2, 'P': 0, 'Q': 0, 'R': 2, 'S': 2, 'T': 0, 'V': 2, 'W': 1, 'Y': 0}","{'A': 0.0, 'C': 0.0, 'D': 0.037037037037037035, 'E': 0.1111111111111111, 'F': 0.0, 'G': 0.037037037037037035, 'H': 0.0, 'I': 0.07407407407407407, 'K': 0.2222222222222222, 'L': 0.18518518518518517, 'M': 0.0, 'N': 0.07407407407407407, 'P': 0.0, 'Q': 0.0, 'R': 0.07407407407407407, 'S': 0.07407407407407407, 'T': 0.0, 'V': 0.07407407407407407, 'W': 0.037037037037037035, 'Y': 0.0}",0.037037037,38.17407407,9.994567871,"(0.37037037037037035, 0.18518518518518517, 0.2962962962962963)",0.37037037,0.185185185,0.296296296,"(5500, 5500)",5500,5500,-0.737037037,"[0.9763214285714286, 1.037654761904762, 0.9891666666666667, 1.0653809523809525, 1.0390714285714286, 1.064404761904762, 1.0623333333333336, 1.0665000000000002, 1.0275595238095239, 1.0699285714285716, 1.0311904761904762, 0.9809166666666668, 1.0091904761904762, 1.0181309523809525, 0.9959761904761906, 1.0168333333333333, 0.9711666666666667, 1.0012619047619047]",27
0,ALEKAKLEDIEELLDSILNAKLSTLDKLL,3239.7511,-3.396397577,"{'A': 3, 'C': 0, 'D': 3, 'E': 4, 'F': 0, 'G': 0, 'H': 0, 'I': 2, 'K': 4, 'L': 9, 'M': 0, 'N': 1, 'P': 0, 'Q': 0, 'R': 0, 'S': 2, 'T': 1, 'V': 0, 'W': 0, 'Y': 0}","{'A': 0.10344827586206896, 'C': 0.0, 'D': 0.10344827586206896, 'E': 0.13793103448275862, 'F': 0.0, 'G': 0.0, 'H': 0.0, 'I': 0.06896551724137931, 'K': 0.13793103448275862, 'L': 0.3103448275862069, 'M': 0.0, 'N': 0.034482758620689655, 'P': 0.0, 'Q': 0.0, 'R': 0.0, 'S': 0.06896551724137931, 'T': 0.034482758620689655, 'V': 0.0, 'W': 0.0, 'Y': 0.0}",0,44.26206897,4.441223145,"(0.3793103448275862, 0.10344827586206896, 0.5517241379310345)",0.379310345,0.103448276,0.551724138,"(0, 0)",0,0,0.093103448,"[1.0593452380952382, 1.0053452380952383, 1.065797619047619, 1.0327023809523812, 1.0052738095238096, 1.0562857142857145, 1.0240714285714287, 0.9936785714285714, 1.0089047619047617, 1.025261904761905, 0.9985714285714287, 0.9721428571428571, 0.9935, 1.0168214285714288, 0.9917142857142858, 1.026964285714286, 0.9740357142857144, 1.0281309523809525, 1.0047857142857144, 0.9981785714285716]",29
0,KSLVLLDIKWKISKLLEESSIDRRLNGR,3310.8868,2.550489632,"{'A': 0, 'C': 0, 'D': 2, 'E': 2, 'F': 0, 'G': 1, 'H': 0, 'I': 3, 'K': 4, 'L': 6, 'M': 0, 'N': 1, 'P': 0, 'Q': 0, 'R': 3, 'S': 4, 'T': 0, 'V': 1, 'W': 1, 'Y': 0}","{'A': 0.0, 'C': 0.0, 'D': 0.07142857142857142, 'E': 0.07142857142857142, 'F': 0.0, 'G': 0.03571428571428571, 'H': 0.0, 'I': 0.10714285714285714, 'K': 0.14285714285714285, 'L': 0.21428571428571427, 'M': 0.0, 'N': 0.03571428571428571, 'P': 0.0, 'Q': 0.0, 'R': 0.10714285714285714, 'S': 0.14285714285714285, 'T': 0.0, 'V': 0.03571428571428571, 'W': 0.03571428571428571, 'Y': 0.0}",0.035714286,38.34285714,9.988830566,"(0.3928571428571428, 0.21428571428571427, 0.2857142857142857)",0.392857143,0.214285714,0.285714286,"(5500, 5500)",5500,5500,-0.378571429,"[0.9747023809523809, 0.9972142857142856, 0.957154761904762, 1.0228928571428573, 0.9633928571428572, 1.0448809523809526, 0.9801190476190478, 1.0288928571428573, 1.0242380952380952, 0.9844880952380952, 1.0188095238095236, 1.052107142857143, 1.0311785714285715, 1.0247619047619048, 1.0304642857142858, 1.0069880952380952, 1.0469047619047618, 1.0030714285714286, 1.0083571428571427]",28
0,KKKKAALKKKKKKKLLLRDVKLLEDAVLTS,3463.3375,9.529374367,"{'A': 3, 'C': 0, 'D': 2, 'E': 1, 'F': 0, 'G': 0, 'H': 0, 'I': 0, 'K': 12, 'L': 7, 'M': 0, 'N': 0, 'P': 0, 'Q': 0, 'R': 1, 'S': 1, 'T': 1, 'V': 2, 'W': 0, 'Y': 0}","{'A': 0.1, 'C': 0.0, 'D': 0.06666666666666667, 'E': 0.03333333333333333, 'F': 0.0, 'G': 0.0, 'H': 0.0, 'I': 0.0, 'K': 0.4, 'L': 0.23333333333333334, 'M': 0.0, 'N': 0.0, 'P': 0.0, 'Q': 0.0, 'R': 0.03333333333333333, 'S': 0.03333333333333333, 'T': 0.03333333333333333, 'V': 0.06666666666666667, 'W': 0.0, 'Y': 0.0}",0,13.05666667,10.47174072,"(0.3, 0.03333333333333333, 0.3666666666666667)",0.3,0.033333333,0.366666667,"(0, 0)",0,0,-0.763333333,"[1.0413809523809523, 1.0260833333333335, 1.0696904761904764, 1.0522738095238096, 1.0666666666666669, 1.0824642857142859, 1.0860952380952382, 1.0801309523809526, 1.0602500000000001, 1.0060714285714285, 1.0150119047619046, 0.9963333333333334, 1.0055238095238097, 1.0023095238095237, 0.964797619047619, 1.0295, 0.9758809523809526, 1.0072738095238094, 1.0355, 1.0001428571428572, 0.9869523809523809]",30
0,EAIWDIWIWSCFLKSDAPWLRLSVDKVSNL,3592.1261,-1.360798799,"{'A': 2, 'C': 1, 'D': 3, 'E': 1, 'F': 1, 'G': 0, 'H': 0, 'I': 3, 'K': 2, 'L': 4, 'M': 0, 'N': 1, 'P': 1, 'Q': 0, 'R': 1, 'S': 4, 'T': 0, 'V': 2, 'W': 4, 'Y': 0}","{'A': 0.06666666666666667, 'C': 0.03333333333333333, 'D': 0.1, 'E': 0.03333333333333333, 'F': 0.03333333333333333, 'G': 0.0, 'H': 0.0, 'I': 0.1, 'K': 0.06666666666666667, 'L': 0.13333333333333333, 'M': 0.0, 'N': 0.03333333333333333, 'P': 0.03333333333333333, 'Q': 0.0, 'R': 0.03333333333333333, 'S': 0.13333333333333333, 'T': 0.0, 'V': 0.06666666666666667, 'W': 0.13333333333333333, 'Y': 0.0}",0.166666667,23.02666667,4.684753418,"(0.4666666666666667, 0.2, 0.23333333333333334)",0.466666667,0.2,0.233333333,"(22000, 22000)",22000,22000,0.26,"[0.9323095238095237, 0.9446071428571428, 0.948047619047619, 0.9380000000000001, 0.9689404761904763, 0.9218452380952381, 0.9586428571428571, 0.9762261904761906, 1.020511904761905, 0.9991547619047619, 1.0175714285714286, 0.9990119047619048, 1.0218571428571426, 0.9709999999999999, 0.9888214285714286, 0.988452380952381, 0.9623571428571428, 1.0060238095238097, 0.9703928571428572, 1.0290119047619046, 1.0228809523809526]",30
0,RLRTWTRRCKLRLRRVHGGFLWGECRRK,3597.287,9.540956085,"{'A': 0, 'C': 2, 'D': 0, 'E': 1, 'F': 1, 'G': 3, 'H': 1, 'I': 0, 'K': 2, 'L': 4, 'M': 0, 'N': 0, 'P': 0, 'Q': 0, 'R': 9, 'S': 0, 'T': 2, 'V': 1, 'W': 2, 'Y': 0}","{'A': 0.0, 'C': 0.07142857142857142, 'D': 0.0, 'E': 0.03571428571428571, 'F': 0.03571428571428571, 'G': 0.10714285714285714, 'H': 0.03571428571428571, 'I': 0.0, 'K': 0.07142857142857142, 'L': 0.14285714285714285, 'M': 0.0, 'N': 0.0, 'P': 0.0, 'Q': 0.0, 'R': 0.32142857142857145, 'S': 0.0, 'T': 0.07142857142857142, 'V': 0.03571428571428571, 'W': 0.07142857142857142, 'Y': 0.0}",0.107142857,96.33928571,12.10028076,"(0.2857142857142857, 0.10714285714285714, 0.17857142857142855)",0.285714286,0.107142857,0.178571429,"(11000, 11125)",11000,11125,-1.15,"[0.9915595238095237, 0.983095238095238, 0.9852142857142857, 0.967392857142857, 1.0224166666666668, 0.960404761904762, 1.0017142857142858, 0.9705238095238096, 0.993107142857143, 0.9821904761904763, 0.9653571428571427, 0.9821190476190477, 0.9920595238095238, 0.9756904761904762, 0.9498690476190477, 0.9742261904761905, 0.9646428571428571, 0.9983214285714285, 0.994107142857143]",28
0,RLRLRIRVRRRRRGRRRRHFTSTPRPGRRS,3924.5988,15.59367742,"{'A': 0, 'C': 0, 'D': 0, 'E': 0, 'F': 1, 'G': 2, 'H': 1, 'I': 1, 'K': 0, 'L': 2, 'M': 0, 'N': 0, 'P': 2, 'Q': 0, 'R': 16, 'S': 2, 'T': 2, 'V': 1, 'W': 0, 'Y': 0}","{'A': 0.0, 'C': 0.0, 'D': 0.0, 'E': 0.0, 'F': 0.03333333333333333, 'G': 0.06666666666666667, 'H': 0.03333333333333333, 'I': 0.03333333333333333, 'K': 0.0, 'L': 0.06666666666666667, 'M': 0.0, 'N': 0.0, 'P': 0.06666666666666667, 'Q': 0.0, 'R': 0.5333333333333333, 'S': 0.06666666666666667, 'T': 0.06666666666666667, 'V': 0.03333333333333333, 'W': 0.0, 'Y': 0.0}",0.033333333,193.94,13.17608643,"(0.16666666666666669, 0.2, 0.06666666666666667)",0.166666667,0.2,0.066666667,"(0, 0)",0,0,-2.103333333,"[0.9562380952380953, 0.9866666666666666, 0.9627976190476191, 0.9948809523809524, 0.9893333333333333, 0.9960714285714286, 1.0035, 1.0070714285714284, 1.015940476190476, 1.008, 1.0087976190476189, 1.0014761904761904, 0.9947380952380952, 0.9788928571428572, 0.9772261904761905, 1.0007857142857144, 1.0019285714285715, 0.9934285714285713, 1.0207261904761904, 1.0122738095238095, 1.0325714285714285]",30