,sequence,aa_counts,aa_percentages,molecular_weight,aromaticity,instability_index,isoelectric_point,sec_struc,helix,turn,sheet,epsilon_prot,with_reduced_cysteines,with_disulfid_bridges,gravy,flexibility,net_charge_at_pH7point4
0,DSIEWILKKAAAELSKEVSRNQ,"{'A': 3, 'C': 0, 'D': 1, 'E': 3, 'F': 0, 'G': 0, 'H': 0, 'I': 2, 'K': 3, 'L': 2, 'M': 0, 'N': 1, 'P': 0, 'Q': 1, 'R': 1, 'S': 3, 'T': 0, 'V': 1, 'W': 1, 'Y': 0}","{'A': 0.13636363636363635, 'C': 0.0, 'D': 0.045454545454545456, 'E': 0.13636363636363635, 'F': 0.0, 'G': 0.0, 'H': 0.0, 'I': 0.09090909090909091, 'K': 0.13636363636363635, 'L': 0.09090909090909091, 'M': 0.0, 'N': 0.045454545454545456, 'P': 0.0, 'Q': 0.045454545454545456, 'R': 0.045454545454545456, 'S': 0.13636363636363635, 'T': 0.0, 'V': 0.045454545454545456, 'W': 0.045454545454545456, 'Y': 0.0}",2515.8160000000003,0.045454545454545456,47.27272727272728,6.25531005859375,"(0.2727272727272727, 0.18181818181818182, 0.36363636363636365)",0.2727272727272727,0.18181818181818182,0.36363636363636365,"(5500, 5500)",5500,5500,-0.65,"[0.9933452380952381, 0.9898809523809524, 1.0268928571428573, 1.0089404761904763, 0.9931071428571427, 1.0163452380952382, 1.0175119047619048, 1.0423809523809526, 0.9951547619047622, 1.0431190476190477, 1.0418809523809525, 1.034904761904762, 1.0049285714285716]",-0.4462802616937438
0,FRLRRARKKRKRKGR,"{'A': 1, 'C': 0, 'D': 0, 'E': 0, 'F': 1, 'G': 1, 'H': 0, 'I': 0, 'K': 4, 'L': 1, 'M': 0, 'N': 0, 'P': 0, 'Q': 0, 'R': 7, 'S': 0, 'T': 0, 'V': 0, 'W': 0, 'Y': 0}","{'A': 0.06666666666666667, 'C': 0.0, 'D': 0.0, 'E': 0.0, 'F': 0.06666666666666667, 'G': 0.06666666666666667, 'H': 0.0, 'I': 0.0, 'K': 0.26666666666666666, 'L': 0.06666666666666667, 'M': 0.0, 'N': 0.0, 'P': 0.0, 'Q': 0.0, 'R': 0.4666666666666667, 'S': 0.0, 'T': 0.0, 'V': 0.0, 'W': 0.0, 'Y': 0.0}",2012.4650000000001,0.06666666666666667,98.16666666666666,12.78155517578125,"(0.13333333333333333, 0.06666666666666667, 0.13333333333333333)",0.13333333333333333,0.06666666666666667,0.13333333333333333,"(0, 0)",0,0,-2.606666666666667,"[0.998904761904762, 1.0209404761904761, 1.0489285714285717, 1.0454285714285716, 1.0362142857142858, 1.0739761904761906]",10.54725466926419
0,DSIIWDIWWSVCPWVRSDAILDKVSL,"{'A': 1, 'C': 1, 'D': 4, 'E': 0, 'F': 0, 'G': 0, 'H': 0, 'I': 4, 'K': 1, 'L': 2, 'M': 0, 'N': 0, 'P': 1, 'Q': 0, 'R': 1, 'S': 4, 'T': 0, 'V': 3, 'W': 4, 'Y': 0}","{'A': 0.038461538461538464, 'C': 0.038461538461538464, 'D': 0.15384615384615385, 'E': 0.0, 'F': 0.0, 'G': 0.0, 'H': 0.0, 'I': 0.15384615384615385, 'K': 0.038461538461538464, 'L': 0.07692307692307693, 'M': 0.0, 'N': 0.0, 'P': 0.038461538461538464, 'Q': 0.0, 'R': 0.038461538461538464, 'S': 0.15384615384615385, 'T': 0.0, 'V': 0.11538461538461539, 'W': 0.15384615384615385, 'Y': 0.0}",3103.5463,0.15384615384615385,37.8346153846154,4.13909912109375,"(0.5, 0.19230769230769232, 0.11538461538461539)",0.5,0.19230769230769232,0.11538461538461539,"(22000, 22000)",22000,22000,0.4500000000000001,"[0.989297619047619, 0.9301190476190475, 0.9455119047619048, 0.9474285714285715, 0.9797142857142858, 0.9353690476190476, 0.9463095238095237, 0.982345238095238, 0.9380000000000001, 0.9770357142857142, 0.9929999999999999, 0.9966666666666668, 0.9997499999999998, 0.981357142857143, 0.9909642857142859, 1.000702380952381, 1.0267142857142857]",-2.467795274264027
0,EAIWDIWIWSCFLKSDAPWLRLSVDKVSNL,"{'A': 2, 'C': 1, 'D': 3, 'E': 1, 'F': 1, 'G': 0, 'H': 0, 'I': 3, 'K': 2, 'L': 4, 'M': 0, 'N': 1, 'P': 1, 'Q': 0, 'R': 1, 'S': 4, 'T': 0, 'V': 2, 'W': 4, 'Y': 0}","{'A': 0.06666666666666667, 'C': 0.03333333333333333, 'D': 0.1, 'E': 0.03333333333333333, 'F': 0.03333333333333333, 'G': 0.0, 'H': 0.0, 'I': 0.1, 'K': 0.06666666666666667, 'L': 0.13333333333333333, 'M': 0.0, 'N': 0.03333333333333333, 'P': 0.03333333333333333, 'Q': 0.0, 'R': 0.03333333333333333, 'S': 0.13333333333333333, 'T': 0.0, 'V': 0.06666666666666667, 'W': 0.13333333333333333, 'Y': 0.0}",3592.1261000000004,0.16666666666666666,23.02666666666667,4.68475341796875,"(0.4666666666666667, 0.2, 0.23333333333333334)",0.4666666666666667,0.2,0.23333333333333334,"(22000, 22000)",22000,22000,0.2599999999999999,"[0.9323095238095237, 0.9446071428571428, 0.948047619047619, 0.9380000000000001, 0.9689404761904763, 0.9218452380952381, 0.9586428571428571, 0.9762261904761906, 1.020511904761905, 0.9991547619047619, 1.0175714285714286, 0.9990119047619048, 1.0218571428571426, 0.9709999999999999, 0.9888214285714286, 0.988452380952381, 0.9623571428571428, 1.0060238095238097, 0.9703928571428572, 1.0290119047619046, 1.0228809523809526]",-1.3607987993256434
0,RLLRAWDWWICVKSKLELLEKRKHDLWE,"{'A': 1, 'C': 1, 'D': 2, 'E': 3, 'F': 0, 'G': 0, 'H': 1, 'I': 1, 'K': 4, 'L': 6, 'M': 0, 'N': 0, 'P': 0, 'Q': 0, 'R': 3, 'S': 1, 'T': 0, 'V': 1, 'W': 4, 'Y': 0}","{'A': 0.03571428571428571, 'C': 0.03571428571428571, 'D': 0.07142857142857142, 'E': 0.10714285714285714, 'F': 0.0, 'G': 0.0, 'H': 0.03571428571428571, 'I': 0.03571428571428571, 'K': 0.14285714285714285, 'L': 0.21428571428571427, 'M': 0.0, 'N': 0.0, 'P': 0.0, 'Q': 0.0, 'R': 0.10714285714285714, 'S': 0.03571428571428571, 'T': 0.0, 'V': 0.03571428571428571, 'W': 0.14285714285714285, 'Y': 0.0}",3651.289600000001,0.14285714285714285,29.86785714285714,9.11090087890625,"(0.42857142857142855, 0.03571428571428571, 0.3571428571428571)",0.42857142857142855,0.03571428571428571,0.3571428571428571,"(22000, 22000)",22000,22000,-0.6571428571428571,"[0.950845238095238, 0.9905357142857141, 0.9256785714285715, 0.9451904761904762, 0.9471904761904761, 0.9448333333333333, 0.9695238095238095, 1.0102857142857142, 0.9945595238095238, 1.0284761904761905, 0.9892738095238097, 1.0502500000000001, 0.9932857142857143, 1.0151309523809522, 1.0506904761904763, 1.0292261904761904, 1.019845238095238, 1.0502976190476192, 0.9989642857142856]",1.5658259536096368
0,FKLSLGFFRLLKGGALHWHEVHSF,"{'A': 1, 'C': 0, 'D': 0, 'E': 1, 'F': 4, 'G': 3, 'H': 3, 'I': 0, 'K': 2, 'L': 5, 'M': 0, 'N': 0, 'P': 0, 'Q': 0, 'R': 1, 'S': 2, 'T': 0, 'V': 1, 'W': 1, 'Y': 0}","{'A': 0.041666666666666664, 'C': 0.0, 'D': 0.0, 'E': 0.041666666666666664, 'F': 0.16666666666666666, 'G': 0.125, 'H': 0.125, 'I': 0.0, 'K': 0.08333333333333333, 'L': 0.20833333333333334, 'M': 0.0, 'N': 0.0, 'P': 0.0, 'Q': 0.0, 'R': 0.041666666666666664, 'S': 0.08333333333333333, 'T': 0.0, 'V': 0.041666666666666664, 'W': 0.041666666666666664, 'Y': 0.0}",2827.2879999999996,0.20833333333333331,2.979166666666668,9.99456787109375,"(0.4583333333333333, 0.20833333333333331, 0.2916666666666667)",0.4583333333333333,0.20833333333333331,0.2916666666666667,"(5500, 5500)",5500,5500,0.2958333333333333,"[0.9977142857142858, 0.9529642857142858, 0.9608928571428572, 0.9817738095238097, 0.9560119047619049, 0.9792738095238097, 1.0204880952380952, 0.9887857142857144, 1.0040119047619047, 0.9864285714285714, 0.9751190476190476, 0.9802738095238096, 0.957547619047619, 0.9704642857142858, 0.9952738095238096]",1.66341664846699
0,SLLRNIKVKNKEKLEEWIGRKLLSDVK,"{'A': 0, 'C': 0, 'D': 1, 'E': 3, 'F': 0, 'G': 1, 'H': 0, 'I': 2, 'K': 6, 'L': 5, 'M': 0, 'N': 2, 'P': 0, 'Q': 0, 'R': 2, 'S': 2, 'T': 0, 'V': 2, 'W': 1, 'Y': 0}","{'A': 0.0, 'C': 0.0, 'D': 0.037037037037037035, 'E': 0.1111111111111111, 'F': 0.0, 'G': 0.037037037037037035, 'H': 0.0, 'I': 0.07407407407407407, 'K': 0.2222222222222222, 'L': 0.18518518518518517, 'M': 0.0, 'N': 0.07407407407407407, 'P': 0.0, 'Q': 0.0, 'R': 0.07407407407407407, 'S': 0.07407407407407407, 'T': 0.0, 'V': 0.07407407407407407, 'W': 0.037037037037037035, 'Y': 0.0}",3237.8361,0.037037037037037035,38.174074074074085,9.99456787109375,"(0.37037037037037035, 0.18518518518518517, 0.2962962962962963)",0.37037037037037035,0.18518518518518517,0.2962962962962963,"(5500, 5500)",5500,5500,-0.7370370370370369,"[0.9763214285714286, 1.037654761904762, 0.9891666666666667, 1.0653809523809525, 1.0390714285714286, 1.064404761904762, 1.0623333333333336, 1.0665000000000002, 1.0275595238095239, 1.0699285714285716, 1.0311904761904762, 0.9809166666666668, 1.0091904761904762, 1.0181309523809525, 0.9959761904761906, 1.0168333333333333, 0.9711666666666667, 1.0012619047619047]",3.24195328687979
0,SLLRDWICEILGKLSIQKKLLESRRRR,"{'A': 0, 'C': 1, 'D': 1, 'E': 2, 'F': 0, 'G': 1, 'H': 0, 'I': 3, 'K': 3, 'L': 6, 'M': 0, 'N': 0, 'P': 0, 'Q': 1, 'R': 5, 'S': 3, 'T': 0, 'V': 0, 'W': 1, 'Y': 0}","{'A': 0.0, 'C': 0.037037037037037035, 'D': 0.037037037037037035, 'E': 0.07407407407407407, 'F': 0.0, 'G': 0.037037037037037035, 'H': 0.0, 'I': 0.1111111111111111, 'K': 0.1111111111111111, 'L': 0.2222222222222222, 'M': 0.0, 'N': 0.0, 'P': 0.0, 'Q': 0.037037037037037035, 'R': 0.18518518518518517, 'S': 0.1111111111111111, 'T': 0.0, 'V': 0.0, 'W': 0.037037037037037035, 'Y': 0.0}",3310.9597000000003,0.037037037037037035,99.50740740740741,10.88665771484375,"(0.37037037037037035, 0.14814814814814814, 0.2962962962962963)",0.37037037037037035,0.14814814814814814,0.2962962962962963,"(5500, 5500)",5500,5500,-0.4851851851851852,"[0.9450833333333334, 0.9709285714285714, 0.9603690476190475, 1.0031428571428571, 0.9465, 0.9793571428571427, 1.008202380952381, 1.0124404761904762, 0.9741666666666668, 1.0257142857142858, 0.9941309523809524, 1.0396785714285715, 1.0324642857142858, 1.024309523809524, 0.996142857142857, 1.0205000000000002, 1.0513214285714287, 1.0134404761904763]",4.223770581691347
0,SKSIRLSKEIQRLEEVSDSTNFLS,"{'A': 0, 'C': 0, 'D': 1, 'E': 3, 'F': 1, 'G': 0, 'H': 0, 'I': 2, 'K': 2, 'L': 3, 'M': 0, 'N': 1, 'P': 0, 'Q': 1, 'R': 2, 'S': 6, 'T': 1, 'V': 1, 'W': 0, 'Y': 0}","{'A': 0.0, 'C': 0.0, 'D': 0.041666666666666664, 'E': 0.125, 'F': 0.041666666666666664, 'G': 0.0, 'H': 0.0, 'I': 0.08333333333333333, 'K': 0.08333333333333333, 'L': 0.125, 'M': 0.0, 'N': 0.041666666666666664, 'P': 0.0, 'Q': 0.041666666666666664, 'R': 0.08333333333333333, 'S': 0.25, 'T': 0.041666666666666664, 'V': 0.041666666666666664, 'W': 0.0, 'Y': 0.0}",2767.0530000000003,0.041666666666666664,26.691666666666674,5.98052978515625,"(0.29166666666666663, 0.2916666666666667, 0.25)",0.29166666666666663,0.2916666666666667,0.25,"(0, 0)",0,0,-0.6625000000000001,"[1.0008809523809525, 1.0336190476190477, 1.0290833333333336, 1.0237976190476192, 0.9930000000000001, 1.0402142857142858, 1.0179166666666668, 1.0030238095238093, 1.0441190476190478, 1.021809523809524, 0.9987500000000001, 1.0483690476190477, 1.0362380952380954, 1.0266904761904763, 1.0092261904761906]",-0.7480243424510675
0,KLLRDIWIWDWWWWICEELSNRK,"{'A': 0, 'C': 1, 'D': 2, 'E': 2, 'F': 0, 'G': 0, 'H': 0, 'I': 3, 'K': 2, 'L': 3, 'M': 0, 'N': 1, 'P': 0, 'Q': 0, 'R': 2, 'S': 1, 'T': 0, 'V': 0, 'W': 6, 'Y': 0}","{'A': 0.0, 'C': 0.043478260869565216, 'D': 0.08695652173913043, 'E': 0.08695652173913043, 'F': 0.0, 'G': 0.0, 'H': 0.0, 'I': 0.13043478260869565, 'K': 0.08695652173913043, 'L': 0.13043478260869565, 'M': 0.0, 'N': 0.043478260869565216, 'P': 0.0, 'Q': 0.0, 'R': 0.08695652173913043, 'S': 0.043478260869565216, 'T': 0.0, 'V': 0.0, 'W': 0.2608695652173913, 'Y': 0.0}",3175.6619000000005,0.2608695652173913,28.421739130434784,6.20709228515625,"(0.5217391304347826, 0.08695652173913043, 0.21739130434782608)",0.5217391304347826,0.08695652173913043,0.21739130434782608,"(33000, 33000)",33000,33000,-0.5695652173913043,"[0.9456547619047619, 0.9563690476190475, 0.9588333333333333, 0.9448809523809525, 0.9739047619047618, 0.9078333333333333, 0.9323928571428571, 0.9266309523809524, 0.9296190476190477, 0.9448690476190477, 0.9446190476190476, 1.0051190476190477, 0.9950238095238096, 0.9801190476190474]",-0.4689774315950057
0,QSLRDWICWVLGK,"{'A': 0, 'C': 1, 'D': 1, 'E': 0, 'F': 0, 'G': 1, 'H': 0, 'I': 1, 'K': 1, 'L': 2, 'M': 0, 'N': 0, 'P': 0, 'Q': 1, 'R': 1, 'S': 1, 'T': 0, 'V': 1, 'W': 2, 'Y': 0}","{'A': 0.0, 'C': 0.07692307692307693, 'D': 0.07692307692307693, 'E': 0.0, 'F': 0.0, 'G': 0.07692307692307693, 'H': 0.0, 'I': 0.07692307692307693, 'K': 0.07692307692307693, 'L': 0.15384615384615385, 'M': 0.0, 'N': 0.0, 'P': 0.0, 'Q': 0.07692307692307693, 'R': 0.07692307692307693, 'S': 0.07692307692307693, 'T': 0.0, 'V': 0.07692307692307693, 'W': 0.15384615384615385, 'Y': 0.0}",1603.8850000000002,0.15384615384615385,63.00000000000001,8.22210693359375,"(0.46153846153846156, 0.15384615384615385, 0.15384615384615385)",0.46153846153846156,0.15384615384615385,0.15384615384615385,"(11000, 11000)",11000,11000,0.030769230769230695,"[0.9448571428571428, 0.9605714285714284, 0.9380833333333333, 0.9380238095238095]",0.5308652732709587
0,GPLSLYDFISILATLLSNLSRRIRNNKAK,"{'A': 2, 'C': 0, 'D': 1, 'E': 0, 'F': 1, 'G': 1, 'H': 0, 'I': 3, 'K': 2, 'L': 6, 'M': 0, 'N': 3, 'P': 1, 'Q': 0, 'R': 3, 'S': 4, 'T': 1, 'V': 0, 'W': 0, 'Y': 1}","{'A': 0.06896551724137931, 'C': 0.0, 'D': 0.034482758620689655, 'E': 0.0, 'F': 0.034482758620689655, 'G': 0.034482758620689655, 'H': 0.0, 'I': 0.10344827586206896, 'K': 0.06896551724137931, 'L': 0.20689655172413793, 'M': 0.0, 'N': 0.10344827586206896, 'P': 0.034482758620689655, 'Q': 0.0, 'R': 0.10344827586206896, 'S': 0.13793103448275862, 'T': 0.034482758620689655, 'V': 0.0, 'W': 0.0, 'Y': 0.034482758620689655}",3274.813000000001,0.06896551724137931,60.67586206896552,11.00030517578125,"(0.3793103448275862, 0.3103448275862069, 0.27586206896551724)",0.3793103448275862,0.3103448275862069,0.27586206896551724,"(1490, 1490)",1490,1490,0.0068965517241380446,"[0.9779642857142857, 1.0017976190476192, 0.9443333333333334, 0.9699404761904761, 0.9869404761904763, 0.946452380952381, 0.9668928571428571, 0.969654761904762, 0.9696071428571429, 0.9618333333333334, 0.9726785714285716, 1.0035238095238097, 0.9942380952380953, 0.9779047619047619, 1.0184166666666667, 0.9944047619047619, 1.002595238095238, 0.9856190476190476, 1.0202619047619048, 1.0225357142857143]",3.550307219019976
0,ALEKAKLEDIEELLDSILNAKLSTLDKLL,"{'A': 3, 'C': 0, 'D': 3, 'E': 4, 'F': 0, 'G': 0, 'H': 0, 'I': 2, 'K': 4, 'L': 9, 'M': 0, 'N': 1, 'P': 0, 'Q': 0, 'R': 0, 'S': 2, 'T': 1, 'V': 0, 'W': 0, 'Y': 0}","{'A': 0.10344827586206896, 'C': 0.0, 'D': 0.10344827586206896, 'E': 0.13793103448275862, 'F': 0.0, 'G': 0.0, 'H': 0.0, 'I': 0.06896551724137931, 'K': 0.13793103448275862, 'L': 0.3103448275862069, 'M': 0.0, 'N': 0.034482758620689655, 'P': 0.0, 'Q': 0.0, 'R': 0.0, 'S': 0.06896551724137931, 'T': 0.034482758620689655, 'V': 0.0, 'W': 0.0, 'Y': 0.0}",3239.7511000000004,0.0,44.26206896551725,4.44122314453125,"(0.3793103448275862, 0.10344827586206896, 0.5517241379310345)",0.3793103448275862,0.10344827586206896,0.5517241379310345,"(0, 0)",0,0,0.09310344827586198,"[1.0593452380952382, 1.0053452380952383, 1.065797619047619, 1.0327023809523812, 1.0052738095238096, 1.0562857142857145, 1.0240714285714287, 0.9936785714285714, 1.0089047619047617, 1.025261904761905, 0.9985714285714287, 0.9721428571428571, 0.9935, 1.0168214285714288, 0.9917142857142858, 1.026964285714286, 0.9740357142857144, 1.0281309523809525, 1.0047857142857144, 0.9981785714285716]",-3.396397576513274
0,LRDIWDWICVFDQLLLKW,"{'A': 0, 'C': 1, 'D': 3, 'E': 0, 'F': 1, 'G': 0, 'H': 0, 'I': 2, 'K': 1, 'L': 4, 'M': 0, 'N': 0, 'P': 0, 'Q': 1, 'R': 1, 'S': 0, 'T': 0, 'V': 1, 'W': 3, 'Y': 0}","{'A': 0.0, 'C': 0.05555555555555555, 'D': 0.16666666666666666, 'E': 0.0, 'F': 0.05555555555555555, 'G': 0.0, 'H': 0.0, 'I': 0.1111111111111111, 'K': 0.05555555555555555, 'L': 0.2222222222222222, 'M': 0.0, 'N': 0.0, 'P': 0.0, 'Q': 0.05555555555555555, 'R': 0.05555555555555555, 'S': 0.0, 'T': 0.0, 'V': 0.05555555555555555, 'W': 0.16666666666666666, 'Y': 0.0}",2362.7877000000003,0.2222222222222222,18.094444444444445,4.42889404296875,"(0.611111111111111, 0.0, 0.2222222222222222)",0.611111111111111,0.0,0.2222222222222222,"(16500, 16500)",16500,16500,0.47777777777777763,"[0.9958571428571427, 0.9295476190476192, 0.9500595238095239, 0.93725, 0.9518571428571428, 0.9507380952380954, 0.9868452380952382, 0.9638452380952381, 0.9594404761904765]",-1.468241758419031
0,ALGLRAIKLLEELELSDEKRISWKQ,"{'A': 2, 'C': 0, 'D': 1, 'E': 4, 'F': 0, 'G': 1, 'H': 0, 'I': 2, 'K': 3, 'L': 6, 'M': 0, 'N': 0, 'P': 0, 'Q': 1, 'R': 2, 'S': 2, 'T': 0, 'V': 0, 'W': 1, 'Y': 0}","{'A': 0.08, 'C': 0.0, 'D': 0.04, 'E': 0.16, 'F': 0.0, 'G': 0.04, 'H': 0.0, 'I': 0.08, 'K': 0.12, 'L': 0.24, 'M': 0.0, 'N': 0.0, 'P': 0.0, 'Q': 0.04, 'R': 0.08, 'S': 0.08, 'T': 0.0, 'V': 0.0, 'W': 0.04, 'Y': 0.0}",2939.4086,0.04,46.048,6.35491943359375,"(0.36, 0.12, 0.48)",0.36,0.12,0.48,"(5500, 5500)",5500,5500,-0.368,"[0.9786428571428571, 0.9714166666666666, 1.0210714285714286, 0.9665000000000001, 0.9996309523809523, 1.0379404761904762, 1.0166785714285715, 0.9917738095238094, 1.0490119047619049, 0.9990476190476192, 1.0557857142857143, 1.0437380952380952, 1.0459047619047621, 1.0473333333333332, 1.016714285714286, 1.0119642857142856]",-0.39483518862274547
0,GAKAVLKQLGKLKEKIWLWRR,"{'A': 2, 'C': 0, 'D': 0, 'E': 1, 'F': 0, 'G': 2, 'H': 0, 'I': 1, 'K': 5, 'L': 4, 'M': 0, 'N': 0, 'P': 0, 'Q': 1, 'R': 2, 'S': 0, 'T': 0, 'V': 1, 'W': 2, 'Y': 0}","{'A': 0.09523809523809523, 'C': 0.0, 'D': 0.0, 'E': 0.047619047619047616, 'F': 0.0, 'G': 0.09523809523809523, 'H': 0.0, 'I': 0.047619047619047616, 'K': 0.23809523809523808, 'L': 0.19047619047619047, 'M': 0.0, 'N': 0.0, 'P': 0.0, 'Q': 0.047619047619047616, 'R': 0.09523809523809523, 'S': 0.0, 'T': 0.0, 'V': 0.047619047619047616, 'W': 0.09523809523809523, 'Y': 0.0}",2522.0886,0.09523809523809523,40.95238095238095,11.21966552734375,"(0.38095238095238093, 0.09523809523809523, 0.3333333333333333)",0.38095238095238093,0.09523809523809523,0.3333333333333333,"(11000, 11000)",11000,11000,-0.5047619047619047,"[0.9994999999999999, 1.0308333333333333, 0.9977261904761905, 0.9881904761904763, 1.0314523809523808, 1.0402023809523808, 1.0073928571428572, 1.06725, 1.0355119047619048, 1.033452380952381, 0.9795119047619048, 0.9838809523809524]",5.545995428703618
0,SLRKDWIGLSISIESQKSLDKL,"{'A': 0, 'C': 0, 'D': 2, 'E': 1, 'F': 0, 'G': 1, 'H': 0, 'I': 3, 'K': 3, 'L': 4, 'M': 0, 'N': 0, 'P': 0, 'Q': 1, 'R': 1, 'S': 5, 'T': 0, 'V': 0, 'W': 1, 'Y': 0}","{'A': 0.0, 'C': 0.0, 'D': 0.09090909090909091, 'E': 0.045454545454545456, 'F': 0.0, 'G': 0.045454545454545456, 'H': 0.0, 'I': 0.13636363636363635, 'K': 0.13636363636363635, 'L': 0.18181818181818182, 'M': 0.0, 'N': 0.0, 'P': 0.0, 'Q': 0.045454545454545456, 'R': 0.045454545454545456, 'S': 0.22727272727272727, 'T': 0.0, 'V': 0.0, 'W': 0.045454545454545456, 'Y': 0.0}",2516.8868,0.045454545454545456,48.06363636363637,8.21990966796875,"(0.36363636363636365, 0.2727272727272727, 0.2272727272727273)",0.36363636363636365,0.2727272727272727,0.2272727272727273,"(5500, 5500)",5500,5500,-0.30909090909090914,"[0.9711666666666667, 0.9955000000000002, 1.0054404761904763, 0.9669404761904763, 0.9988928571428571, 0.961642857142857, 1.015702380952381, 0.9818214285714287, 1.0450357142857143, 1.0212619047619047, 1.0318690476190477, 1.0529285714285717, 1.0342261904761907]",0.24770014539033713
0,SRLRLDWDWDIWVWVCTL,"{'A': 0, 'C': 1, 'D': 3, 'E': 0, 'F': 0, 'G': 0, 'H': 0, 'I': 1, 'K': 0, 'L': 3, 'M': 0, 'N': 0, 'P': 0, 'Q': 0, 'R': 2, 'S': 1, 'T': 1, 'V': 2, 'W': 4, 'Y': 0}","{'A': 0.0, 'C': 0.05555555555555555, 'D': 0.16666666666666666, 'E': 0.0, 'F': 0.0, 'G': 0.0, 'H': 0.0, 'I': 0.05555555555555555, 'K': 0.0, 'L': 0.16666666666666666, 'M': 0.0, 'N': 0.0, 'P': 0.0, 'Q': 0.0, 'R': 0.1111111111111111, 'S': 0.05555555555555555, 'T': 0.05555555555555555, 'V': 0.1111111111111111, 'W': 0.2222222222222222, 'Y': 0.0}",2362.705,0.2222222222222222,39.522222222222226,4.42755126953125,"(0.5555555555555555, 0.05555555555555555, 0.16666666666666666)",0.5555555555555555,0.05555555555555555,0.16666666666666666,"(22000, 22000)",22000,22000,0.12222222222222208,"[1.0095, 0.9560476190476189, 1.014595238095238, 0.9525, 1.0051666666666665, 0.9415238095238094, 0.947547619047619, 0.9465595238095238, 0.9282142857142857]",-1.7699858391763548
0,GAIRICRVWLPCLIRQWLISIAKL,"{'A': 2, 'C': 2, 'D': 0, 'E': 0, 'F': 0, 'G': 1, 'H': 0, 'I': 5, 'K': 1, 'L': 4, 'M': 0, 'N': 0, 'P': 1, 'Q': 1, 'R': 3, 'S': 1, 'T': 0, 'V': 1, 'W': 2, 'Y': 0}","{'A': 0.08333333333333333, 'C': 0.08333333333333333, 'D': 0.0, 'E': 0.0, 'F': 0.0, 'G': 0.041666666666666664, 'H': 0.0, 'I': 0.20833333333333334, 'K': 0.041666666666666664, 'L': 0.16666666666666666, 'M': 0.0, 'N': 0.0, 'P': 0.041666666666666664, 'Q': 0.041666666666666664, 'R': 0.125, 'S': 0.041666666666666664, 'T': 0.0, 'V': 0.041666666666666664, 'W': 0.08333333333333333, 'Y': 0.0}",2822.5285,0.08333333333333333,33.72500000000001,10.78692626953125,"(0.5, 0.125, 0.25)",0.5,0.125,0.25,"(11000, 11125)",11000,11125,1.0416666666666667,"[0.9508690476190477, 0.9662619047619049, 0.9356190476190476, 0.9430714285714286, 0.9514285714285716, 0.9699523809523809, 0.9272499999999999, 0.9598571428571431, 0.9555595238095238, 0.9758095238095239, 0.9679166666666665, 0.9378809523809524, 0.9667261904761906, 0.9601666666666666, 0.9926904761904763]",3.5058651850988714
0,WDLDQWDWIEWLIPWLRLWK,"{'A': 0, 'C': 0, 'D': 3, 'E': 1, 'F': 0, 'G': 0, 'H': 0, 'I': 2, 'K': 1, 'L': 4, 'M': 0, 'N': 0, 'P': 1, 'Q': 1, 'R': 1, 'S': 0, 'T': 0, 'V': 0, 'W': 6, 'Y': 0}","{'A': 0.0, 'C': 0.0, 'D': 0.15, 'E': 0.05, 'F': 0.0, 'G': 0.0, 'H': 0.0, 'I': 0.1, 'K': 0.05, 'L': 0.2, 'M': 0.0, 'N': 0.0, 'P': 0.05, 'Q': 0.05, 'R': 0.05, 'S': 0.0, 'T': 0.0, 'V': 0.0, 'W': 0.3, 'Y': 0.0}",2798.1989000000003,0.3,54.885000000000005,4.22601318359375,"(0.6000000000000001, 0.05, 0.25)",0.6000000000000001,0.05,0.25,"(33000, 33000)",33000,33000,-0.43500000000000005,"[0.9673571428571428, 1.0220833333333332, 0.9535476190476191, 0.9803095238095239, 0.9991309523809525, 0.9337380952380953, 0.9694761904761906, 0.9552142857142857, 0.9833214285714285, 0.9341309523809523, 0.9574285714285715]",-2.442617629928851
0,CRRLGRVLRRLRLHTGAK,"{'A': 1, 'C': 1, 'D': 0, 'E': 0, 'F': 0, 'G': 2, 'H': 1, 'I': 0, 'K': 1, 'L': 4, 'M': 0, 'N': 0, 'P': 0, 'Q': 0, 'R': 6, 'S': 0, 'T': 1, 'V': 1, 'W': 0, 'Y': 0}","{'A': 0.05555555555555555, 'C': 0.05555555555555555, 'D': 0.0, 'E': 0.0, 'F': 0.0, 'G': 0.1111111111111111, 'H': 0.05555555555555555, 'I': 0.0, 'K': 0.05555555555555555, 'L': 0.2222222222222222, 'M': 0.0, 'N': 0.0, 'P': 0.0, 'Q': 0.0, 'R': 0.3333333333333333, 'S': 0.0, 'T': 0.05555555555555555, 'V': 0.05555555555555555, 'W': 0.0, 'Y': 0.0}",2161.6298,0.0,80.86666666666666,12.30279541015625,"(0.2777777777777778, 0.1111111111111111, 0.2777777777777778)",0.2777777777777778,0.1111111111111111,0.2777777777777778,"(0, 0)",0,0,-0.6611111111111111,"[0.9765952380952382, 0.9675952380952382, 0.9759761904761904, 0.9884404761904764, 0.9764642857142857, 0.9588452380952381, 0.984202380952381, 0.961297619047619, 0.97875]",6.566919639125134
0,ILEPISNAKQSLSLSKWVSNQWIRKT,"{'A': 1, 'C': 0, 'D': 0, 'E': 1, 'F': 0, 'G': 0, 'H': 0, 'I': 3, 'K': 3, 'L': 3, 'M': 0, 'N': 2, 'P': 1, 'Q': 2, 'R': 1, 'S': 5, 'T': 1, 'V': 1, 'W': 2, 'Y': 0}","{'A': 0.038461538461538464, 'C': 0.0, 'D': 0.0, 'E': 0.038461538461538464, 'F': 0.0, 'G': 0.0, 'H': 0.0, 'I': 0.11538461538461539, 'K': 0.11538461538461539, 'L': 0.11538461538461539, 'M': 0.0, 'N': 0.07692307692307693, 'P': 0.038461538461538464, 'Q': 0.07692307692307693, 'R': 0.038461538461538464, 'S': 0.19230769230769232, 'T': 0.038461538461538464, 'V': 0.038461538461538464, 'W': 0.07692307692307693, 'Y': 0.0}",3027.4754,0.07692307692307693,44.25769230769231,10.28973388671875,"(0.34615384615384615, 0.3076923076923077, 0.19230769230769232)",0.34615384615384615,0.3076923076923077,0.19230769230769232,"(11000, 11000)",11000,11000,-0.4192307692307692,"[1.035, 1.024202380952381, 1.0188809523809523, 1.0495119047619048, 1.0186190476190478, 1.028952380952381, 0.9986309523809522, 1.0360952380952382, 0.9903214285714287, 1.0217142857142858, 1.0124166666666667, 0.9648809523809525, 1.0054523809523812, 1.0181309523809525, 0.9980833333333333, 0.991404761904762, 0.9662738095238096]",2.551031732271563
0,RLRWILIGRWICCIFILLSEVSKL,"{'A': 0, 'C': 2, 'D': 0, 'E': 1, 'F': 1, 'G': 1, 'H': 0, 'I': 5, 'K': 1, 'L': 5, 'M': 0, 'N': 0, 'P': 0, 'Q': 0, 'R': 3, 'S': 2, 'T': 0, 'V': 1, 'W': 2, 'Y': 0}","{'A': 0.0, 'C': 0.08333333333333333, 'D': 0.0, 'E': 0.041666666666666664, 'F': 0.041666666666666664, 'G': 0.041666666666666664, 'H': 0.0, 'I': 0.20833333333333334, 'K': 0.041666666666666664, 'L': 0.20833333333333334, 'M': 0.0, 'N': 0.0, 'P': 0.0, 'Q': 0.0, 'R': 0.125, 'S': 0.08333333333333333, 'T': 0.0, 'V': 0.041666666666666664, 'W': 0.08333333333333333, 'Y': 0.0}",2931.6510000000003,0.125,85.87916666666666,9.69183349609375,"(0.5833333333333334, 0.125, 0.25)",0.5833333333333334,0.125,0.25,"(11000, 11125)",11000,11125,1.2,"[0.9528928571428572, 0.9494285714285715, 0.9738095238095238, 0.9510833333333334, 0.9330714285714286, 0.948047619047619, 0.9314285714285714, 0.9277142857142857, 0.9246428571428572, 0.9170595238095238, 0.9300357142857145, 0.9439761904761906, 0.955607142857143, 0.994202380952381, 1.0050000000000001]",2.5069859460387156
0,SWDWICWKVLSFTWLKRDF,"{'A': 0, 'C': 1, 'D': 2, 'E': 0, 'F': 2, 'G': 0, 'H': 0, 'I': 1, 'K': 2, 'L': 2, 'M': 0, 'N': 0, 'P': 0, 'Q': 0, 'R': 1, 'S': 2, 'T': 1, 'V': 1, 'W': 4, 'Y': 0}","{'A': 0.0, 'C': 0.05263157894736842, 'D': 0.10526315789473684, 'E': 0.0, 'F': 0.10526315789473684, 'G': 0.0, 'H': 0.0, 'I': 0.05263157894736842, 'K': 0.10526315789473684, 'L': 0.10526315789473684, 'M': 0.0, 'N': 0.0, 'P': 0.0, 'Q': 0.0, 'R': 0.05263157894736842, 'S': 0.10526315789473684, 'T': 0.05263157894736842, 'V': 0.05263157894736842, 'W': 0.21052631578947367, 'Y': 0.0}",2516.9128,0.3157894736842105,24.773684210526316,7.91937255859375,"(0.5263157894736842, 0.10526315789473684, 0.10526315789473684)",0.5263157894736842,0.10526315789473684,0.10526315789473684,"(22000, 22000)",22000,22000,-0.04210526315789482,"[0.9487619047619047, 0.9485238095238095, 0.9957738095238097, 0.9315238095238095, 0.9688571428571426, 0.9899285714285716, 0.944857142857143, 0.9854642857142857, 0.9516190476190477, 0.9837619047619047]",0.224581609567442
0,GLLRRDIQELINKSISKEKEK,"{'A': 0, 'C': 0, 'D': 1, 'E': 3, 'F': 0, 'G': 1, 'H': 0, 'I': 3, 'K': 4, 'L': 3, 'M': 0, 'N': 1, 'P': 0, 'Q': 1, 'R': 2, 'S': 2, 'T': 0, 'V': 0, 'W': 0, 'Y': 0}","{'A': 0.0, 'C': 0.0, 'D': 0.047619047619047616, 'E': 0.14285714285714285, 'F': 0.0, 'G': 0.047619047619047616, 'H': 0.0, 'I': 0.14285714285714285, 'K': 0.19047619047619047, 'L': 0.14285714285714285, 'M': 0.0, 'N': 0.047619047619047616, 'P': 0.0, 'Q': 0.047619047619047616, 'R': 0.09523809523809523, 'S': 0.09523809523809523, 'T': 0.0, 'V': 0.0, 'W': 0.0, 'Y': 0.0}",2497.8886000000007,0.0,66.41904761904762,9.52447509765625,"(0.2857142857142857, 0.19047619047619047, 0.2857142857142857)",0.2857142857142857,0.19047619047619047,0.2857142857142857,"(0, 0)",0,0,-1.0809523809523809,"[1.0119047619047619, 0.9776190476190477, 1.0241190476190476, 1.0187619047619048, 0.9808095238095239, 1.0073095238095238, 1.029809523809524, 1.0273571428571429, 1.0136785714285717, 1.0055714285714283, 1.0605, 1.064345238095238]",1.5511890274055968
0,RKFRKRIFVGRAIKVLVGGFGFRLC,"{'A': 1, 'C': 1, 'D': 0, 'E': 0, 'F': 4, 'G': 4, 'H': 0, 'I': 2, 'K': 3, 'L': 2, 'M': 0, 'N': 0, 'P': 0, 'Q': 0, 'R': 5, 'S': 0, 'T': 0, 'V': 3, 'W': 0, 'Y': 0}","{'A': 0.04, 'C': 0.04, 'D': 0.0, 'E': 0.0, 'F': 0.16, 'G': 0.16, 'H': 0.0, 'I': 0.08, 'K': 0.12, 'L': 0.08, 'M': 0.0, 'N': 0.0, 'P': 0.0, 'Q': 0.0, 'R': 0.2, 'S': 0.0, 'T': 0.0, 'V': 0.12, 'W': 0.0, 'Y': 0.0}",2924.6053,0.16,13.991999999999999,12.18341064453125,"(0.44, 0.16, 0.12)",0.44,0.16,0.12,"(0, 0)",0,0,0.3560000000000001,"[0.9837023809523809, 0.9749166666666667, 0.975404761904762, 0.9783095238095237, 0.9905238095238095, 0.9731309523809525, 0.9770238095238094, 0.9732261904761905, 1.0160714285714287, 0.9531071428571428, 0.9795476190476189, 0.9730238095238095, 0.9955357142857143, 0.9798095238095237, 0.9555238095238097, 0.997797619047619]",7.525307130847887
0,FKQWDWDVFIDDWICILSNKK,"{'A': 0, 'C': 1, 'D': 4, 'E': 0, 'F': 2, 'G': 0, 'H': 0, 'I': 3, 'K': 3, 'L': 1, 'M': 0, 'N': 1, 'P': 0, 'Q': 1, 'R': 0, 'S': 1, 'T': 0, 'V': 1, 'W': 3, 'Y': 0}","{'A': 0.0, 'C': 0.047619047619047616, 'D': 0.19047619047619047, 'E': 0.0, 'F': 0.09523809523809523, 'G': 0.0, 'H': 0.0, 'I': 0.14285714285714285, 'K': 0.14285714285714285, 'L': 0.047619047619047616, 'M': 0.0, 'N': 0.047619047619047616, 'P': 0.0, 'Q': 0.047619047619047616, 'R': 0.0, 'S': 0.047619047619047616, 'T': 0.0, 'V': 0.047619047619047616, 'W': 0.14285714285714285, 'Y': 0.0}",2700.0725,0.23809523809523808,34.07142857142858,4.57757568359375,"(0.47619047619047616, 0.09523809523809523, 0.047619047619047616)",0.47619047619047616,0.09523809523809523,0.047619047619047616,"(16500, 16500)",16500,16500,-0.3142857142857142,"[0.9591547619047619, 1.0117380952380952, 0.9502142857142859, 0.9710595238095239, 0.9766428571428573, 0.9998214285714287, 0.9775595238095239, 0.9383214285714286, 0.9629166666666665, 0.9510595238095237, 0.959357142857143, 0.9638928571428573]",-1.4727813413652249
0,WRRLVRLRALRFKRK,"{'A': 1, 'C': 0, 'D': 0, 'E': 0, 'F': 1, 'G': 0, 'H': 0, 'I': 0, 'K': 2, 'L': 3, 'M': 0, 'N': 0, 'P': 0, 'Q': 0, 'R': 6, 'S': 0, 'T': 0, 'V': 1, 'W': 1, 'Y': 0}","{'A': 0.06666666666666667, 'C': 0.0, 'D': 0.0, 'E': 0.0, 'F': 0.06666666666666667, 'G': 0.0, 'H': 0.0, 'I': 0.0, 'K': 0.13333333333333333, 'L': 0.2, 'M': 0.0, 'N': 0.0, 'P': 0.0, 'Q': 0.0, 'R': 0.4, 'S': 0.0, 'T': 0.0, 'V': 0.06666666666666667, 'W': 0.06666666666666667, 'Y': 0.0}",2054.5395000000003,0.13333333333333333,84.91333333333333,12.70098876953125,"(0.4, 0.0, 0.26666666666666666)",0.4,0.0,0.26666666666666666,"(5500, 5500)",5500,5500,-1.0333333333333334,"[0.9819166666666668, 0.9567142857142857, 0.9838095238095238, 0.9654047619047619, 0.9671666666666668, 0.9949642857142857]",7.552290972832136
0,WDWDWISIDWICEEWEESDVKEASV,"{'A': 1, 'C': 1, 'D': 4, 'E': 5, 'F': 0, 'G': 0, 'H': 0, 'I': 3, 'K': 1, 'L': 0, 'M': 0, 'N': 0, 'P': 0, 'Q': 0, 'R': 0, 'S': 3, 'T': 0, 'V': 2, 'W': 5, 'Y': 0}","{'A': 0.04, 'C': 0.04, 'D': 0.16, 'E': 0.2, 'F': 0.0, 'G': 0.0, 'H': 0.0, 'I': 0.12, 'K': 0.04, 'L': 0.0, 'M': 0.0, 'N': 0.0, 'P': 0.0, 'Q': 0.0, 'R': 0.0, 'S': 0.12, 'T': 0.0, 'V': 0.08, 'W': 0.2, 'Y': 0.0}",3156.3441999999995,0.2,36.220000000000006,3.54400634765625,"(0.4, 0.12, 0.24000000000000002)",0.4,0.12,0.24000000000000002,"(27500, 27500)",27500,27500,-0.644,"[0.9776190476190477, 0.9967619047619048, 0.9497857142857145, 0.9951547619047618, 0.9383333333333332, 0.9781071428571428, 0.971345238095238, 1.0195833333333335, 1.0053333333333334, 0.9807738095238095, 1.0651428571428572, 1.0400000000000003, 1.0385119047619047, 1.050452380952381, 1.0169642857142858, 1.0755714285714286]",-8.46216635133143
0,WDWDVCLICF,"{'A': 0, 'C': 2, 'D': 2, 'E': 0, 'F': 1, 'G': 0, 'H': 0, 'I': 1, 'K': 0, 'L': 1, 'M': 0, 'N': 0, 'P': 0, 'Q': 0, 'R': 0, 'S': 0, 'T': 0, 'V': 1, 'W': 2, 'Y': 0}","{'A': 0.0, 'C': 0.2, 'D': 0.2, 'E': 0.0, 'F': 0.1, 'G': 0.0, 'H': 0.0, 'I': 0.1, 'K': 0.0, 'L': 0.1, 'M': 0.0, 'N': 0.0, 'P': 0.0, 'Q': 0.0, 'R': 0.0, 'S': 0.0, 'T': 0.0, 'V': 0.1, 'W': 0.2, 'Y': 0.0}",1299.5157000000002,0.30000000000000004,28.26,3.56365966796875,"(0.6, 0.0, 0.1)",0.6,0.0,0.1,"(11000, 11125)",11000,11125,1.15,[0.9494404761904762],-2.490660899223713
0,KRKLFKAGGRQRFLKCARQ,"{'A': 2, 'C': 1, 'D': 0, 'E': 0, 'F': 2, 'G': 2, 'H': 0, 'I': 0, 'K': 4, 'L': 2, 'M': 0, 'N': 0, 'P': 0, 'Q': 2, 'R': 4, 'S': 0, 'T': 0, 'V': 0, 'W': 0, 'Y': 0}","{'A': 0.10526315789473684, 'C': 0.05263157894736842, 'D': 0.0, 'E': 0.0, 'F': 0.10526315789473684, 'G': 0.10526315789473684, 'H': 0.0, 'I': 0.0, 'K': 0.21052631578947367, 'L': 0.10526315789473684, 'M': 0.0, 'N': 0.0, 'P': 0.0, 'Q': 0.10526315789473684, 'R': 0.21052631578947367, 'S': 0.0, 'T': 0.0, 'V': 0.0, 'W': 0.0, 'Y': 0.0}",2291.7698,0.10526315789473684,36.55263157894737,12.01702880859375,"(0.21052631578947367, 0.10526315789473684, 0.21052631578947367)",0.21052631578947367,0.10526315789473684,0.21052631578947367,"(0, 0)",0,0,-1.163157894736842,"[1.0449761904761905, 0.9891190476190476, 1.0219285714285715, 1.0146071428571428, 1.0111309523809524, 1.0155595238095236, 0.9988333333333334, 0.9776785714285714, 0.9888928571428572, 1.0143333333333335]",7.522826656413976
0,GAYTFKIRRK,"{'A': 1, 'C': 0, 'D': 0, 'E': 0, 'F': 1, 'G': 1, 'H': 0, 'I': 1, 'K': 2, 'L': 0, 'M': 0, 'N': 0, 'P': 0, 'Q': 0, 'R': 2, 'S': 0, 'T': 1, 'V': 0, 'W': 0, 'Y': 1}","{'A': 0.1, 'C': 0.0, 'D': 0.0, 'E': 0.0, 'F': 0.1, 'G': 0.1, 'H': 0.0, 'I': 0.1, 'K': 0.2, 'L': 0.0, 'M': 0.0, 'N': 0.0, 'P': 0.0, 'Q': 0.0, 'R': 0.2, 'S': 0.0, 'T': 0.1, 'V': 0.0, 'W': 0.0, 'Y': 0.1}",1239.469,0.2,38.120000000000005,11.09722900390625,"(0.30000000000000004, 0.1, 0.1)",0.30000000000000004,0.1,0.1,"(1490, 1490)",1490,1490,-1.01,[1.0187976190476191],3.5498858530983455
0,KWWDWCEVAG,"{'A': 1, 'C': 1, 'D': 1, 'E': 1, 'F': 0, 'G': 1, 'H': 0, 'I': 0, 'K': 1, 'L': 0, 'M': 0, 'N': 0, 'P': 0, 'Q': 0, 'R': 0, 'S': 0, 'T': 0, 'V': 1, 'W': 3, 'Y': 0}","{'A': 0.1, 'C': 0.1, 'D': 0.1, 'E': 0.1, 'F': 0.0, 'G': 0.1, 'H': 0.0, 'I': 0.0, 'K': 0.1, 'L': 0.0, 'M': 0.0, 'N': 0.0, 'P': 0.0, 'Q': 0.0, 'R': 0.0, 'S': 0.0, 'T': 0.0, 'V': 0.1, 'W': 0.3, 'Y': 0.0}",1279.4217999999998,0.3,9.0,4.37017822265625,"(0.4, 0.1, 0.2)",0.4,0.1,0.2,"(16500, 16500)",16500,16500,-0.55,[0.9681785714285714],-1.467988847555823
0,WDWDWICSL,"{'A': 0, 'C': 1, 'D': 2, 'E': 0, 'F': 0, 'G': 0, 'H': 0, 'I': 1, 'K': 0, 'L': 1, 'M': 0, 'N': 0, 'P': 0, 'Q': 0, 'R': 0, 'S': 1, 'T': 0, 'V': 0, 'W': 3, 'Y': 0}","{'A': 0.0, 'C': 0.1111111111111111, 'D': 0.2222222222222222, 'E': 0.0, 'F': 0.0, 'G': 0.0, 'H': 0.0, 'I': 0.1111111111111111, 'K': 0.0, 'L': 0.1111111111111111, 'M': 0.0, 'N': 0.0, 'P': 0.0, 'Q': 0.0, 'R': 0.0, 'S': 0.1111111111111111, 'T': 0.0, 'V': 0.0, 'W': 0.3333333333333333, 'Y': 0.0}",1223.3552,0.3333333333333333,8.88888888888889,3.56365966796875,"(0.5555555555555556, 0.1111111111111111, 0.1111111111111111)",0.5555555555555556,0.1111111111111111,0.1111111111111111,"(16500, 16500)",16500,16500,0.033333333333333215,[],-2.466157531673377
0,KRKLFKAGGRQRFLKCARQ,"{'A': 2, 'C': 1, 'D': 0, 'E': 0, 'F': 2, 'G': 2, 'H': 0, 'I': 0, 'K': 4, 'L': 2, 'M': 0, 'N': 0, 'P': 0, 'Q': 2, 'R': 4, 'S': 0, 'T': 0, 'V': 0, 'W': 0, 'Y': 0}","{'A': 0.10526315789473684, 'C': 0.05263157894736842, 'D': 0.0, 'E': 0.0, 'F': 0.10526315789473684, 'G': 0.10526315789473684, 'H': 0.0, 'I': 0.0, 'K': 0.21052631578947367, 'L': 0.10526315789473684, 'M': 0.0, 'N': 0.0, 'P': 0.0, 'Q': 0.10526315789473684, 'R': 0.21052631578947367, 'S': 0.0, 'T': 0.0, 'V': 0.0, 'W': 0.0, 'Y': 0.0}",2291.7698,0.10526315789473684,36.55263157894737,12.01702880859375,"(0.21052631578947367, 0.10526315789473684, 0.21052631578947367)",0.21052631578947367,0.10526315789473684,0.21052631578947367,"(0, 0)",0,0,-1.163157894736842,"[1.0449761904761905, 0.9891190476190476, 1.0219285714285715, 1.0146071428571428, 1.0111309523809524, 1.0155595238095236, 0.9988333333333334, 0.9776785714285714, 0.9888928571428572, 1.0143333333333335]",7.522826656413976
0,FKRAKKWVFR,"{'A': 1, 'C': 0, 'D': 0, 'E': 0, 'F': 2, 'G': 0, 'H': 0, 'I': 0, 'K': 3, 'L': 0, 'M': 0, 'N': 0, 'P': 0, 'Q': 0, 'R': 2, 'S': 0, 'T': 0, 'V': 1, 'W': 1, 'Y': 0}","{'A': 0.1, 'C': 0.0, 'D': 0.0, 'E': 0.0, 'F': 0.2, 'G': 0.0, 'H': 0.0, 'I': 0.0, 'K': 0.3, 'L': 0.0, 'M': 0.0, 'N': 0.0, 'P': 0.0, 'Q': 0.0, 'R': 0.2, 'S': 0.0, 'T': 0.0, 'V': 0.1, 'W': 0.1, 'Y': 0.0}",1365.6700000000003,0.30000000000000004,18.08,12.02447509765625,"(0.4, 0.0, 0.1)",0.4,0.0,0.1,"(5500, 5500)",5500,5500,-1.0,[1.0169166666666667],4.5498858530983455
