Sequences,M wt (Da),Number of Amnio Acids,Charged (DEKHR),Aliphatic (ILV),Aromatic (FHWY),Polar (DERKQN),Neutral (AGHPSTY),Hydrophobic (CFILMVW),+ charged (KRH),- charged (DE),Tiny (ACDGST),Small (EHILKMNPQV),Large (FRWY)
YNISILEKALSIKLGEKELTTRLL,2743,24,29.17,37.5,4.17,33.33,29.17,37.5,16.67,12.5,25,66.67,8.33
SLRLTDWVDWLSSN,1690,14,21.43,28.57,14.29,28.57,28.57,42.86,7.14,14.29,42.86,35.71,21.43
SLIRKLLLESSDLK,1613,14,35.71,42.86,0,35.71,21.43,42.86,21.43,14.29,28.57,64.29,7.14
FAKKKKKAFKKFKKKRAFKFR,2686,21,61.91,0,23.81,61.91,14.29,23.81,61.91,0,14.29,52.38,33.33
QYSTLGCGAIGGGARPGR,1719,18,11.11,11.11,5.56,16.67,66.67,16.67,11.11,0,61.11,22.22,16.67
CFKPSLLLGDRLSSNAQKLS,2175,20,20,25,5,30,35,35,15,5,40,50,10
ALGLSVNAKSLEELSLDKS,1972,19,26.31,31.58,0,31.58,36.84,31.58,10.53,15.79,42.1,57.89,0
SLEKESELEELDALKSNLQLE,2415,21,42.86,28.57,0,52.38,19.05,28.57,9.52,33.33,23.81,76.19,0
KKKKAALKKKKKKKLLLRDVKLLEDAVLTS,3459,30,53.33,30,0,53.33,16.67,30,43.33,10,23.33,73.33,3.33
DWICWRPVSDILRLSLRR,2282,18,33.33,33.33,11.11,33.33,16.67,50,22.22,11.11,27.78,38.89,33.33
ALLEKSKK,915,8,50,25,0,50,25,25,37.5,12.5,25,75,0
RRLRRFFVFRR,1607,11,54.55,18.18,27.27,54.55,0,45.45,54.55,0,0,18.18,81.82
NGSILLRGKGVSVGAPAVSTWHWF,2537,24,12.5,25,16.67,12.5,50,37.5,12.5,0,41.67,41.67,16.67
GSLRIRLRCRVRLRLRRRRRRCR,3060,23,56.52,26.09,0,56.52,8.7,34.78,56.52,0,17.39,26.09,56.52
RKFRKLRRRACRFIRRFR,2519,18,61.11,11.11,16.67,61.11,5.56,33.34,61.11,0,11.11,22.22,66.67
DSLLDVGISLSLELLDVKK,2055,19,31.58,47.37,0,31.58,21.05,47.37,10.53,21.05,36.84,63.16,0
WDWDWISIDWICEEWEESDVKEASV,3153,25,40,20,20,40,16,44,4,36,36,44,20
LLDFKLSDAK,1148,10,40,30,10,40,20,40,20,20,40,50,10
RKGGVPPAIGAKLSPEKR,1859,18,33.33,16.67,0,33.33,50,16.67,27.78,5.56,33.33,55.56,11.11
DSLCFIWDWDWLSV,1783,14,21.43,28.57,28.57,21.43,14.29,64.29,0,21.43,42.86,28.57,28.57
ERKQIAIGESIGGTTHLAFGGSPA,2395,24,20.83,16.67,8.33,20.83,58.33,20.83,12.5,8.33,50,41.67,8.33
RNAVLGGGIGAIIGFIITGGALGRAR,2478,26,11.54,30.77,3.85,15.38,50,34.62,11.54,0,50,34.62,15.38
GSVLGGAIRRLLGAFGGFK,1874,19,15.79,26.31,10.53,15.79,47.37,36.84,15.79,0,47.37,31.58,21.05
FWDVSLGRGRLLGRRL,1899,16,31.25,31.25,12.5,31.25,25,43.75,25,6.25,31.25,31.25,37.5
FKKFAKKKKWKRLKKKAR,2345,18,66.67,5.56,16.67,66.67,11.11,22.22,66.67,0,11.11,61.11,27.78
RLRTWTRRCKLRLRRVHGGFLWGECRRK,3593,28,46.43,17.86,14.29,42.86,21.43,35.71,42.86,3.57,25,32.14,42.86
RDWSVDCIIWWDWVCGK,2165,17,29.41,23.53,23.53,29.41,11.76,58.82,11.76,17.65,41.18,29.41,29.41
GFSGVFFTGAIGGSGGARAF,1861,20,5,10,20,5,65,30,5,0,65,10,25
SWDWCELLLEFGWSLGNAGANALNKTAL,3077,28,14.28,21.43,14.29,25,35.71,39.28,3.57,10.71,42.86,42.86,14.29
SILEQEAIEALSELSDLELRDVNISK,2912,26,34.62,34.62,0,42.31,23.08,34.62,7.69,26.92,30.77,65.38,3.85
RLRLRIRVRRRRRGRRRRHFTSTPRPGRRS,3920,30,56.67,13.33,6.67,53.33,30,16.67,56.67,0,20,23.33,56.67
SISLDVDSLSTNKLL,1603,15,20,40,0,26.67,33.33,40,6.67,13.33,46.67,53.34,0
RRAKFVLRGKISLRLRALRSVSSF,2814,24,33.33,29.17,8.33,33.33,29.17,37.5,33.33,0,29.17,37.5,33.33
KSLVLLDIKWKISKLLEESSIDRRLNGR,3307,28,39.29,35.71,3.57,42.86,17.86,39.28,25,14.29,25,60.71,14.29
PSISRLDWLGDVDSIISWIDKVKS,2727,24,29.17,33.33,8.33,29.17,29.17,41.67,12.5,16.67,41.67,45.83,12.5
FRKVVAITFFTFVTSA,1832,16,12.5,25,25,12.5,37.5,50,12.5,0,37.5,31.25,31.25
FAILRKRKKFAVGAYRPVR,2274,19,36.84,21.05,15.79,36.84,31.58,31.58,36.84,0,21.05,42.1,36.84
RTQRRRRRPTRVTGR,1950,15,53.33,6.67,0,60,33.33,6.67,53.33,0,26.67,20,53.33
VSLVKAALKE,1056,10,30,40,0,30,30,40,20,10,30,70,0
AICWFNWIGRGRGGRLDIQCFGAGGGGSF,3056,29,13.79,13.79,17.24,20.69,41.38,37.93,10.35,3.45,51.72,20.69,27.59
FAINIWHWDWICIWVFDHLEL,2754,21,23.81,33.33,38.1,19.05,14.29,66.67,9.52,14.29,19.05,52.38,28.57
RGILFDVLTARLGRLSLYSRTCPDA,2791,25,24,28,8,24,40,36,16,8,44,32,24
GSLTHQVVLGTAAIKIDIQSKSSNDKKE,2965,28,28.57,25,3.57,35.71,39.29,25,17.86,10.71,42.86,57.14,0
ALRKWDVWLDWDWWCVLDFF,2697,20,30,25,35,30,5,65,10,20,30,30,40
HALVGTLGFVSLGGPAIPSV,1890,20,5,35,10,0,60,40,5,0,45,50,5
DSIEWILKKAAAELSKEVSRNQ,2513,22,36.36,22.73,4.54,45.45,27.27,27.27,18.18,18.18,31.82,59.09,9.09
VTTQQICMFAKVSVLGGLQELLDFK,2766,25,16,32,8,28,24,48,8,8,32,60,8
LRPISISISSILSESIRKRKQ,2409,21,28.57,33.33,0,33.33,33.33,33.33,23.81,4.76,28.57,57.14,14.29
SVLLEEAKERLRR,1597,13,53.85,30.77,0,53.85,15.38,30.77,30.77,23.08,15.38,61.54,23.08
ALKAKLKKDKEEDVKGKLNSDWK,2669,23,56.52,17.39,4.35,60.87,17.39,21.74,34.78,21.74,30.43,65.22,4.35
DLEELDWGIWGRRNWS,2030,16,37.5,18.75,18.75,43.75,18.75,37.5,12.5,25,31.25,37.5,31.25
RRRRVCRPTT,1299,10,50,10,0,50,30,20,50,0,30,20,50
YESLSLDFKLLLESIDVKS,2197,19,31.58,36.84,10.53,31.58,26.32,42.1,10.53,21.05,31.58,57.89,10.53
CRWRRRDVSQVRVKYYCT,2372,18,38.89,16.67,16.67,44.45,22.22,33.33,33.33,5.56,27.78,27.78,44.44
FRLRRARKKRKRKGR,2010,15,73.33,6.67,6.67,73.33,13.33,13.33,73.33,0,13.33,33.33,53.33
ADLCEVRDWISGLSD,1677,15,33.33,26.67,6.67,33.33,26.67,40,6.67,26.67,53.33,33.33,13.33
RRRVKLRRAILRAVRARFRRA,2674,21,52.38,23.81,4.76,52.38,19.05,28.57,52.38,0,19.05,28.57,52.38
AIWDWDWLIWWGWLSVGF,2334,18,11.11,27.78,38.89,11.11,22.22,66.67,0,11.11,33.33,27.78,38.89
QVSSITTGVAVTGFG,1422,15,0,26.67,6.67,6.67,60,33.33,0,0,60,33.33,6.67
KALRKRKKAIARAFRRRLRFFFRRFRKKK,3832,29,58.62,10.35,17.24,58.62,13.79,27.59,58.62,0,13.79,34.48,51.72
SWLDWICWRGWVDSISVDLSLVST,2821,24,16.67,33.33,16.67,16.67,29.17,54.17,4.17,12.5,45.83,33.33,20.83
DSIIWDIWWSVCPWVRSDAILDKVSL,3100,26,23.08,34.61,15.38,23.08,23.08,53.85,7.69,15.38,38.46,42.31,19.23
LRKFPSIAILGGAVLEEKVLTTK,2481,23,26.09,34.78,4.35,26.09,34.78,39.13,17.39,8.7,30.44,60.87,8.7
ADWDSLLSDVGLSDLGNKVKS,2217,21,28.57,28.57,4.76,33.33,33.33,33.33,9.52,19.05,52.38,42.86,4.76
SDSIELQAISTNASNAKL,1860,18,16.67,22.22,0,33.34,44.45,22.22,5.56,11.11,50,50,0
RWGICGRCGRFLALGAKGA,1990,19,21.05,15.79,10.53,21.05,42.1,36.84,21.05,0,52.63,21.05,26.31
GSLIGGPWICVRLIRLGGPRRAIPRCRY,3133,28,21.43,28.57,7.14,21.43,39.28,39.28,21.43,0,32.14,39.29,28.57
KKAKLKKKKKLKVKKLKKIFKKKKKL,3204,26,69.23,23.08,3.85,69.23,3.85,26.92,69.23,0,3.85,92.31,3.85
WDWDWICWIGWPW,1847,13,15.38,15.38,46.15,15.38,15.38,69.23,0,15.38,30.77,23.08,46.15
AVLFKAILKKKKKKALDKL,2181,19,47.37,31.58,5.26,47.37,15.79,36.84,42.1,5.26,21.05,73.68,5.26
AKAKVAKKKAKK,1297,12,58.33,8.33,0,58.33,33.33,8.33,58.33,0,33.33,66.67,0
KAKWDMKFLKKM,1552,12,50,8.33,16.67,50,8.33,41.67,41.67,8.33,16.67,66.67,16.67
GKFLGAVGAKIHQEVLTAF,1984,19,21.05,26.31,15.79,21.05,42.1,36.84,15.79,5.26,36.84,52.63,10.53
RRLLRVRRRMRRRFRFRRRCRFGRA,3486,25,60,12,12,60,8,32,60,0,12,16,72
FKLAKKAKVKKAVAAKKAA,1997,19,42.1,15.79,5.26,42.1,36.84,21.05,42.1,0,36.84,57.89,5.26
SLRDWICEVLGKIRKVKL,2154,18,38.89,38.89,5.56,38.89,11.11,50,27.78,11.11,22.22,61.11,16.67
NWDWRDWYYSMLVWRVSLVLDSK,3015,23,26.09,26.09,26.09,30.43,21.74,47.82,13.04,13.04,26.09,39.13,34.78
SLRDWICILFKEL,1634,13,30.77,38.46,15.38,30.77,7.69,61.54,15.38,15.38,23.08,53.85,23.08
FKKKVAKLAVKAAKKAKKKVK,2338,21,52.38,19.05,4.76,52.38,23.81,23.81,52.38,0,23.81,71.43,4.76
FLGSIISTHFFTR,1524,13,15.38,23.08,30.77,7.69,46.15,46.15,15.38,0,38.46,30.77,30.77
LRWDWWDWVDDWIWWCP,2461,17,29.41,17.65,41.18,29.41,5.88,64.7,5.88,23.53,29.41,23.53,47.06
AWLFFKKFAKVKKAFRRARRKRKFR,3267,25,52,8,24,52,16,32,52,0,16,36,48
ALRDIQWIGIWISLVFFS,2162,18,11.11,38.89,22.22,16.67,22.22,61.11,5.56,5.56,27.78,44.45,27.78
GAWLESWRILTCIWSFLDLT,2408,20,15,30,20,15,30,55,5,10,40,35,25
AAILSLIKSINKISQELETSLLNKRLGKS,3165,29,24.14,34.48,0,34.48,31.03,34.48,17.24,6.9,31.03,65.52,3.45
RRAKRAKIAIKCCFIGGTTSQPMRRA,2917,26,30.77,11.54,3.85,34.62,38.46,26.92,30.77,0,42.31,34.61,23.08
TLRRAIRDLLGRARLLGRGPTQ,2487,22,31.82,27.27,0,36.36,36.36,27.27,27.27,4.54,36.36,36.36,27.27
KAIFKVLGGAYPPGAIRVWGRLA,2438,23,17.39,26.09,13.04,17.39,47.83,34.78,17.39,0,34.78,43.48,21.74
KKAKKKKALKKNKKLKKKAKK,2491,21,71.43,9.52,0,76.19,14.29,9.52,71.43,0,14.29,85.72,0
DWDWDWWIIWSDWWICKRLRR,3018,21,38.1,19.05,33.33,38.1,4.76,57.14,19.05,19.05,28.57,23.81,47.62
LRDWICWIERLLSRKQ,2113,16,37.5,31.25,12.5,43.75,6.25,50,25,12.5,18.75,50,31.25
KAFKKAKKRARLFKKFAFFFF,2652,21,42.86,4.76,33.33,42.86,19.05,38.09,42.86,0,19.05,38.09,42.86
GSVLTGPLAIVLGFK,1470,15,6.67,40,6.67,6.67,46.67,46.67,6.67,0,40,53.33,6.67
FSLDFLDLDDWDWICVFLST,2448,20,25,30,25,25,15,60,0,25,45,30,25
KILLTTWLWRDWLTLFKSNVLLDFK,3147,25,24,36,20,28,16,56,16,8,24,52,24
RLRKRILRCIRRRARRAR,2403,18,61.11,22.22,0,61.11,11.11,27.78,61.11,0,16.67,27.78,55.56
QQWRTGRIRISFGPRLRRCRR,2696,21,38.09,14.29,9.52,47.62,23.81,28.57,38.09,0,23.81,28.57,47.62
HLSLDVCDWVTDSLSDFLSHS,2374,21,28.57,28.57,19.05,19.05,38.1,42.86,9.52,19.05,52.38,38.1,9.52
EADSLSLEEEAVKRK,1702,15,53.33,20,0,53.33,26.67,20,20,33.33,33.33,60,6.67
DSLEERLDSIRKLE,1701,14,57.14,28.57,0,57.14,14.29,28.57,21.43,35.71,28.57,57.14,14.29
RKKKLAALEKALEKAKALNQKLKESLSDLK,3390,30,46.67,23.33,0,53.33,23.33,23.33,33.33,13.33,26.67,70,3.33